Inverse Dynamics Generalized Forces
version=1
nRows=874
nColumns=24
inDegrees=no
endheader
time	pelvis_tilt_moment	pelvis_list_moment	pelvis_rotation_moment	pelvis_tx_force	pelvis_ty_force	pelvis_tz_force	hip_flexion_r_moment	hip_adduction_r_moment	hip_rotation_r_moment	hip_flexion_l_moment	hip_adduction_l_moment	hip_rotation_l_moment	lumbar_extension_moment	lumbar_bending_moment	lumbar_rotation_moment	knee_angle_r_moment	knee_angle_l_moment	ankle_angle_r_moment	ankle_angle_l_moment	subtalar_angle_r_moment	subtalar_angle_l_moment	mtp_angle_r_moment	mtp_angle_l_moment
     -0.00166667	      6.98188847	    -33.26266474	     -9.76775918	      5.69101283	    649.28023193	    -40.50783317	      5.77786262	     -3.12792639	     -1.01045526	     20.80482588	     -2.82022068	     -3.44354231	     32.41723534	    -26.20643948	     -3.19088536	     -4.94725299	      8.82231023	      0.33880130	      5.82345850	      0.02732698	     -3.38402715	      0.02238987	     -0.09631992
      0.00666667	      1.99418846	    -31.62220663	    -10.47726053	      9.64545429	    643.55766322	    -40.99920589	      5.75123117	     -2.52024255	     -0.96106213	     15.69641043	     -2.33268938	     -2.66888527	     31.79832056	    -25.42266129	     -3.40917197	     -4.92852829	      3.63504156	      0.34791615	      0.00369362	      0.03218932	     -0.04906167	      0.02295363	     -0.09770267
      0.01500000	      0.37398707	    -27.78925640	     -9.77265369	     23.19078953	    637.72396931	    -41.63097842	      5.33046110	     -1.23430082	     -0.49253948	     16.49736057	     -3.05682614	     -2.87660731	     28.73919234	    -23.87589793	     -4.18278746	     -4.74581635	      3.60770927	      0.37865289	      0.02095415	      0.02842992	     -0.04420892	      0.02459500	     -0.10174817
      0.02333333	      1.98456964	    -31.72193451	     -9.23645837	     21.30903166	    634.98292775	    -35.85221477	      5.45544044	     -2.43387707	     -0.45311916	     19.06809620	     -3.33544287	     -2.77345434	     28.09280808	    -25.64513283	     -3.77129206	     -4.71823340	      6.19575145	      0.35885310	      2.82790223	      0.00830801	     -1.67158347	      0.02302418	     -0.09604628
      0.03166667	      4.70645879	    -30.41169099	     -9.69236293	      8.56733218	    632.71201889	    -38.15845497	      5.84915958	     -1.05832038	     -0.87968883	     16.96287169	     -1.56156808	     -3.25328960	     31.19483612	    -23.92520219	     -3.66986920	     -5.27397090	      3.48612403	      0.38118258	      0.02349394	      0.04207517	     -0.05057271	      0.02576533	     -0.10077971
      0.04000000	     -0.28820719	    -28.87089261	     -9.59053584	     16.82183774	    646.86749695	    -42.71049901	      4.10510961	     -2.06182796	     -0.26525072	     15.67673856	     -4.53427435	     -2.18460747	     30.97659080	    -25.93883141	     -3.91158479	     -4.19729925	      3.48440794	      0.35742244	      0.00378695	      0.00469153	     -0.03309124	      0.02175612	     -0.09624977
      0.04833333	      2.67658837	    -28.05527488	     -9.09362758	     13.15070298	    620.09266623	    -29.26919743	      5.72306263	     -2.01418987	     -0.67413763	     16.23485560	     -1.82282459	     -2.90349810	     29.07822560	    -21.26712195	     -3.20763034	     -5.33123154	      2.94821198	      0.38681190	      0.01766829	      0.02837640	     -0.05086187	      0.02605984	     -0.09279731
      0.05666667	      2.05338581	    -30.15631640	     -9.30873815	      8.06276612	    636.81823634	    -43.04810948	      4.98229376	     -1.97198726	     -0.55814517	     15.80705965	     -4.38212071	     -2.44962802	     30.98907458	    -25.59614927	     -4.56229055	     -4.68430059	      3.12482991	      0.35182252	      0.04665989	      0.01808080	     -0.04650181	      0.02247282	     -0.10090805
      0.06500000	     -5.95803927	    -32.22205584	     -9.09975992	     16.45045802	    625.41893464	    -35.40888514	      5.06925677	     -2.68089664	     -0.52527439	     14.60702378	     -2.14200803	     -2.29380861	     24.62356982	    -25.75057457	     -2.88292078	     -5.01994717	      2.35509248	      0.40193997	     -0.00346982	      0.01272905	     -0.04436580	      0.02581986	     -0.08295336
      0.07333333	      5.44615649	    -28.27704873	     -9.71030859	     -3.63360474	    645.24670209	    -41.35959203	      4.08675744	     -0.04392889	     -0.74616958	     14.66578509	     -3.39601351	     -2.43212023	     36.27727408	    -24.78539395	     -5.11693154	     -5.06793940	      2.56501152	      0.30766938	      0.10327639	      0.03770523	     -0.05926483	      0.02115430	     -0.10184650
      0.08166667	     -3.91498783	    -29.27603089	     -8.18665461	      6.61860541	    622.68602243	    -36.10748685	      4.98161978	     -2.96494050	     -0.25374559	     13.03942260	     -3.60053819	     -1.83509505	     27.18119628	    -23.76302013	     -3.25225698	     -4.92975254	      1.82165050	      0.40794331	      0.00805327	      0.00552469	     -0.04259547	      0.02586785	     -0.08121817
      0.09000000	     -0.84323253	    -20.73087907	     -8.34218546	      4.32977766	    640.44734519	    -34.47134590	      5.25389503	     -1.25146573	     -0.95418933	     12.26411540	     -2.60065951	     -1.94079436	     30.89861262	    -17.45998886	     -2.99740815	     -5.19447352	      1.35448554	      0.33621104	      0.13093904	      0.02263622	     -0.05045985	      0.02235905	     -0.09076803
      0.09833333	     -7.97234669	    -36.73429949	     -9.94172567	     -3.53972477	    625.09262150	    -57.19200840	      3.56619960	     -1.58665717	      0.10231492	     11.46348398	     -4.06745460	     -1.27985136	     27.36401120	    -32.43728418	     -5.49839567	     -4.85294452	      1.11987293	      0.40351968	      0.02522943	      0.01128506	     -0.02606513	      0.02571816	     -0.07758861
      0.10666667	     -1.17203464	    -22.23439143	     -6.47622591	      3.69518969	    631.74168809	    -25.99572793	      5.26879272	     -1.36040818	     -0.79982790	     10.31418614	     -2.88227728	     -1.76530478	     31.45469321	    -18.37508865	     -2.46242349	     -5.13466973	      0.14371849	      0.35477459	      0.09814190	      0.01588970	     -0.13218926	      0.02333796	     -0.07796859
      0.11500000	     -8.50610481	    -26.62910758	     -8.71084029	     -7.80633709	    632.31225133	    -51.72417464	      3.90117401	     -1.53100630	     -0.07315584	      8.73484495	     -4.24958576	     -0.33502400	     28.78212175	    -24.48576944	     -4.22004454	     -5.04475425	      0.27973586	      0.38048920	      0.08298407	      0.00586531	     -0.01291644	      0.02446040	     -0.07150689
      0.12333333	     -3.12858982	    -28.75947796	     -8.23316260	     -2.68244574	    631.20406292	    -34.79119976	      4.70488396	     -1.18760899	     -0.80100816	     10.94554603	     -1.35403677	     -2.17439049	     30.46954584	    -23.27800318	     -3.67778765	     -5.17882937	      0.88589514	      0.36618875	      2.18899426	      0.02942338	     -1.40053320	      0.02414938	     -0.07430657
      0.13166667	     -3.19671955	    -18.75958098	     -6.17118648	     -5.98165537	    634.86270341	    -53.15862870	      3.77994780	     -1.69742969	      0.09038071	     13.22426388	     -8.93615877	      0.45489424	     28.97837467	    -21.09064126	     -4.20265369	     -4.98090848	      6.24921063	      0.38294399	      6.20722036	     -0.00212007	     -3.77852097	      0.02432955	     -0.06093378
      0.14000000	     -9.20096393	    -37.78953094	    -10.18622235	     -3.00388677	    634.16459207	    -19.90144448	      4.95332600	     -1.58572120	     -1.10709357	      7.56022125	      7.10913548	     -4.70682394	     29.16386153	    -23.57414769	     -2.92481647	     -5.29370769	     -3.61087313	      0.35391173	      0.25462634	      0.03210791	     -0.22528728	      0.02339470	     -0.08077931
      0.14833333	    -11.53136087	     -3.70075767	     -3.09278480	     -6.92736775	    625.21399529	    -99.27080508	      3.86476703	     -1.31025151	      0.03400754	      3.14016020	    -26.09270667	      9.95489531	     28.17208486	    -25.54239857	     -4.90728659	     -4.82792024	      5.70531294	      0.41337511	      1.82189389	     -0.00210082	     -0.96026124	      0.02565639	     -0.02255737
      0.15666667	    -10.67274279	    -76.88595864	    -22.67235169	     -1.72356603	    668.39297670	     68.12220530	      4.63636839	     -1.71965381	     -0.78350671	     13.28131277	     51.07144203	    -22.13614902	     29.97740460	    -17.69909637	     -2.92162524	     -5.53474464	    -13.85891233	      0.32493365	      0.78059077	      0.02701705	     -0.80223691	      0.02186574	     -0.14967038
      0.16500000	     -9.46106541	     95.25606518	     28.06401821	    -10.23478158	    568.60059687	   -302.85982532	      4.63239944	     -1.65857750	     -0.60999509	     -8.25487137	   -129.27213466	     48.40620894	     24.86798145	    -31.12601876	     -5.63465117	     -4.87975330	     35.44428209	      0.39614137	      7.72169062	      0.01215522	     -4.63707854	      0.02491291	      0.12754685
      0.17333333	    -17.56201257	   -314.82108120	   -102.55138488	      0.68226471	    835.03243539	    528.33901805	      2.96523533	      0.46647331	     -0.18967666	     50.19199972	    299.55780489	   -106.56542729	     31.70770914	    -11.02136517	     -1.16628601	     -5.73990644	    -68.78497586	      0.35253497	      3.46631228	      0.02510515	     -3.61719476	      0.02290395	     -0.45381651
      0.18166667	      1.77029357	    649.40951060	    216.16740128	    -33.48095735	    251.08407333	  -1343.10475853	      6.53936565	     -6.09305469	     -0.82182642	   -100.36117499	   -691.11333586	    229.78745381	     28.80237010	    -31.83342050	     -7.10581767	     -3.92820984	    155.18749130	      0.38505616	     -7.45013415	     -0.00187786	      7.74123101	      0.02343430	      0.68744266
      0.19000000	    -51.89144630	  -1618.15485504	   -576.21406805	     81.45010549	   1695.27577797	   2947.61335022	     -0.39075648	      9.28067697	     -1.07861787	    275.99187371	   1643.21420500	   -505.69743814	     20.02110002	    -14.04910575	     -1.73657613	     -8.09333609	   -365.99817931	      0.37189431	     18.28961035	      0.06796094	    -18.61373273	      0.02505087	     -2.09238185
      0.19833333	    390.99773797	   3395.65430871	   1261.93208987	    235.27164351	   -864.39726355	  -6401.72624718	     15.25637707	    -23.96407148	      0.19326511	   -217.06039196	  -3549.23794297	    956.27416727	     42.86050894	    -40.55766942	     -6.81941656	      1.17115064	    906.29178026	      0.37867625	    -40.63877028	     -0.05823040	     36.61130672	      0.02049577	      1.29026457
      0.20666667	    361.09046542	  -9636.58429082	  -3732.13418473	    941.20459537	   8609.27087991	  18293.24156993	    -28.16397216	     60.14263165	     -4.60330543	   2443.54323684	  10275.10908581	  -2682.10620746	     11.81769864	     30.96471012	     -0.73163755	    -22.63689663	  -2032.46577969	      0.42173162	    113.19219114	      0.28925724	   -118.96568347	      0.03535798	    -17.62293393
      0.21500000	  13170.97805444	  24346.20408949	  10193.06690928	  13795.50536825	   4660.31647625	 -43475.96114455	    149.78626006	   -197.56886932	     -0.97035405	   9171.95471276	 -25737.77268620	   4344.14614042	    144.21374986	   -166.95610781	    -30.24274979	     55.49412017	  10383.65489471	     -0.27720860	   -373.36023465	     -0.30080570	    192.61189465	     -0.02783281	    -66.83696070
      0.22333333	  16406.07605415	  19996.45085326	   6002.54628032	  29591.78359499	  15118.50269548	 -23848.97305283	   -154.85462332	    130.17885943	     23.37675867	  13926.62474244	 -20237.02649274	  -9293.34611562	   -225.37680996	      4.41005646	     37.58185502	    -51.34414224	  -8379.22430777	      1.44922924	    270.18786311	     -0.70570798	    208.44187450	      0.06840278	    -37.71497922
      0.23166667	 -10150.00980009	  -2608.36630110	   -737.13173589	 -16863.15816145	   2406.52040909	   2882.40786490	     45.48362526	    -28.30978332	    -10.36348583	  -9123.55644125	   3598.39077909	   4073.49026718	    117.85698837	     -3.78729700	    -15.49035739	      4.17404089	    838.52605044	     -0.01149632	    -12.44735045	      0.39017468	    -79.76778471	      0.01193443	     29.61301404
      0.24000000	   2479.16843103	   1461.79526947	    488.07278013	   4368.86074588	    893.08142389	  -1797.85217697	    -12.89221840	      7.09875628	      2.74712617	   2181.82391974	  -1691.26202359	  -1151.95717766	     -4.94647883	    -21.17821663	      0.63309996	     -8.52060038	   -527.10348419	      0.57769148	     13.98106725	     -0.10626919	     25.84549723	      0.03054406	     -6.16206466
      0.24833333	  -1241.87495331	   -606.61085037	   -223.11919545	  -2060.36053008	    669.67133375	    686.16027958	     11.67608970	     -5.10491903	     -1.25622682	  -1076.23648054	    700.45020530	    536.95134925	     43.48910977	    -18.28824731	     -5.36327304	     -4.42810854	    178.34487419	      0.19725614	     -3.16263758	      0.02855625	    -13.93087306	      0.01664153	      3.06699454
      0.25666667	    409.42340764	    270.94249197	     94.10349594	    802.03943809	    653.71085281	   -404.75392183	     -0.49044162	     -2.08351293	      0.62588566	    369.31900642	   -331.72374711	   -198.30627777	     20.00593932	    -20.18510723	     -2.11427243	     -5.17297683	    -82.90971731	      0.51975832	      1.83833716	     -0.01410127	      5.00246794	      0.02941428	     -0.81526544
      0.26500000	   -209.95130003	   -117.71198895	    -55.65135327	   -289.83905686	    648.56216443	     89.09689786	      4.54135717	     -3.49080780	     -0.20963811	   -164.98435318	    116.92547458	     89.76542392	     30.46222195	    -18.47942702	     -3.30256130	     -5.53192461	     33.11997096	      0.31450765	     -0.86932332	      0.01846895	     -2.47056406	      0.02135139	      0.41941791
      0.27333333	     33.16463062	     51.22714049	     12.55231233	    164.92881040	    668.45107263	   -140.25668696	      3.11090474	     -1.61383472	     -0.13079028	     46.07067350	    -75.47185011	    -28.38228824	     22.87516950	    -19.21694866	     -3.66192994	     -5.20340619	    -14.95153807	      0.38698294	      0.40792347	     -0.03179725	      0.73458518	      0.02299575	     -0.05255632
      0.28166667	    -64.30665506	    -19.81414932	    -17.59275282	    -20.83675724	    662.24628567	    -52.14867501	      3.46326471	     -2.35835074	      0.01949445	    -37.35102083	      6.95884546	     19.81596737	     26.15381915	    -18.65789942	     -3.21968850	     -5.02742218	      5.55197233	      0.40933759	     -0.05364709	     -0.01852638	     -0.65494853	      0.02444679	      0.08012299
      0.29000000	    -30.22641986	     12.35658101	     -3.53972274	     43.35885148	    663.20855598	    -93.36349245	      2.47709098	     -2.35967823	     -0.03723077	     -7.62453928	    -29.94930261	      0.64168132	     24.44546195	    -19.17454981	     -2.65767431	     -5.17543410	     -3.95412713	      0.40271561	      0.19713059	     -0.00826496	     -0.09431866	      0.02413171	      0.03608175
      0.29833333	    -36.68012607	      0.74500137	     -8.31394877	     15.41200736	    688.38702762	    -82.16493774	      4.07811707	     -0.08589183	      0.30040909	    -11.95194792	    -11.68740190	      6.74982820	     25.03202009	    -15.25010095	     -4.65236586	     -5.57658404	      6.09052502	      0.35629631	      4.66075637	     -0.05937551	     -4.31568921	      0.02171876	     -0.00392950
      0.30666667	    -39.22072319	      5.08735024	     -4.78379957	     12.39899153	    665.21380902	    -86.12978186	      1.25350158	     -3.79496275	     -0.21329736	    -12.71202800	    -23.35381759	      3.46093435	     24.66799493	    -20.18845812	     -1.32518813	     -5.18635002	      1.06806922	      0.43698124	      4.38107036	      0.02059811	     -4.04051994	      0.02589274	      0.11687463
      0.31500000	    -36.48658848	      8.16948517	     -6.35789608	      9.94027865	    671.89808997	    -94.49455621	      3.43002726	     -1.02739362	      0.30147006	    -15.58168993	    -19.25168728	      6.80740921	     26.95588651	    -15.26158066	     -2.77030128	     -5.69016955	      0.46412080	      0.37618985	      0.37741480	     -0.03449620	     -0.35376833	      0.02298929	     -0.03782137
      0.32333333	    -51.03107404	     -0.09129118	     -6.51869443	     31.30689270	    691.00254731	    -80.81789391	      2.03737881	     -1.09747101	      0.04539433	    -17.85455655	    -13.58791637	      3.80322296	     20.31055509	    -18.36135371	     -4.14368796	     -5.38465819	     -3.53786057	      0.39253892	     -0.03905017	     -0.03330325	     -0.05270591	      0.02295111	      0.08739784
      0.33166667	    -36.60635554	      4.23524996	     -9.48828765	     19.71452209	    679.11095940	    -97.88816813	      1.56729355	     -4.12236072	     -0.28253955	    -10.31673558	    -17.40609813	      4.74726201	     25.10304072	    -16.44066062	     -2.58693369	     -5.70396276	      1.41264501	      0.41704162	      0.37419721	      0.01131714	     -0.26522497	      0.02489030	     -0.06402277
      0.34000000	    -43.59348452	     -6.88851214	     -3.03281021	     29.01922589	    690.44248881	    -49.56925774	      2.41833929	     -0.90172365	     -0.10080860	    -13.46808131	     -8.75380381	      1.92818806	     22.89404972	    -17.55620491	     -2.65791857	     -5.44385950	     -0.97833205	      0.38161310	      0.01848696	     -0.03688386	     -0.18128690	      0.02206292	      0.04750847
      0.34833333	    -21.93355030	     30.72371275	      0.76885870	     13.14027989	    660.45721224	   -128.32942993	      5.31968539	      6.19683045	      2.27612435	     -9.78039903	    -28.79187247	      5.62104679	     28.43422086	     -9.96193163	     -2.09948800	     -5.39035474	     -0.64909358	      0.42774334	      0.07370776	     -0.15262676	     -0.12107512	      0.02494522	      0.01511887
      0.35666667	    -42.30227690	    -13.80852283	     -9.28850662	     26.10688131	    687.75885239	    -45.12083450	     -1.20847466	     -7.69393652	     -1.31751301	     -6.25512391	     -7.95238375	      0.11290252	     22.34076695	    -18.60574793	     -3.06278987	     -5.66483153	      1.46885243	      0.41659915	      0.01933175	      0.06328508	     -0.17735064	      0.02417137	      0.00790588
      0.36500000	    -25.70767698	      7.13776603	     -3.67828845	     45.57129547	    683.86857908	    -68.34794688	      3.04767523	     -0.01046576	      0.50384024	     -0.27384360	    -15.13523659	      1.41678395	     23.13801383	    -12.55569963	     -1.75295859	     -6.08603582	      3.78460439	      0.37920263	      0.31433597	     -0.05232613	     -0.14719468	      0.02277647	     -0.10655645
      0.37333333	    -30.85774911	     -2.13211291	     -5.14506040	     31.71621926	    686.81967692	    -57.87044244	      0.68797956	     -2.22653349	      0.21492310	     -2.60603432	    -11.29180835	     -0.38073833	     25.00758317	    -14.28740913	     -3.51716848	     -5.64502342	      2.22649559	      0.38010827	     -0.08573864	     -0.03481264	     -0.11607857	      0.02178579	      0.00660760
      0.38166667	    -23.63436487	      1.70318511	     -1.86146791	     32.90298650	    672.83183273	    -49.01837967	      1.62563394	     -1.33099021	      0.38301773	      1.93939453	    -11.95880572	     -0.38783735	     24.35613541	    -12.44962002	     -0.75995113	     -5.97573748	      4.21978983	      0.43588177	      0.10770286	     -0.02702601	     -0.14210794	      0.02570199	     -0.06820309
      0.39000000	    -27.55807617	      0.44393424	     -5.74723826	     14.98207011	    675.98791284	    -66.84759160	      0.35932371	     -2.67514562	      0.33010510	      0.40245510	    -13.00351386	     -1.12758755	     24.65518081	    -13.37247144	     -3.49868280	     -5.33955567	      1.47550169	      0.45074538	     -0.31041772	     -0.05487617	     -0.04065754	      0.02443125	      0.06292480
      0.39833333	    -10.33408332	     -4.91946622	      0.01246109	     57.14182097	    692.88077517	    -16.26530514	      1.31379897	     -1.51447058	      0.38504360	     16.55525665	     -6.50446485	     -4.68843311	     24.78114754	    -10.77724379	     -0.87551307	     -6.36138021	     15.46851732	      0.32425605	      6.06302831	     -0.02295763	     -5.46903752	      0.02011000	     -0.21271934
      0.40666667	    -19.23082238	     -0.96822066	     -3.88021738	     13.30161164	    678.25757943	    -41.08815172	     -0.48610194	     -3.48726275	      0.35222153	     11.15488781	    -10.37105745	     -3.99658913	     23.58557207	    -10.08871589	     -2.14100027	     -5.66913798	      8.52274757	      0.45417963	      4.51054505	     -0.06089320	     -4.83785027	      0.02478537	      0.03704426
      0.41500000	    -21.89731299	     -1.56704138	     -2.17540629	     26.41469423	    669.83603555	    -33.53063111	      0.16753665	     -2.73939959	      0.71393887	      4.83867934	     -8.23172529	     -2.32990345	     25.00363504	     -9.74839361	     -1.33717581	     -5.72590187	      5.73197334	      0.42527616	     -0.04116727	     -0.03424106	     -0.13456764	      0.02397340	     -0.07143746
      0.42333333	    -23.82948198	    -10.11148389	     -3.72443284	     12.43418628	    682.12927709	    -32.29112375	     -0.41878167	     -3.04321107	      0.08020394	      5.09496645	     -5.55942030	     -2.85830858	     25.56555082	    -12.92196195	     -2.90215535	     -5.96790933	      5.02300092	      0.38084007	      0.33440576	     -0.06636812	     -0.59923451	      0.02109599	     -0.02599821
      0.43166667	    -22.63021193	     -0.88176283	     -1.24086208	     26.00933232	    671.18170976	     -6.46217923	     -0.69402777	     -2.58143124	      0.89312165	      4.86713173	     -4.20575147	     -2.68556411	     25.23976703	     -4.68556591	     -0.61609185	     -6.02832937	      6.82953230	      0.40805015	      0.02966622	     -0.03665107	     -0.15596474	      0.02351834	     -0.10777763
      0.44000000	    -23.87558317	     -7.16891226	     -3.37108355	      8.59860255	    664.93464339	    -27.16839407	     -1.07226576	     -4.73767423	      0.53117768	      5.47159054	     -5.84862946	     -2.30702543	     24.44924628	     -9.89853152	     -0.99894891	     -5.97992793	      6.22140635	      0.41142258	     -0.05063882	     -0.06830302	     -0.15310467	      0.02261958	     -0.07474434
      0.44833333	    -33.85953692	    -11.52195049	      0.51667713	     28.36461115	    684.10258213	     15.73166546	     -1.82270014	     -0.78150702	      1.37595884	      1.10878927	      3.72845503	     -4.08810785	     22.05312765	     -6.98332261	     -2.21796483	     -5.36648539	      4.38541067	      0.45049799	     -0.25370376	     -0.06201300	     -0.01052095	      0.02463747	     -0.02709611
      0.45666667	    -13.02781988	     -0.33637872	     -8.64729270	    -17.99571786	    637.56298345	    -65.38172137	     -0.67392603	     -8.62254151	     -0.11782679	      6.61150893	    -16.37317066	      0.62199146	     29.97368690	    -10.64361269	     -1.52189510	     -6.66544777	      7.37336965	      0.37859591	      0.07143799	     -0.04543375	     -0.27892606	      0.02152182	     -0.09806545
      0.46500000	    -25.19467780	    -16.66492158	      3.72256350	     16.43987051	    695.02906197	     21.94731474	     -0.98429625	      2.11667614	      1.22335885	      7.47997044	     10.93303096	     -6.51748051	     24.70619174	     -6.90580932	     -1.42918802	     -4.82236553	      9.85648306	      0.47415228	      3.58955789	     -0.14408080	     -4.74985186	      0.02433268	     -0.03631419
      0.47333333	    -22.85922083	      4.82035341	     -8.98603215	      0.86847348	    645.27942229	    -29.38891717	     -3.86837953	     -9.57117871	      0.81308001	      5.98271385	    -15.60788896	      0.72976825	     24.73067581	     -3.95272202	     -0.76225375	     -7.33167070	      6.76378786	      0.32802912	      0.00575560	      0.03761101	     -0.18452935	      0.02119963	     -0.08981225
      0.48166667	    -27.50607480	    -13.01686677	      4.60408319	      0.77396462	    656.25862001	      6.41148919	      1.72293853	      1.89175421	      1.62841609	     -2.87483042	      7.46897164	     -3.68348707	     25.91554896	     -4.70295597	     -3.39017356	     -5.61607325	      4.60972395	      0.49099625	     -0.25035357	     -0.20303827	     -0.10016635	      0.02588038	     -0.02210033
      0.49000000	    -19.88869925	     -7.32303310	     -4.92748252	      9.12822857	    668.62712188	    -26.79943616	     -3.21445580	     -5.16815539	      0.46400714	     11.84109196	     -7.37343393	     -2.51548494	     24.40281103	    -11.92136625	      0.14009712	     -5.53922615	     10.97494983	      0.41112594	      4.10638837	     -0.02749157	     -5.34548998	      0.02256441	     -0.04963928
      0.49833333	    -20.25871041	     -4.23446088	     -8.32341172	     -9.56113687	    653.75833957	     12.45918278	     -4.13254911	     -9.61539428	      0.50927542	      4.71696350	     -2.62048189	     -0.84594613	     30.54678673	      1.79902717	     -1.32579611	     -7.09699280	      8.30314508	      0.38552117	      0.20127692	      0.00567358	     -0.26435690	      0.02350920	     -0.14817494
      0.50666667	    -22.20250623	     -1.31911663	      5.73873810	     10.98096931	    654.04753971	    -10.06558062	      6.20869863	      4.01544558	      0.77276543	     -2.95687549	     -4.71759339	     -1.52171326	     24.23324397	     -7.02446652	     -1.53722794	     -3.35141057	      2.00741773	      3.21097318	     -0.21658866	      1.86901517	     -0.39797055	      0.02280021	      0.07972689
      0.51500000	    -26.11983688	    -13.40966410	     -7.72319617	     -2.20253892	    656.29352938	    -21.72833603	     -2.60393694	     -6.96949000	      0.51143271	      3.12037130	      1.98943582	     -1.06413294	     26.40393537	     -6.18585588	     -2.53321836	     -5.20943206	      7.56085926	      0.51869156	      0.13972063	     -0.06794444	     -0.19601729	      0.02697738	     -0.12516277
      0.52333333	    -17.62003954	      1.93909192	      2.26708978	     11.11529194	    658.72052478	     21.94327474	     -1.61489001	     -3.71322976	      1.28559010	      9.19382111	     -6.03073050	     -3.95264615	     24.86511302	      0.02440156	      1.09754542	     -7.14743017	      9.86149978	      0.33206050	      4.08537349	     -0.06107053	     -5.04899142	      0.02116792	     -0.03059182
      0.53166667	    -19.59096391	    -13.85527246	     -5.05741231	     -1.48976966	    638.97629601	    -14.68612192	     -0.36371599	     -5.70757256	      1.19947130	      0.29792922	     -1.02007674	     -1.06755912	     30.41156251	     -6.95123455	     -4.68446154	     -6.19393922	      6.06960346	      0.48920749	     -0.00391029	     -0.10055217	     -0.17245657	      0.02721046	     -0.08277738
      0.54000000	    -25.91557654	     -1.64716745	     -0.84213133	     16.29118065	    652.23477144	      6.78508318	     -1.26837768	     -3.69975324	      1.36385405	      0.66728253	     -4.20211933	     -0.54638031	     24.77061230	     -2.14231597	      0.19809357	     -6.37492874	      4.58102522	      0.39215936	     -0.20291182	     -0.09143041	     -0.10255891	      0.02285618	     -0.02077279
      0.54833333	    -16.38441613	     -6.31507682	     -0.42784423	      4.63543051	    640.08375369	      2.02566729	      0.73664372	     -4.98109362	      1.23374982	      1.27054438	     -2.53218848	     -1.35153141	     29.95740791	     -3.14075131	     -1.26925723	     -6.19924288	      5.93160216	      0.46931446	      0.13854591	     -0.11145397	     -0.42394182	      0.02626103	     -0.06994719
      0.55666667	    -24.41447958	     -5.74031345	     -1.80077824	     17.55726988	    653.46017098	      6.01077064	      0.21586260	     -4.19851308	      1.27817774	     -0.12043997	     -3.06610444	     -0.54986671	     25.65818829	     -2.46868104	     -2.27693950	     -6.91411070	      4.51248529	      0.40608708	     -0.17576944	     -0.08231928	     -0.09522951	      0.02447523	     -0.02702158
      0.56500000	     -9.09340131	     -5.26265943	      0.13409721	     32.85257486	    648.32126938	      2.68125875	      1.75922833	     -4.37085775	      1.92343913	     10.45565240	     -3.16039049	     -3.12406485	     27.02150993	     -2.55548028	     -2.07231637	     -6.32353495	     10.82797984	      0.47886331	      4.21247935	     -0.13314816	     -5.84858038	      0.02700030	     -0.05378155
      0.57333333	    -19.89987907	     -5.81390497	      0.10837352	     16.21258527	    645.27292117	      9.73230105	      1.49287686	     -5.47596486	      1.13585614	      0.13762531	     -3.26386871	     -0.80829891	     27.19392379	     -1.35646319	     -1.33893090	     -6.98300361	      4.99081980	      0.41718522	     -0.15957786	     -0.09802772	     -0.11103423	      0.02493695	     -0.04070812
      0.58166667	    -13.90915448	     -6.72591331	      0.31070282	     20.25928914	    646.34727820	     14.78465124	      3.06904542	     -6.91979592	      1.48103955	      1.02178304	     -3.71830117	     -0.89858779	     29.87168447	     -0.70575304	     -2.05739636	     -6.94551444	      5.07910104	      0.45402408	     -0.11088830	     -0.11650434	     -0.13027284	      0.02638477	     -0.04958248
      0.59000000	    -15.39406317	     -6.68988121	      1.46437774	     34.92524336	    646.69730269	     12.11147675	      4.06309358	     -4.70868376	      1.37150475	      0.49986841	     -2.32576679	     -0.68485342	     27.74190169	     -1.53203740	     -1.92963879	     -6.99683742	      5.31872144	      0.45029840	     -0.12881969	     -0.12098985	     -0.13209278	      0.02672171	     -0.04804389
      0.59833333	    -13.83166605	     -5.92659361	      1.16172587	     31.01318002	    644.14270906	     17.72181567	      4.38541204	     -7.13657104	      1.55392073	      0.99355710	     -3.64651874	     -0.83522377	     28.18468065	      0.72642069	     -2.00579803	     -7.27237958	      5.07743676	      0.46234325	     -0.12327799	     -0.13176854	     -0.12714706	      0.02746015	     -0.04723921
      0.60666667	    -12.40794041	     -7.05172213	      2.43357339	     37.92875178	    644.17812836	     14.51672920	      5.51929712	     -6.05041980	      1.52720190	      0.97392972	     -2.97286336	     -0.71981147	     28.02892612	     -0.74954927	     -1.82992860	     -7.38540615	      5.42807915	      0.46685045	     -0.13135923	     -0.13865795	     -0.13493215	      0.02820013	     -0.04973970
      0.61500000	    -10.67423782	     -6.03829249	      3.60591735	     39.24852600	    644.47815158	     24.39118151	      6.76089498	     -6.88825407	      1.46616293	      0.39515272	     -2.98527914	     -0.75125310	     28.68282338	      1.70433721	     -1.73789628	     -7.30573064	      5.14443637	      0.48390208	     -0.12369210	     -0.14975145	     -0.12939089	      0.02876064	     -0.04847556
      0.62333333	     -8.00628760	     -5.37628680	      2.24917196	     38.06237061	    640.04601486	     16.38916627	      7.28701298	     -7.06741324	      1.28729343	      1.23206656	     -3.60620255	     -0.48915654	     29.41977511	      1.28392410	     -2.00583165	     -7.54527430	      5.35495052	      0.49342767	     -0.12958720	     -0.14391440	     -0.14061862	      0.03006756	     -0.04620365
      0.63166667	    -10.23718475	     -7.99314180	      7.03479525	     39.02873357	    644.22888394	     45.44753911	      8.54173391	     -6.92024894	      1.25913818	     -1.17799873	     -1.22793690	     -1.11302185	     28.77844378	      3.48558560	     -1.52465658	     -7.21120977	      5.27999853	      0.50299266	     -0.12700618	     -0.18194548	     -0.12034555	      0.02973984	     -0.05759287
      0.64000000	     -4.09844395	     -3.50085737	      0.53326057	     38.91520739	    635.04376719	      3.15692096	      8.82674718	     -7.75028690	      1.04297983	      2.11835698	     -4.91566743	     -0.09380958	     29.95861018	      1.37103719	     -2.34263198	     -7.50938806	      5.31864509	      0.52100823	     -0.12940388	     -0.13572765	     -0.14855102	      0.03236577	     -0.03983706
      0.64833333	     -6.37748289	     -3.76945736	      4.63113718	     33.69928549	    636.25413138	     29.94337466	      9.76245310	     -7.52340520	      0.71290227	     -0.09040279	     -3.19267194	     -0.51114432	     29.28688486	      4.27994819	     -1.24433684	     -7.00756021	      5.39063186	      0.53803368	     -0.12537336	     -0.15333345	     -0.14467190	      0.03250734	     -0.05093130
      0.65666667	     -4.05621600	     -4.72102557	      4.52104296	     34.20346706	    630.54276924	     32.07136278	     10.72446363	     -7.41855850	      0.39332433	     -0.26803488	     -2.75455447	     -0.55097658	     30.31972271	      3.99428820	     -1.78404796	     -6.58021878	      5.28291979	      0.54617255	     -0.12232667	     -0.14866402	     -0.13464140	      0.03277014	     -0.05128246
      0.66500000	     -3.13401762	      2.58148857	     -1.06837943	     27.12035691	    626.54014461	      5.41566012	     10.41079506	     -9.09594819	     -0.24554647	      2.00184409	     -6.03809536	      0.31576578	     29.00101159	      5.73026282	     -1.20112168	     -6.40034976	      5.28762911	      0.57505294	     -0.14063388	     -0.07996933	     -0.16405901	      0.03554470	     -0.03273382
      0.67333333	     -0.75425229	     -6.49241794	      7.89339752	     21.58275978	    624.65167990	     49.31970991	     13.12199149	     -5.45552679	     -0.79851467	     -2.48177600	     -0.48135043	     -1.02956171	     32.87158972	      4.09251180	     -1.85189254	     -5.03152508	      5.37596259	      0.55979861	     -0.10970241	     -0.12668640	     -0.11888638	      0.03204692	     -0.06592100
      0.68166667	     -2.33928176	      3.68370337	      1.96222798	     27.77894830	    619.90702955	     34.29612824	     12.30627910	     -7.41125212	     -1.40775692	      0.09386804	     -3.17855666	     -0.17011506	     29.33211092	      9.00906280	     -0.62038783	     -4.58039528	      5.44882328	      0.60149210	     -0.12993388	     -0.04904366	     -0.14942593	      0.03526205	     -0.04716611
      0.69000000	     -1.20639489	      1.73101798	     -0.12269395	      8.69914859	    614.44537361	     22.55828046	     13.39668128	     -7.82007514	     -2.69867343	     -0.39126759	     -4.38543120	     -0.13875532	     30.40518124	      5.70318301	     -1.81793581	     -3.63096855	      5.00492167	      0.58572059	     -0.13492979	      0.03163306	     -0.13833802	      0.03427893	     -0.03993617
      0.69833333	      1.37070270	      5.65464949	      6.88185607	     21.73576016	    605.98543781	     63.50098336	     14.95786974	     -4.59597402	     -2.92212072	     -2.69653849	     -0.10489906	     -0.81889161	     31.70218510	     12.00692130	      0.37198751	     -1.81445504	      5.74606568	      0.62981447	     -0.09203626	      0.00581599	     -0.13950062	      0.03312954	     -0.07339681
      0.70666667	     10.61844681	      4.96968309	     -5.93318584	     -2.85937651	    615.55718158	    -15.44834144	     14.31301344	     -7.01272589	     -4.57034761	      9.17271335	     -6.56508210	     -0.74803519	     31.80164409	      2.46209064	     -2.26903551	     -1.70288515	     10.03879382	      0.59457036	      3.79729193	      0.18555237	     -5.66358617	      0.03437899	     -0.01504488
      0.71500000	      0.67549420	      9.78300226	      3.73029223	     10.74517025	    599.88229559	     56.77696915	     16.04391600	     -4.11674424	     -4.95990855	     -2.89656186	     -0.77326401	     -0.61109570	     30.78933927	     12.61541146	      0.09401865	      0.46065865	      5.61545653	      0.62684238	     -0.10543680	      0.14131426	     -0.13626634	      0.03101601	     -0.06703325
      0.72333333	      4.56438697	     13.25207651	     -1.61483784	     -0.39806509	    596.04341446	     24.67686239	     16.44356161	     -4.43410301	     -6.24671718	     -0.84600505	     -3.35024872	     -0.00411696	     31.81649073	     10.79951451	     -0.52671909	      1.32473006	      5.36995985	      0.61366225	     -0.13944972	      0.25722445	     -0.14660702	      0.03069610	     -0.04381083
      0.73166667	      6.11924926	      8.69379676	      1.34618452	      0.71953233	    597.82212907	     25.42059456	     17.48045738	     -1.87866280	     -6.93356814	     -1.94317867	     -1.96159708	     -0.10724051	     33.50364786	      5.75940925	     -0.15374656	      2.34598473	      5.20752618	      0.61247312	     -0.11906061	      0.28509785	     -0.13792815	      0.02919952	     -0.04822983
      0.74000000	      4.61637437	     19.50004627	     -2.02259437	      5.82986792	    593.32854769	     25.37095720	     17.64343800	     -1.94905359	     -7.61393381	     -1.10187162	     -2.34453688	     -0.03382708	     30.75411284	     13.65802472	     -0.31973638	      3.56599106	      5.76541563	      0.60390823	     -0.13241914	      0.33499714	     -0.15311250	      0.02670402	     -0.05204330
      0.74833333	      9.10465218	     14.08460355	      0.54976890	    -24.72177366	    586.75425689	     42.57412718	     18.30738258	     -3.35396445	     -8.71134602	     -3.35217970	     -2.46388959	     -0.22591030	     36.67979918	     11.11752866	      0.26697646	      4.12753216	      4.93917138	      0.58312617	     -0.16429372	      0.39936626	     -0.12057960	      0.02568655	     -0.04110760
      0.75666667	      2.98386990	     23.13740224	     -1.07451866	     27.95548280	    595.24074357	      3.62390629	     18.43653570	      2.66357527	     -8.14076286	     -0.36199580	     -1.56551542	      0.29782696	     27.50025284	     10.95501647	      0.58746508	      4.98189063	      5.96147691	      0.59542650	     -0.11180777	      0.34636658	     -0.16622186	      0.02340148	     -0.05167965
      0.76500000	      9.19907854	     15.38453248	      0.15365652	     -8.15920754	    590.91834694	     32.29930972	     18.68183915	     -0.63515895	     -9.15537928	     -2.86830917	     -1.80454937	     -0.14957420	     36.01579494	      9.15618861	     -0.32297811	      5.06640189	      5.19363119	      0.55410817	     -0.14271322	      0.40948675	     -0.12965243	      0.02228627	     -0.04650042
      0.77333333	     10.29282339	     19.23518861	     -0.87283686	      7.25743235	    596.71229543	     10.13756478	     18.97421436	      0.80455067	     -8.99029331	     -1.27740692	     -1.76598947	      0.14454379	     35.10666874	      9.66228256	      0.44450263	      5.03661645	      5.72413143	      0.52314720	     -0.09480293	      0.38237207	     -0.16557296	      0.01998204	     -0.05474792
      0.78166667	      1.60623459	     25.51324863	      3.60568244	      4.98823257	    585.43503022	     57.15994513	     17.51510558	      2.04825693	     -8.36436246	     -4.48689083	     -0.80493035	     -0.05652364	     31.04235124	     17.20829261	      1.55082034	      5.41361102	      4.93651372	      0.54064713	     -0.26128795	      0.36987275	     -0.08135339	      0.02036295	     -0.02665431
      0.79000000	     14.00083244	     16.90557505	     -4.19530778	     -2.63100808	    604.96256356	    -19.13762472	     19.53324901	     -1.26818407	     -9.46712200	      0.23063365	     -3.07060054	      0.57323460	     37.47921030	      5.41283471	      0.96317198	      4.20099377	      6.57108390	      0.47323309	     -0.00347480	      0.36060476	     -0.24758054	      0.01841684	     -0.07208864
      0.79833333	      2.30522193	     19.38710599	      4.65910945	     11.55239259	    594.32003947	     56.92200226	     16.54650808	      2.30757455	     -7.60596354	     -4.44906927	      0.58929128	     -0.21744723	     33.48804557	     13.52371631	      1.19122375	      4.17450551	      4.96802092	      0.50135364	     -0.21041610	      0.30215198	     -0.07904564	      0.01999586	     -0.03788759
      0.80666667	      6.48102888	     18.11702484	      0.94264993	     -1.43634344	    615.58531845	     12.17698319	     16.65900481	      2.60878379	     -7.25400872	     -2.59634829	     -0.73445213	     -0.10951554	     37.25471085	      8.96139449	     -0.52392294	      3.34380029	      5.64853602	      0.44074100	      0.23253924	      0.25416008	     -0.67959509	      0.01707261	     -0.04061275
      0.81500000	      5.77865526	     22.09944672	      0.81089927	     15.74481531	    591.95631831	     44.94942931	     17.05097744	     -3.01091516	     -7.57295509	     -1.76547473	     -2.12357562	      0.64191747	     33.06646816	     15.41646197	      4.72288513	      1.70518282	      6.10810899	      0.45875394	     -0.11025959	      0.26486505	     -0.20653546	      0.02211700	     -0.05430044
      0.82333333	      4.91077399	     11.40888435	      1.72323807	      0.25959957	    623.01746898	     16.66551557	     14.89877330	      2.23463599	     -5.90044392	     -3.91198251	      0.05696102	     -0.00234200	     39.52914103	      5.37830592	     -1.05341320	      1.47460682	      5.33582817	      0.40487012	     -0.16065590	      0.17691199	     -0.11399632	      0.01787747	     -0.04593382
      0.83166667	      0.18104408	     12.88266132	      1.67408341	     10.35003539	    616.65480683	     50.02448999	     14.59033668	     -3.11810081	     -6.08090158	     -2.84525144	     -0.43986001	      0.28728309	     34.44303680	     10.36827027	      3.44830262	     -0.05926281	      5.72961991	      0.40927574	     -0.11817336	      0.17914310	     -0.17030517	      0.02127968	     -0.05245800
      0.84000000	      6.06162958	     12.93950647	      1.15975848	     -0.83256246	    618.25120707	     24.76838121	     13.41913403	      0.24756170	     -4.54538648	     -3.67576806	     -0.78569853	      0.24327576	     41.17984739	      8.00893332	      0.55999088	     -0.83855190	      5.08183525	      0.44041108	     -0.16508286	      0.08314077	     -0.11766598	      0.02285621	     -0.03913535
      0.84833333	     -5.40587775	     16.29080305	      2.76565184	      8.75398486	    628.07721274	     59.16504897	     13.39840063	     -2.84906831	     -4.57402445	     -4.31626401	      0.27907257	      0.24040347	     32.99721066	     14.74556774	      3.64503430	     -2.06353586	      5.72591448	      0.38770648	     -0.13486659	      0.09378666	     -0.15476663	      0.02222350	     -0.05408770
      0.85666667	      3.36221775	      5.04520222	      0.09801078	     -5.48217972	    627.04171996	     32.20114200	     11.40270518	     -2.49295906	     -3.67109608	     -3.42497544	     -0.07270940	      0.27408947	     41.90388118	      4.49297287	      1.27836783	     -2.98596819	      5.21946979	      0.42898191	     -0.15194550	      0.04225333	     -0.13680635	      0.02537960	     -0.04028915
      0.86500000	     -0.19005001	     15.84126049	      1.48507766	     29.63163446	    613.13977637	     19.09997659	     11.52984892	     -0.24018691	     -2.72941497	     -2.63830794	     -3.13085246	      1.02074443	     35.28570705	      7.01261985	      3.39932200	     -2.80392114	      5.53117499	      0.53524043	     -0.17224524	     -0.05232662	     -0.14519506	      0.02925572	     -0.04015973
      0.87333333	     -4.38145163	     -5.22324524	     -1.07192859	    -53.52596781	    654.72417620	     89.51935599	     10.13480423	     -9.74244295	     -3.71751957	     -6.36572965	      3.77031432	     -0.79633084	     44.08611326	      9.08774713	      0.73383287	     -5.86006034	      5.31285572	      0.29147832	     -0.09626232	      0.09605642	     -0.14867153	      0.02334565	     -0.06148574
      0.88166667	     -2.48291513	     11.87295693	      1.11987898	     31.20458740	    617.99313104	     17.28894118	      9.61092514	     -0.26336476	     -1.71139131	     -2.48399709	     -2.03904421	      1.05256400	     35.53335728	      4.74347661	      3.59055495	     -4.00413041	      5.46469206	      0.94188815	     -0.18543459	      0.09976013	     -0.13388166	      0.03231493	     -0.03505477
      0.89000000	     -3.84593095	      4.13728882	     -1.22287950	    -16.14900572	    637.67319610	     55.23744010	      8.52937873	     -6.80232227	     -1.97855771	     -4.02676643	     -0.63887977	      0.12904463	     40.72139489	      7.44009704	      3.07945983	     -5.86582595	      5.77009687	      0.45381413	      0.36193799	     -0.03763499	     -0.78426598	      0.02979111	     -0.05012171
      0.89833333	      1.42773927	      2.92355108	     -1.77509270	     -5.19709686	    639.29673401	     40.71440448	      6.84898561	     -4.10091074	     -1.50560606	      4.11985476	      0.55650705	     -0.80911131	     39.31247281	      4.08536301	      1.76237888	     -6.68153849	     11.09770748	      0.48205459	      4.14651664	     -0.07887255	     -6.46467421	      0.03269091	     -0.04441789
      0.90666667	      2.88641566	      1.34063105	     -0.73967392	    -11.79552624	    640.43634038	     50.68849855	      9.47986534	     -6.33218316	     -1.80163845	      2.47590641	     -0.87075106	     -0.79806977	     40.29894272	      4.79219399	      3.69642866	     -4.81887606	     10.35366395	      3.15170387	      3.81075142	      1.30632380	     -5.65890719	      0.03299264	     -0.05197736
      0.91500000	     -9.88790466	      4.48748165	     -3.39911872	    -16.00316706	    638.91994116	     44.15998829	      4.10725143	     -5.49649542	     -0.61011757	     -4.04540418	     -0.10664921	      0.33806859	     39.53279913	      5.48853839	      2.54747059	     -8.16138479	      5.26057945	      0.46882990	     -0.13948064	     -0.10587272	     -0.14038285	      0.03437074	     -0.04461020
      0.92333333	    -10.36126609	     -0.74516082	     -3.37727678	    -18.86042019	    634.07841016	     44.80488614	      1.66031965	     -5.74168124	      0.65961877	     -4.16213313	     -0.14431935	      0.75925711	     41.49313490	      2.22004752	      2.77922092	     -9.06041503	      5.41625816	      0.46683112	     -0.13098782	     -0.15242423	     -0.15283479	      0.03573537	     -0.04807488
      0.93166667	    -16.82296963	      5.14734628	     -3.38113643	    -16.15116703	    633.12826516	     44.48586977	     -0.29470476	     -5.73445742	      1.60320538	     -4.73738164	     -1.80540611	      0.64510741	     38.02274230	      4.62835565	      3.79605278	     -9.69192684	      5.13848629	      0.46069264	     -0.11752760	     -0.19060695	     -0.15513354	      0.03643153	     -0.04983155
      0.94000000	     -9.41446007	     -1.61799488	     -6.63581774	    -29.00846416	    644.38696915	     29.00077008	     -3.07079866	     -5.86996581	      2.29480989	      2.51775336	      0.24199438	     -0.28346928	     42.02777226	      0.57264654	      1.67865619	    -11.03577771	      9.90610104	      0.44680431	      3.56071599	     -0.21450545	     -5.32548683	      0.03870252	     -0.04116061
      0.94833333	    -18.25570046	      4.69279637	      3.10490047	    -17.79924677	    638.02016863	     71.45357844	     -4.31401540	     -2.68258573	      4.26367483	     -4.57342294	     -0.61249794	      0.21350473	     39.59066477	      6.10662290	      5.47916258	    -12.01699618	      6.26863662	      0.35121939	      0.48231643	     -0.31586252	     -0.95062826	      0.03550411	     -0.06825844
      0.95666667	    -23.92098114	     -3.09635154	    -16.23819993	    -49.17232282	    642.36467830	    -10.73439194	     -9.53158428	     -9.72563823	      4.02311025	     -2.57948812	     -2.26398631	      1.17668631	     41.32275154	     -3.96259354	      0.81859661	    -12.92065941	      4.86184534	      0.44661427	     -0.13091673	     -0.25406399	     -0.16578864	      0.04333549	     -0.02577453
      0.96500000	    -26.42656961	      2.80579302	      0.25021680	    -14.68540225	    643.04844644	     48.55809929	    -10.10591940	     -1.63067584	      6.93482629	     -5.48052318	      0.21162689	      0.71011781	     39.24307181	      3.20858374	      4.07152591	    -13.90333002	      5.28548589	      0.34665393	     -0.13633944	     -0.43069570	     -0.13973391	      0.04020211	     -0.05140773
      0.97333333	    -29.81778104	     -3.16899994	     -8.74124496	    -38.51989633	    648.24073571	     12.63661421	    -13.21034544	     -6.11359304	      7.37213055	     -3.68079130	     -1.91552058	      0.76832121	     39.58127263	     -3.07424035	      2.11777501	    -14.57374483	      4.84456360	      0.35781992	     -0.11700721	     -0.42276918	     -0.15067457	      0.04314054	     -0.03957029
      0.98166667	    -31.33736531	      2.30164095	     -5.00820046	    -21.25648436	    651.99396481	     32.27254734	    -14.94768293	     -3.75049307	      9.23919702	     -4.85932854	     -0.85950645	      1.18206627	     40.15499939	      2.34654743	      3.33348004	    -14.93977011	      5.30262139	      0.32244689	     -0.12901139	     -0.52250349	     -0.16118766	      0.04275143	     -0.04656957
      0.99000000	    -34.55378485	     -4.41571764	     -5.57685847	    -28.67519534	    653.12669317	     15.07613309	    -16.22287498	     -4.44096503	     10.17467892	     -4.75579304	     -0.87627772	      0.79920988	     38.96109459	     -2.77017817	      2.26882627	    -15.04816715	      4.77671268	      0.34624876	     -0.11619164	     -0.55880784	     -0.13758055	      0.04538907	     -0.04211930
      0.99833333	    -33.44693241	     -3.35064155	     -5.27227198	    -26.69947610	    659.08589558	     25.86179388	    -17.30283042	     -4.73457020	     10.47466537	     -4.23128162	     -1.86348980	      1.16735499	     40.55786271	     -3.48093787	      4.23018038	    -14.76505631	      5.10986635	      0.33702562	     -0.12683859	     -0.59532018	     -0.16309123	      0.04508811	     -0.04323082
      1.00666670	    -38.60742120	     -3.07425834	     -5.68434448	    -16.63832396	    663.21910872	     24.33931013	    -16.77652269	     -4.73175156	     11.87525720	     -5.37862564	     -0.77026602	      0.92930494	     36.98848219	      0.73280496	      1.39577795	    -14.71781643	      4.94198538	      0.32402615	     -0.10179248	     -0.62653310	     -0.15083484	      0.04536482	     -0.04856489
      1.01500000	    -33.76334390	     -8.25820378	     -4.27372977	    -27.78803873	    664.51658579	     23.86641778	    -16.39512619	     -4.77056125	     11.45620592	     -5.43440670	     -1.17574877	      1.03290527	     41.08534863	     -5.06770685	      2.75749882	    -13.48647838	      4.77296743	      0.37458346	     -0.12276599	     -0.64479106	     -0.14150383	      0.04568777	     -0.04302563
      1.02333330	    -35.89123407	     -9.92780097	     -5.92031516	     -1.68090288	    672.66973332	     26.49950604	    -14.65181979	     -6.74641716	     11.01873515	     -5.07980354	     -1.25046931	      1.24037041	     37.45030485	     -4.70134276	      2.71014375	    -12.97254450	      4.89059353	      0.34795603	     -0.11566855	     -0.59946624	     -0.16246028	      0.04418934	     -0.04215388
      1.03166670	    -32.14860167	     -7.07385829	     -4.12948097	     -0.10064329	    657.04235752	     27.13969954	    -11.05519556	     -5.47415537	     10.94691621	     -5.91899490	     -3.32039559	      1.18773584	     36.42390112	     -3.08006412	      1.44988421	    -11.40226212	      4.63022076	      0.42981050	     -0.15275136	     -0.63673780	     -0.12962280	      0.04493325	     -0.04185658
      1.04000000	    -35.77793583	    -16.73585485	    -12.05163424	    -20.27039520	    694.13800069	     45.89240697	    -10.97555420	    -13.51400664	      7.32741983	     -5.67634617	     -0.04162155	      1.55947169	     38.61819757	     -5.49697683	      3.01972743	    -10.47341547	      4.77561723	      0.37084187	     -0.07006054	     -0.39518485	     -0.18264217	      0.04074032	     -0.04311255
      1.04833330	    -25.36332096	    -15.01994300	      3.48529344	      9.09492747	    676.10641489	     33.78098146	     -6.53149867	     -2.25559966	     10.11271967	     -7.00407597	      2.87519467	     -0.02398970	     39.59586832	     -7.17157998	      1.74384106	     -8.29962335	      5.55671526	      0.50355085	     -0.08307057	     -0.58781097	     -0.16424924	      0.04133453	     -0.06678566
      1.05666670	    -29.05075420	    -18.45212797	    -14.55714211	    -14.21610264	    674.89013175	     40.73806848	     -1.98935200	    -16.60992767	      4.59839902	     -6.09372714	     -5.77075696	      2.22720175	     35.00373997	     -7.04086797	      2.28267302	     -8.03024123	      3.55343835	      0.43402442	     -0.18159783	     -0.29902304	     -0.13399903	      0.03862321	     -0.01186625
      1.06500000	    -20.09618986	    -18.47701943	     -2.56744597	     10.74045823	    692.40204515	     42.04934779	      0.07838035	     -6.59689707	      5.69483330	     -5.39362438	      1.65385269	      0.47284395	     38.87918036	     -7.68997344	      0.74511876	     -5.70702583	      6.38710093	      0.50967950	      0.82485449	     -0.36846863	     -1.27615529	      0.03597661	     -0.06260548
      1.07333330	    -24.12529388	    -18.31289366	     -9.08748187	     -4.35096038	    678.09365355	     58.37870471	      3.77256180	    -14.46622911	      2.73166646	     -7.87855421	     -2.48032022	      1.49621596	     34.92557348	     -5.82957023	      2.52145002	     -4.70810877	      4.23649333	      0.49870572	     -0.12992437	     -0.19655505	     -0.14946049	      0.03394815	     -0.03753190
      1.08166670	    -18.11673288	    -24.97439623	     -6.50096633	      1.14756088	    688.71042826	     47.85288210	      6.12884390	    -10.93936035	      2.12264315	     -7.36240318	     -0.46162447	      1.21740708	     37.44331908	    -11.65537946	      1.00083472	     -3.93215487	      4.74577568	      0.50462085	     -0.11239454	     -0.17098866	     -0.15294744	      0.03206496	     -0.04812005
      1.09000000	    -11.56627122	    -19.52694205	     -8.93863811	    -12.47212168	    691.50086683	     58.02890575	      8.30438574	    -14.05531947	      0.23082643	     -2.80022604	     -1.58728903	      0.22892984	     38.14327059	     -7.13652266	      1.57304837	     -2.85757642	      8.77355977	      0.49512865	      3.59307024	     -0.06701068	     -4.74313487	      0.02935784	     -0.04414369
      1.09833330	    -19.72024833	    -25.14910794	     -7.15554231	      3.85934746	    683.69435265	     41.02895177	      9.78869733	    -10.30512023	     -0.31067111	     -7.77477222	     -0.51562554	      1.45256884	     32.76649152	    -12.93922720	      0.48787883	     -2.38170468	      4.68434874	      0.52009961	     -0.11399129	     -0.04685150	     -0.15793823	      0.02956059	     -0.04543488
      1.10666670	    -14.11713487	    -18.40045107	     -8.48905257	    -21.24272409	    683.88371051	     55.35958836	     11.69727715	    -13.02021037	     -1.65080730	     -9.08081187	     -2.89450981	      1.46723099	     37.49297138	     -8.49297393	      2.93488459	     -2.08311385	      4.58987141	      0.44864189	     -0.12538225	      0.03220091	     -0.16149423	      0.02511260	     -0.04942542
      1.11500000	    -15.91524651	    -23.81090786	     -9.81766655	     -5.70938894	    689.63705085	     44.61889994	     10.80992246	    -10.24920137	     -1.90027897	     -7.68547526	     -1.02270735	      1.40309206	     35.83822094	    -12.67875431	     -1.12095516	     -1.69102525	      4.32958060	      0.50075923	     -0.10694568	      0.05335374	     -0.15091210	      0.02738676	     -0.04113968
      1.12333330	    -17.43494672	    -17.22903450	     -8.59750081	    -18.16946117	    687.02242137	     35.70703048	     12.85839961	     -9.55903086	     -2.71503194	     -9.43972385	     -2.09283797	      1.55654680	     33.69232822	     -9.76480526	      1.13306994	     -1.84822611	      4.69308829	      0.41134311	     -0.12127684	      0.10531718	     -0.16200675	      0.02287935	     -0.04989189
      1.13166670	    -12.75123299	    -19.73248873	     -7.09500154	    -14.57607979	    670.58364754	     38.73528982	     11.85349856	     -8.42951767	     -2.73724979	     -8.34505692	     -3.71613273	      1.68649198	     36.26513901	    -14.51875847	      1.96611772	     -2.01351800	      4.36902060	      0.46989015	     -0.12474237	      0.07247145	     -0.17427140	      0.02655206	     -0.04301730
      1.14000000	    -13.98409798	    -14.54513700	    -10.09085875	    -19.33108940	    684.02728452	     17.45976800	     11.48252238	     -6.65284051	     -2.86072615	     -5.73007760	     -4.59087315	      1.91940025	     34.08226118	    -12.57297523	      0.64107559	     -2.18055860	      6.07207356	      0.39002246	      0.95582213	      0.11437004	     -1.70218709	      0.02251911	     -0.04691002
      1.14833330	    -16.85139479	    -15.76472050	    -11.37879962	    -10.45649346	    675.34991998	     31.71567590	     11.87441753	     -8.57021681	     -3.23150299	     -8.54072131	     -4.68236553	      1.74362477	     33.23176013	    -11.11968121	     -0.64466260	     -2.95944258	      4.38825610	      0.36453933	     -0.12943594	      0.14873276	     -0.16321189	      0.02371937	     -0.04546617
      1.15666670	    -14.69830109	     -8.73837784	    -13.81669243	    -24.55569897	    691.74861715	    -21.86275635	      9.27735657	     -4.29277607	     -3.32864367	     -3.92376229	     -4.98492253	      2.51563803	     34.51064518	    -13.96087205	      1.52497816	     -2.82366223	      5.50806432	      0.36942971	     -0.02691595	      0.14753339	     -0.20280909	      0.02287504	     -0.06757256
      1.16500000	    -18.99244931	    -18.76317465	     -2.93227913	     -0.97297386	    651.53020863	     47.13571092	     12.18606699	     -5.86816462	     -2.43275081	    -12.50168864	     -4.19636079	      0.95513895	     31.72632551	    -13.83060358	      0.25340885	     -3.20561676	      3.79724780	      0.39322069	     -0.24396005	      0.08263164	     -0.15535303	      0.02570235	     -0.02359874
      1.17333330	    -14.36252221	     -7.86778780	    -13.37028509	    -21.26751111	    688.14967569	    -16.45436208	      8.60842335	     -2.44558828	     -2.78059225	     -4.05880240	     -4.71160149	      2.22969990	     35.02173853	    -11.99296341	     -0.27215327	     -3.63704666	      5.03036206	      0.33135613	     -0.08672188	      0.13653958	     -0.16853477	      0.02262803	     -0.05045486
      1.18166670	    -15.89718382	     -8.51908342	     -5.36129420	     19.80939981	    649.57559830	     11.69675380	     11.48206974	     -2.34314235	     -2.06560375	     -7.41876053	     -7.29830970	      1.90168523	     29.17613065	    -12.91973655	      1.15706695	     -3.80728220	      5.69414204	      0.34630180	     -0.05104823	      0.05396361	     -0.22630842	      0.02410038	     -0.08648099
      1.19000000	    -16.81179709	    -11.14959158	    -15.10693973	    -32.96119725	    671.02112610	    -36.20317568	      8.25945706	     -4.96092792	     -2.71901423	     -6.88058900	     -8.39094914	      2.10434020	     34.82538858	    -16.89231985	     -0.11681771	     -4.23572963	      2.71415763	      0.34024212	     -0.36050128	      0.14824363	     -0.11747840	      0.02465154	      0.04035485
      1.19833330	    -10.76426277	     -4.36667850	     -5.67253494	     37.20775229	    648.89540454	      9.57917850	     11.07127224	      0.27780830	     -1.36048117	     -4.22538084	     -7.84616046	      1.96407810	     30.17148286	    -10.30949004	      0.00653883	     -3.96936459	      6.63141905	      0.33562445	      0.03502817	      0.00030798	     -0.25873963	      0.02325089	     -0.11436261
      1.20666670	    -13.93684600	     -6.83959102	    -15.32978197	    -24.27158951	    652.64569577	    -43.87562048	      7.90903513	     -4.57786172	     -2.14706294	     -3.77224939	     -9.67125583	      1.67415181	     33.20661041	    -15.39921247	      0.44245447	     -4.54786660	      4.50235268	      0.35231791	      0.74333633	      0.13006752	     -1.85626472	      0.02591251	      0.02626121
      1.21500000	    -10.60428080	     -6.52838873	     -7.70061059	     30.50918007	    649.89595034	    -18.45745018	     10.50581769	      0.15744072	     -1.24315485	     -3.93515537	     -9.86761068	      1.91927378	     30.75036507	    -14.71598680	     -0.56775090	     -4.07611035	      5.11219512	      0.32964474	     -0.13544021	      0.00639061	     -0.21093811	      0.02289344	     -0.04888121
      1.22333330	    -14.30046134	     -2.84402108	    -11.39432375	     12.77989361	    634.13791695	    -22.78350686	      9.39726319	     -2.88591778	     -1.46835378	     -4.61215931	    -11.29864156	      1.96901577	     29.19389013	    -11.97441812	      0.69387483	     -4.29407670	      3.91184104	      0.36026102	     -0.25326569	      0.05925455	     -0.15457446	      0.02534476	     -0.00638818
      1.23166670	     -3.18863743	     -5.95927473	    -13.21397524	     17.19036826	    636.50525034	    -52.20288153	      9.12123404	     -0.13934351	     -0.95618958	      0.21602664	    -13.34177514	      2.25861970	     33.94102493	    -18.30644238	     -1.00464116	     -4.05944055	      5.17353075	      0.33366302	     -0.10880599	      0.00786323	     -0.26166022	      0.02275981	     -0.03819417
      1.24000000	     -8.31016486	      2.11833281	    -12.25501680	     18.33918803	    613.02201536	    -23.17611150	     10.52742416	     -4.30660044	     -1.42922062	     -1.42213528	    -13.21009493	      1.30445426	     28.66162688	     -7.95571527	      1.25543780	     -4.56138223	      4.60197537	      0.37717207	      0.49309400	      0.04310006	     -1.72041925	      0.02663256	      0.01852085
      1.24833330	     -1.96950139	     -7.19021407	    -12.96045616	     11.16707933	    630.75242211	    -42.96134042	     10.85710780	     -1.31089547	     -1.56524364	     -0.80542673	    -14.56876619	      1.72965165	     34.25101947	    -18.76770789	     -0.96171883	     -2.83013745	      3.05453148	      1.75283131	     -0.32254471	      1.21642816	     -0.12261552	      0.02355757	      0.02746854
      1.25666670	     -6.02978945	     -0.21971799	    -14.10157225	     26.60309079	    602.62348671	    -44.38663968	      9.76462692	     -2.26686776	     -1.13142203	      1.16592158	    -15.81844786	      1.53113893	     27.58579382	    -13.38323844	     -0.05454221	     -4.09041648	      2.89001945	      0.36052898	     -0.37873900	      0.02073523	     -0.10181098	      0.02415891	      0.04263073
      1.26500000	     -1.42285447	     -4.22597437	    -15.14975649	      7.45574570	    599.55599861	    -17.07061867	      8.29014766	     -4.87678174	     -1.34556334	      0.32170494	    -18.17844976	      1.32628819	     34.14570849	    -15.17731890	     -0.49822813	     -4.07777422	      0.99402921	      0.37100749	     -0.56649930	      0.06945872	     -0.00801182	      0.02526762	      0.09577186
      1.27333330	      7.81405695	     -2.89401086	    -17.47846576	     26.46373262	    589.34835526	    -64.44234270	      9.37970691	     -0.89451398	     -0.62215441	      8.41876753	    -18.52236298	      1.58000654	     31.67166957	    -18.63817697	     -0.79886863	     -4.30256891	      3.16222508	      0.34793479	     -0.29316279	     -0.01267261	     -0.12302318	      0.02346302	      0.04086740
      1.28166670	      1.15561240	     10.08932583	    -17.60065972	     25.71191497	    591.33240094	    -73.47568533	      8.91312536	     -0.63489250	     -0.59487146	      6.75650194	    -20.46606919	      0.93215611	     28.22683737	    -11.44926223	      0.34217843	     -3.86248680	     -0.67090947	      0.38405255	     -0.77579093	     -0.01413876	      0.15575712	      0.02406035	      0.15679117
      1.29000000	     19.17101072	      2.69281194	    -22.28348753	     -5.01100880	    550.66122691	    -38.21770018	      7.20386223	     -4.00453625	     -0.84435778	     11.72217836	    -29.23114689	      0.82568403	     39.19724806	    -18.05459099	     -1.02024938	     -4.28456791	     -4.69006915	      0.39279280	     -1.13708764	      0.05777555	      0.32953678	      0.02662347	      0.24565437
      1.29833330	     12.95577438	      1.28120247	    -22.62222294	     58.23770850	    579.97951005	    -55.19015279	      8.91756266	     -2.89584476	     -1.36368818	     18.73416056	    -23.70738086	     -0.58970068	     26.25824303	    -17.86293184	     -0.80104224	     -4.06691235	     -2.19999145	      0.35125159	     -0.87701922	      0.02742847	      0.27466033	      0.02291132	      0.15790579
      1.30666670	     20.85411485	     -7.56083106	    -16.90228163	     26.94175472	    586.56521385	    -24.12900201	      7.72533404	     -3.09175729	     -1.15930719	     19.92268015	    -13.63240703	     -4.28326384	     34.17481861	    -16.23985790	     -1.71800993	     -4.31038993	      1.60792911	      0.35760316	     -0.40070455	      0.04078078	     -1.25825968	      0.02394359	      0.02571221
      1.31500000	     -0.00282636	    -36.98137615	      4.29349686	     21.91259896	    618.72165286	     42.04317282	      9.11876136	     -3.41424595	     -1.49287338	      4.31721189	     11.07181813	     -7.24069939	     29.94084593	    -18.83070669	     -0.94264059	     -3.93254549	     11.50558877	      0.35935497	      0.54379661	      0.04415924	     -0.50448174	      0.02339788	     -0.25463137
      1.32333330	    -15.75913955	    -44.41164892	     11.70461479	    -24.87749784	    627.84538908	     46.26430158	      8.95912891	     -3.16245687	     -1.53088269	     -7.15575880	     20.71024783	     -7.70694423	     28.27051179	    -16.63800881	     -1.14018856	     -4.37796343	     15.25775580	      0.34150731	      1.04821840	      0.05495813	     -0.76023683	      0.02310935	     -0.31868118
      1.33166670	    -13.51163763	    -41.13962559	     11.35997477	    -35.37796669	    614.20328424	     53.76700776	      8.46984191	     -3.52360475	     -1.32755112	     -9.04443220	     12.68057666	     -6.39391286	     31.37522557	    -18.04381931	     -1.59448495	     -3.99439656	     11.69823356	      0.37785011	      0.70819291	      0.04289316	     -0.54989525	      0.02437672	     -0.21923961
      1.34000000	    -11.76763288	    -28.98672057	      7.60385535	    -23.31580879	    609.05898732	     18.96035946	      8.64042863	     -1.55923317	     -1.11386873	     -4.99226147	      3.33681556	     -5.55152013	     28.61836414	    -18.08492111	     -1.23365722	     -4.14204590	      7.19913948	      0.36919776	      0.25356398	      0.01646431	     -0.28953966	      0.02379742	     -0.12839404
      1.34833330	    -14.34145842	    -37.00252016	      4.76596433	    -69.95846609	    610.99425066	     29.03663045	      6.58375137	     -5.78373857	     -1.67647353	     -8.20979138	      8.47852520	     -5.77103864	     32.76186802	    -17.51431984	     -1.39596510	     -4.66861600	     10.97411970	      0.35911932	      0.73131042	      0.09946727	     -0.49106982	      0.02463282	     -0.17344974
      1.35666670	     -2.14573503	    -21.94361757	      0.94146475	    -24.35920246	    605.23417812	    -28.55094980	      8.48667663	     -0.41877484	     -0.95456258	      1.76360601	     -6.26867242	     -4.90789652	     30.83601132	    -22.70186952	     -1.82823256	     -4.48695071	      2.22654044	      0.36256287	     -0.20840976	      0.00864736	     -0.01025422	      0.02372261	     -0.04577762
      1.36500000	    -10.45089962	    -24.39385732	      0.78998115	    -25.58472685	    619.29875635	    -11.56075271	      7.83142467	     -3.18843376	     -1.38282879	     -0.15560369	     -1.80466724	     -5.73159049	     27.35895090	    -18.25951734	     -1.69502713	     -4.70731302	      4.95213133	      0.34124516	      0.13397045	      0.04202836	     -0.16235045	      0.02285136	     -0.09216804
      1.37333330	     -1.05722909	    -25.41863881	      2.58475489	    -63.44904690	    598.79295238	     12.59197403	      5.85089348	     -2.85612413	     -1.24716065	     -0.41560687	     -4.13281680	     -6.31237293	     37.07193252	    -19.38817286	     -1.84425450	     -4.66906874	      3.52761052	      0.37689667	     -0.04206562	      0.06551130	     -0.07866434	      0.02533796	     -0.08839384
      1.38166670	     -5.50388906	    -24.53013036	     -0.49586513	    -15.57521986	    618.21277420	    -31.51693077	      7.98151913	     -2.20157030	     -1.18350637	      3.95596132	     -4.88369605	     -6.38262205	     27.28610299	    -21.79107790	     -2.18940710	     -4.64817796	      2.44695547	      0.35380854	     -0.03520683	      0.02442573	     -0.05264712	      0.02307348	     -0.07884703
      1.39000000	     -0.64998498	    -22.39145356	      1.05204905	    -46.47943456	    608.61867362	     -5.41531144	      6.50787678	     -2.52577561	     -1.30828972	      3.09434073	     -5.45932569	     -6.92776705	     33.94441850	    -18.67581658	     -1.57393487	     -4.88151128	      2.17055719	      0.36564543	     -0.12516660	      0.05451325	     -0.01521164	      0.02458000	     -0.08630829
      1.39833330	     -6.93829677	    -24.32939716	      0.45584307	    -22.32210346	    616.06161558	    -18.97153715	      6.79109636	     -2.05446572	     -1.06764439	      4.60622752	     -5.91541452	     -7.02911298	     27.05370316	    -21.22400726	     -2.25532950	     -4.80965048	      1.47859567	      0.34585900	     -0.09305569	      0.03405192	     -0.01525842	      0.02294694	     -0.08530650
      1.40666670	     13.42180106	    -25.93314645	     -2.09564177	    -29.52347529	    625.12511400	    -33.29240525	      6.92500994	     -1.64841190	     -1.31066152	     14.08343522	     -5.30232802	    -10.36358836	     36.52037096	    -24.29546773	     -2.72463168	     -5.03183290	     -0.45245775	      0.38486581	     -3.19540370	      0.04288113	     -2.24540063	      0.02574793	     -0.07507696
      1.41500000	     -7.74454351	    -20.34687966	      3.28092283	    -39.53059465	    609.22347685	      3.64944313	      6.05510705	     -2.49053388	     -1.02871124	      3.24136879	     -5.62990939	     -7.56180366	     28.35440764	    -15.17705621	     -0.81254667	     -4.76337411	      1.79632621	      0.33513739	     -0.09469880	      0.04094214	     -0.02297976	      0.02199766	     -0.09840060
      1.42333330	      4.08248031	    -29.24679500	     -2.87309502	    -21.76317357	    623.81458754	    -41.38563295	      6.81420240	     -1.50432082	     -1.09587893	      7.43412189	     -6.94046918	     -6.78660744	     34.08438311	    -27.69595292	     -3.69091103	     -5.12300220	      0.51125491	      0.37860987	     -0.22150837	      0.03424906	      0.07107537	      0.02534789	     -0.07196455
      1.43166670	     -6.50302209	    -21.47775683	      0.66933538	    -31.95377854	    617.22275102	    -12.62818339	      6.18282419	     -1.09156043	     -1.36945391	      4.22000663	     -4.14274474	     -7.23124629	     28.98023014	    -16.89533252	     -1.64513499	     -4.99721505	      1.86565158	      0.35832245	     -0.10125487	      0.04696350	     -0.00942081	      0.02369845	     -0.09012724
      1.44000000	      0.69711356	    -27.28314096	     -1.03970970	    -25.91975683	    627.56648728	    -39.61040589	      6.31959067	     -1.78037335	     -0.74154458	      5.23502417	     -6.43763724	     -6.52251597	     34.03202805	    -25.09364036	     -2.60114815	     -5.02258472	      1.57735374	      0.37667160	     -0.13992542	      0.02327557	      0.02207214	      0.02464952	     -0.07686208
      1.44833330	     -2.31342023	    -27.62249224	      1.21350309	    -44.14937072	    621.30064115	     19.86018960	      6.77499465	     -0.85477917	     -1.64525050	      3.12273536	     -0.44895881	     -6.30351205	     33.19939892	    -16.52669730	     -2.40059758	     -4.52810734	      4.45426112	      1.03038685	      0.11457675	      0.54175229	     -0.10037323	      0.02099967	     -0.08967944
      1.45666670	     -5.28957748	    -23.00609086	     -0.77436062	     -8.00676248	    634.93668735	    -78.34801053	      7.18306246	     -1.81836781	     -0.81846377	      2.35133712	     -9.28191366	     -5.89645338	     31.08147523	    -26.28128704	     -1.90878498	     -5.54205016	      0.83851932	      0.42254353	     -0.33521814	      0.02739939	      0.11441079	      0.02811631	     -0.06475607
      1.46500000	      0.25452460	    -28.66918329	     -0.85351872	    -40.03349250	    622.74374744	     14.73817891	      5.01350654	     -0.91597524	     -1.27584979	      8.36275575	     -0.41264404	     -7.39812114	     32.49789331	    -18.70347215	     -2.34031296	     -4.64900898	      3.91324147	      0.32469682	     -1.32865154	      0.03381088	     -0.90385516	      0.02077654	     -0.06777323
      1.47333330	     -1.82306437	    -23.05402502	     -3.38247928	    -37.19257931	    620.94601197	    -47.30398615	      5.44117500	     -0.68393134	     -0.43475054	      3.89076321	     -4.96157627	     -5.09116357	     34.21717324	    -21.23198913	     -3.38574690	     -5.40528259	      3.09755369	      0.39377706	     -0.16934967	      0.03502138	     -0.04045530	      0.02631121	     -0.05294537
      1.48166670	     -8.04345413	    -31.53775675	      1.27061824	    -24.68409263	    635.00730702	     -7.64824281	      5.78253716	     -1.77940702	     -1.37174544	     -0.50249293	     -1.96184042	     -4.37509020	     32.81301925	    -23.04689150	     -1.10040813	     -5.05375951	      5.17545373	      0.34404477	      0.02841529	      0.01974107	     -0.05235750	      0.02238235	     -0.06677155
      1.49000000	     -7.58177862	    -24.12977548	     -1.19203025	    -31.16843254	    623.38346047	    -28.45137465	      5.67399936	     -0.31400765	     -0.63674066	      0.45245695	     -2.72786681	     -4.25986804	     32.14302993	    -18.90853139	     -3.48693477	     -5.25742715	      5.02189709	      0.37279200	     -0.05641623	      0.02574728	     -0.08312446	      0.02468186	     -0.05545668
      1.49833330	     -7.51395711	    -29.35033283	     -0.90151333	    -32.19186426	    630.62917974	    -15.53083768	      5.09595756	     -1.56545911	     -0.92398653	      0.07870918	     -2.05481876	     -3.70018520	     33.47247478	    -22.02367089	     -1.91268207	     -5.18453328	      5.50610635	      0.36022881	     -0.00625516	      0.02056715	     -0.09771554	      0.02350078	     -0.05078480
      1.50666670	     -7.98951253	    -26.14611215	     -0.57801404	    -31.65898207	    622.66001653	    -15.54574343	      5.34996834	     -0.99546716	     -0.91505894	     -0.65965987	     -1.22810709	     -3.61281821	     33.09515983	    -18.97888048	     -2.14988044	     -5.20776950	      6.17486522	      0.35954430	     -0.00135544	      0.02475249	     -0.12608586	      0.02363052	     -0.05179604
      1.51500000	     -8.58306513	    -30.34403007	     -1.72516596	    -34.24981600	    626.78992189	    -18.95962190	      4.81773138	     -1.59162313	     -0.65462053	     -1.15065238	     -0.68182735	     -3.14037583	     33.73196739	    -21.69930939	     -2.58127957	     -5.13909202	      6.61474387	      0.37530093	      0.06093304	      0.01774332	     -0.15718553	      0.02416512	     -0.05045910
      1.52333330	    -12.33164378	    -29.89129385	      2.13783501	    -27.52496576	    626.60052596	     14.19756580	      5.36158826	     -1.14042083	     -1.17780061	     -2.92011740	      1.14190532	     -3.33599717	     31.59194627	    -17.86048294	     -1.70197988	     -5.50483472	      7.40798993	      0.30657610	      0.09956880	      0.02335508	     -0.19124254	      0.02119022	     -0.06123588
      1.53166670	    -12.02388342	    -31.51101780	     -4.63431559	    -16.71329461	    615.45336629	    -29.05109915	      4.33021397	     -1.71290015	     -0.44890830	     -0.78277901	      3.69518084	     -3.05230507	     30.26327439	    -20.76271788	     -2.95497747	     -4.34343005	      8.70361806	      0.47319173	      0.24777459	      0.00593299	     -0.25965619	      0.02791010	     -0.07234324
      1.54000000	     -1.75510858	    -28.69176184	      0.93598183	    -43.41931631	    629.44692249	      5.41041478	      5.03449944	     -1.22210900	     -0.99301001	     -1.54029901	     -0.12297110	     -3.01945194	     39.99395562	    -19.75057571	     -1.24107881	     -5.72648444	      6.78082485	      0.30573203	     -0.00837487	      0.03262056	     -0.15834455	      0.02159069	     -0.04941577
      1.54833330	    -14.85621404	    -42.97473272	     -4.36182565	    -35.74203261	    619.23986486	    -14.01446799	      4.53624504	     -2.27196743	     -0.93584527	     -2.25386815	     10.93141870	     -3.79571948	     29.48102270	    -22.37142390	     -2.62793338	     -5.83500965	     12.20229860	      0.31870015	      0.59083741	      0.04158878	     -0.47239712	      0.02217110	     -0.13937634
      1.55666670	    -12.48031130	    -28.01738861	      0.30202127	     -8.58042636	    623.58411244	     24.66210377	      4.46378460	     -1.33616178	     -0.80892521	     -1.03242860	      3.09844012	     -3.81057358	     30.97836907	    -15.43331525	     -2.62784403	     -4.06334355	      7.23965508	      0.43372268	      0.03079998	     -0.00552432	     -0.20320216	      0.02496427	     -0.07547469
      1.56500000	     -2.07801937	    -40.59602486	     -2.68012511	     -9.38699978	    617.48601812	      9.22385732	      5.35437813	     -1.98447298	     -0.75921633	      2.53088088	     10.36345415	     -4.13117065	     34.30043789	    -21.54449575	     -1.03739349	     -6.03496877	     11.55514566	      0.32564605	      0.47645634	      0.03405229	     -0.45991873	      0.02326626	     -0.14751243
      1.57333330	     -6.45897256	    -33.88388238	     -3.93563506	     -0.84103528	    625.28506874	     16.86459843	      4.29296331	     -1.76624961	     -0.81557466	      4.13128268	      7.75895899	     -4.50563227	     31.58494558	    -18.15029619	     -2.19677900	     -4.87455621	      9.65188741	      0.38817251	      0.25488370	      0.01270984	     -0.33766022	      0.02402341	     -0.13280922
      1.58166670	      1.15846810	    -27.20079051	     -7.06217153	      3.20961156	    624.80720991	     -0.88955401	      3.95439987	     -1.26348387	     -0.84172587	      9.33865058	      1.88534041	     -4.12217547	     33.62490677	    -20.03428102	     -2.34950090	     -5.07132705	      7.42847619	      0.35996796	     -0.00475128	      0.02393521	     -0.19665948	      0.02301264	     -0.08475589
      1.59000000	      6.87797229	    -10.77279795	    -10.81181363	     41.37461126	    618.53160464	    -13.85955285	      4.90122451	     -2.66180076	     -0.64210552	     14.85603430	     -9.41049615	     -2.25213719	     31.52254513	    -16.54492782	     -1.65647550	     -5.43151830	      3.96051086	      0.37235297	     -0.34412866	      0.00998538	     -0.03281758	      0.02418267	      0.01574027
      1.59833330	      8.44474826	    -10.55608183	     -9.57509956	     15.99069820	    613.77996680	    -41.16187704	      3.93279995	     -1.09742973	     -0.58050483	     12.89835652	    -14.85872835	     -1.58918323	     35.13518225	    -22.93017306	     -2.26090867	     -5.03839629	      0.97309728	      0.37445536	     -0.63712131	      0.01424198	      0.12615606	      0.02383268	      0.09159082
      1.60666670	      6.44841881	     -4.77909501	     -9.39684061	     36.50806407	    614.82534790	    -16.36525519	      4.32233172	     -2.75765102	     -0.72027733	     14.94422071	    -14.60080957	     -2.05514460	     31.67569650	    -15.87879283	     -1.89058426	     -5.19938567	      3.36815715	      0.36475391	      0.37125432	      0.01381988	     -1.77359385	      0.02344223	      0.07895111
      1.61500000	      6.13478415	     -0.29213243	     -8.42254416	      7.38291995	    606.51018272	    -71.39497701	      4.55561888	     -0.38183698	     -0.18939723	      8.51915162	    -21.17198973	      0.36228125	     35.97060944	    -22.11072612	     -1.30049235	     -5.11697351	     -1.65948740	      0.40235160	     -0.84664520	     -0.00279073	      0.18772296	      0.02525738	      0.18385428
      1.62333330	     -5.14627073	    -14.00190267	     -7.49930715	     54.40682284	    614.13883378	     15.44916898	      4.78151953	     -3.68382238	     -0.71510893	      7.37370925	     -7.02117525	     -0.30321092	     27.78010742	    -13.06706466	     -3.15476457	     -5.28759121	      6.25193934	      0.35454432	      0.01918495	      0.01806928	     -0.22267251	      0.02320274	     -0.05155369
      1.63166670	      4.21524058	     -9.70619799	     -6.69669224	     16.57540388	    621.91523930	    -25.62460925	      4.04266083	     -2.13109330	     -1.22201699	      9.85553006	    -17.20626081	      0.00372658	     35.01113432	    -23.33420233	     -0.33867559	     -5.16993983	      2.77801920	      0.31729534	      0.67726110	      0.01555154	     -1.76823249	      0.02052073	      0.10303140
      1.64000000	     -6.76523441	     -0.90730190	     -5.79148870	     31.82502608	    604.59453044	    -66.70244206	      4.57843285	     -2.34728704	      0.16841788	      2.86372725	    -18.08854171	     -0.19346708	     29.96108072	    -17.66103145	     -2.61767632	     -4.45297998	      0.30586803	      0.51587853	      0.66910295	     -0.00204589	     -1.59299711	      0.03029015	      0.17674654
      1.64833330	      0.33552128	    -14.29704205	     -4.76595617	     19.92832764	    644.26083712	      7.80433159	      7.32742119	     -1.34751698	     -1.52886689	      7.99748183	     -7.77620525	      0.20030383	     32.35726082	    -15.93822125	     -1.63346418	     -5.79107875	      8.66030805	      1.14540374	      2.06491545	      0.56932130	     -2.68090857	      0.01606328	     -0.06828922
      1.65666670	    -15.13168188	     -3.65706577	     -6.30485437	     27.08558457	    604.68442034	    -75.86511048	      3.63846442	     -2.83779050	      0.16688360	     -3.97653213	    -17.90951478	      2.21099119	     30.02345432	    -20.99343392	     -1.59874281	     -3.99027788	     -1.89891933	      0.57012144	     -0.64770079	      0.00391182	      0.08717586	      0.03230056	      0.17961491
      1.66500000	     -9.32414696	    -13.83144007	     -3.99635402	     27.03071327	    644.39359010	     -4.69470616	      6.00715427	     -1.31390223	     -1.04114445	      2.27245110	     -8.84207784	      1.57888030	     30.20054645	    -16.69703003	     -2.27197069	     -6.17689324	      6.60725733	      0.22592860	      1.62046881	     -0.00205540	     -1.74844518	      0.01670350	     -0.04286973
      1.67333330	    -17.50719635	     -7.16036338	     -4.97360704	     21.75232972	    619.35004450	    -51.19804601	      4.14876843	     -2.33000194	      0.04012769	     -5.76371003	    -13.51055192	      3.26721277	     30.49178466	    -18.79739844	     -1.06743812	     -4.74489016	      0.74530289	      0.48186056	     -0.19187514	      0.00359800	     -0.12701409	      0.02851742	      0.07265363
      1.68166670	    -22.35431920	    -14.98276066	     -6.33664179	     19.48474368	    647.60302207	    -34.98297080	      5.39595904	     -1.38214387	     -0.91698487	     -6.23161872	     -9.40906412	      3.35719455	     27.82990675	    -19.45898363	     -3.69951358	     -5.87278037	      2.05391205	      0.28958668	      0.02012433	      0.00054954	     -0.20596456	      0.01925062	      0.01595166
      1.69000000	    -21.05844499	     -5.67741225	     -2.06523313	     26.38427717	    624.82948282	    -40.10683830	      4.35227445	     -2.03067146	      0.13076630	     -8.22250253	    -11.29542020	      4.33626064	     29.87115012	    -15.71130095	      0.84441016	     -4.57718032	      1.37927253	      0.48981690	      0.02211401	     -0.02228684	     -0.22415791	      0.02827298	      0.02902859
      1.69833330	    -29.27379861	    -14.76269106	     -6.66771556	     15.20789523	    642.45140916	    -44.69340890	      4.96100014	     -1.68680720	     -0.40409691	    -10.33813032	    -10.14768521	      4.34350118	     25.96527783	    -19.75509900	     -4.56876484	     -5.68676052	      0.79150846	      0.33779880	      0.06402990	      0.00468134	     -0.22615283	      0.02143801	      0.02842491
      1.70666670	    -21.68359244	    -10.57175573	     -3.88511202	      4.70620899	    646.74174179	    -42.99118460	      4.36807048	     -1.24159084	     -0.39978877	    -10.47117736	    -10.04376653	      5.40439504	     33.33095083	    -18.26372186	     -0.86722471	     -5.13814992	      1.27148014	      0.39792280	      0.14630465	     -0.03249486	     -0.27591831	      0.02353254	      0.01000195
      1.71500000	    -37.32345527	     -9.38134502	     -4.58647030	     10.76904411	    641.24461144	    -54.06801826	      3.57834555	     -2.44433178	     -0.30721389	    -15.32548772	    -12.23190237	      5.21343506	     24.98931370	    -18.31607720	     -1.93469706	     -5.67755465	     -1.41137267	      0.38541071	     -0.07938512	      0.02429678	     -0.15230543	      0.02409070	      0.08288102
      1.72333330	    -30.34248074	    -16.65825231	     -5.13534679	      6.42176092	    653.03817276	    -43.56263567	      4.21880150	     -1.52673388	     -0.13886201	     -9.89816529	     -5.78106477	      4.37883199	     26.74452922	    -19.20508567	     -2.90527435	     -5.64688940	      3.41030388	      0.39807964	      1.95839391	     -0.01875576	     -1.52582995	      0.02412742	     -0.00823653
      1.73166670	    -33.62950960	    -11.08165366	     -3.94492123	      3.74537374	    657.95609301	    -51.42872176	      3.73864384	     -1.01346238	     -0.28497135	    -14.35827189	     -8.41477407	      5.23790136	     28.35405405	    -17.76467166	     -1.81724835	     -5.29453689	     -0.50406338	      0.38123835	      0.10202396	     -0.01690604	     -0.19453144	      0.02247786	      0.03572700
      1.74000000	    -33.82060837	     -3.24351491	     -3.87364539	     -1.30265852	    641.08237136	    -54.10292083	      3.43895043	     -2.35058693	      0.07073172	    -13.99887403	    -15.01659584	      6.75774741	     27.37689200	    -15.39632924	     -1.59689985	     -5.62424084	      0.32513612	      0.39821756	      0.24133117	     -0.01705837	     -0.33003752	      0.02393307	      0.00164334
      1.74833330	    -34.04356710	    -22.59239037	     -4.58013744	      7.76880171	    686.49379315	    -46.84102462	      3.07067312	     -0.14012076	     -0.29406316	     -9.80788759	      0.31616787	      2.27316569	     27.07793860	    -21.29489252	     -2.92731917	     -5.67652550	      2.94280345	      0.38518955	      2.43024475	     -0.01536296	     -1.66931953	      0.02305168	      0.03976549
      1.75666670	    -37.54516657	    -13.63742896	     -6.25365669	      5.36732819	    657.24056745	    -56.23872825	      2.86309558	     -1.97697323	     -0.26543131	    -11.53423288	    -10.15487792	      5.33901696	     24.07073830	    -20.65489546	     -3.84519572	     -5.71267073	      1.03288168	      0.39665884	      0.27874578	     -0.00622908	     -0.27412590	      0.02371270	     -0.02017153
      1.76500000	    -33.28258667	     -6.29402167	      0.15697419	      6.09440912	    669.55183074	    -46.30103449	      3.18606275	     -0.81258829	      0.23443509	    -11.97837143	     -6.44208985	      3.56706957	     27.99401194	    -13.22289706	      0.58405834	     -5.48143722	      0.45786399	      0.41246011	      0.10090209	     -0.03993271	     -0.16861201	      0.02384784	      0.01808780
      1.77333330	    -35.83375682	    -11.76205938	     -5.83541522	      7.52861676	    681.13325297	    -50.00679910	      1.95455358	     -1.09012844	     -0.22804835	     -9.49235242	     -8.02141289	      3.56841612	     26.40266865	    -18.47834627	     -3.91418609	     -5.63201993	      1.00929269	      0.38862249	      0.14633506	     -0.02103071	     -0.20539357	      0.02272793	      0.00643398
      1.78166670	    -32.72877077	    -15.44722244	     -2.39632604	     18.60195467	    678.52791325	    -38.42649879	      4.38814943	     -1.03464372	     -0.22556775	     -6.20057311	     -5.18892492	      2.09662882	     23.03102995	    -17.48940574	     -2.97768223	     -5.47457259	      2.20910236	      1.50462915	      0.19643679	      0.44544178	     -0.14551143	      0.02510611	     -0.03207321
      1.79000000	    -32.45437076	     -5.01245799	     -0.35478904	      8.68027431	    693.65118079	    -43.09442454	      0.95098962	     -0.78695656	     -0.23601489	     -5.33738115	     -8.40011665	      1.06397510	     27.69511814	    -15.01345426	     -0.28255580	     -4.55031878	      3.49865909	      0.40169315	      1.60694338	     -0.04011044	     -1.08853182	      0.02120013	      0.01586861
      1.79833330	    -16.51829879	      5.62756658	     -7.36436060	     -0.86477559	    656.65191232	   -142.14521430	      4.01070360	     -1.89534291	      0.43404713	      0.59380562	    -27.47856035	      4.29254382	     28.49386174	    -24.10244011	     -4.24598825	     -7.25988976	      2.48812531	      0.40125672	      0.21217560	     -0.02735979	     -0.14344265	      0.02599995	     -0.04366666
      1.80666670	    -34.71254372	    -17.07722899	      1.64917474	     32.54774568	    711.20379023	     21.02887941	     -0.01116791	     -0.65582753	     -0.11085063	      0.99164913	      4.26751080	     -2.97830454	     22.39121831	    -10.14660720	     -1.08286679	     -5.01026363	      6.13457465	      0.42586931	      1.96064764	     -0.03268279	     -1.29347106	      0.02311194	     -0.02914346
      1.81500000	    -22.35269723	     -1.97231209	     -4.18393556	     19.68194915	    684.44445729	    -72.80783965	      1.80977955	     -1.38791312	      0.19140141	      3.04805388	    -15.67650197	      0.51129085	     26.16381892	    -18.24955206	     -3.31485459	     -6.12749660	      4.00851130	      0.39162276	      0.24406112	     -0.03773866	     -0.12960369	      0.02311132	     -0.07321780
      1.82333330	    -26.02457666	     -6.86719225	     -0.55382834	     27.85267034	    695.85343287	    -42.16760218	      0.88653688	     -0.70311440	      0.25257861	      3.66314537	     -8.08800429	     -1.51011102	     24.46069541	    -15.18448954	     -1.47147256	     -6.01175724	      4.82689053	      0.39324996	      0.21685915	     -0.03641321	     -0.11523594	      0.02303123	     -0.08064152
      1.83166670	    -23.87771473	     -3.45606984	     -2.41231676	     24.45232501	    692.51238411	    -36.29511776	      1.02659251	     -2.52823537	     -0.03236953	      4.52572048	    -11.24581505	     -1.58598545	     25.00802318	    -13.13839259	     -2.24470721	     -5.78396263	      3.79232333	      0.42975264	      0.15465908	     -0.04398887	     -0.08916473	      0.02389980	     -0.05354758
      1.84000000	    -23.89872565	     -3.97895548	     -1.46469578	     25.75633292	    693.82783402	    -66.41706829	      0.16586050	      0.76358523	      0.67732517	      5.74879324	    -11.52575744	     -1.90622957	     24.76453526	    -17.73173787	     -3.14420404	     -6.77396395	      5.61985627	      0.33286457	      0.20203359	     -0.02636861	     -0.11380650	      0.02165545	     -0.09646081
      1.84833330	    -23.38639154	     -6.91965093	     -0.97366622	     25.77477106	    686.08793450	    -24.68085218	      0.45803270	     -3.96505781	      0.00719536	      6.65199247	     -8.14998200	     -2.81781169	     23.73041053	    -12.38602450	     -0.26588773	     -5.19471145	      4.37535209	      0.50068845	      0.16678374	     -0.07206250	     -0.08391180	      0.02607503	     -0.06874439
      1.85666670	    -19.11365574	      0.85613699	     -3.65698243	      7.45681478	    685.99515876	    -68.03343934	      0.08625616	     -0.77960640	      0.50104364	      6.56461114	    -13.41335896	     -1.72462159	     27.66158553	    -13.93401993	     -3.67243814	     -6.09324669	      4.78253043	      0.39644627	      0.13244973	     -0.03707286	     -0.11589865	      0.02323217	     -0.06717541
      1.86500000	    -25.42145841	     -8.93637533	     -0.82990465	     21.34180780	    684.93995847	    -31.50783410	     -1.01791148	     -2.09615278	      0.60656659	      7.52426307	     -7.94089881	     -3.13422791	     22.52474218	    -15.06172621	     -1.35499527	     -6.12866962	      5.08686705	      0.40862406	      0.12562130	     -0.06691048	     -0.09842653	      0.02339572	     -0.07670315
      1.87333330	    -26.71753481	     -3.29562919	     -1.03277198	     22.90419009	    680.88441450	    -22.74493496	     -0.32986652	     -2.34020979	      0.36180366	      2.24059526	     -9.52264690	     -2.52626005	     25.06727505	     -9.96766618	     -2.96777413	     -6.50317854	      3.75596494	      0.38271675	     -0.02592780	     -0.01853620	     -0.04234960	      0.02298000	     -0.03841764
      1.88166670	    -18.95803716	     -5.07322649	     -2.65909424	      0.95793657	    670.64212674	    -52.56131974	     -0.63675427	     -1.95154333	      0.59048795	      8.80908089	     -9.20655529	     -2.17787924	     25.60041059	    -14.27316389	     -1.46425067	     -5.37196980	      5.67700332	      0.45736015	      0.17704940	     -0.09805823	     -0.17714927	      0.02441180	     -0.08712846
      1.89000000	    -23.51506917	     -5.16850499	     -1.02345113	     12.02028195	    685.15598508	    -11.68306446	     -2.21918558	     -2.80064577	      0.74016431	      8.91732610	     -6.47646810	     -4.22254177	     24.08485361	     -8.54508960	     -1.76013655	     -6.63792744	      7.69273689	      0.37180005	      2.70675899	     -0.02353536	     -2.67350221	      0.02260145	     -0.01965904
      1.89833330	    -20.70616079	    -12.28157147	     -2.08842813	     -1.95604685	    658.95711155	    -35.06500252	     -0.32297345	     -2.93078769	      0.55733421	      4.97578272	     -6.79564645	     -2.11830704	     26.71445444	    -15.14222143	     -2.51110031	     -5.64243079	      5.31515285	      0.44910813	      0.07673757	     -0.08415645	     -0.17405674	      0.02436010	     -0.07000045
      1.90666670	    -29.98350689	     -7.35762119	     -0.68806552	      5.56182119	    665.04515362	    -16.50376309	     -1.86363921	     -2.76553298	      0.60191765	      2.13573802	     -6.20602754	     -2.36374063	     22.88115334	     -9.86409479	     -1.85747961	     -6.59828153	      3.80783331	      0.36338385	     -0.15168023	     -0.06344060	     -0.03660067	      0.02174688	     -0.01992860
      1.91500000	    -25.02912814	     -7.83967400	     -2.85186974	     -4.41258161	    663.69078480	    -14.35391902	     -2.53216763	     -2.26786192	      1.37565299	      4.20350707	     -2.34815568	     -2.37606160	     25.89136596	     -7.79454090	     -1.97758398	     -5.70331681	      4.98371238	      0.46225493	     -0.04722880	     -0.04666830	     -0.10262593	      0.02602015	     -0.04897132
      1.92333330	    -25.90565740	    -10.52903776	      0.58079083	     -1.38074437	    642.64788364	    -13.16118444	     -1.39599153	     -4.16924454	      0.45722616	      2.36120407	     -7.62894533	     -1.57893787	     24.03823649	    -12.30082754	     -0.53243093	     -6.31151939	      4.56266335	      0.38984736	     -0.09946391	     -0.09139430	     -0.12041458	      0.02238303	     -0.03747829
      1.93166670	    -26.10807071	     -8.56884882	     -4.45592005	    -10.95410775	    667.43791970	     -5.63800088	     -2.24571672	     -2.11009745	      0.95589019	      2.05085826	     -0.24764631	     -2.13331965	     27.12764600	     -5.42235803	     -3.44137279	     -6.03334073	      4.74604915	      0.40438220	     -0.10636280	     -0.04901112	     -0.06756651	      0.02319036	     -0.04040598
      1.94000000	    -26.45009920	    -12.39480115	     -1.07362244	     -5.02824857	    639.28248909	     -8.30709031	     -2.33146743	     -4.14844035	      0.99567517	      2.44808674	     -5.22465435	     -1.49903261	     24.14527796	    -11.02892104	     -1.57284387	     -6.13025977	      4.68183230	      0.42340169	     -0.11720614	     -0.08873967	     -0.12106383	      0.02422815	     -0.03506910
      1.94833330	    -23.48677494	    -10.93345340	     -2.05204752	     -6.77957249	    655.88789209	     -6.03035313	     -1.12007473	     -2.74721193	      0.76138688	      4.10391915	     -0.73486747	     -2.26238856	     25.46425543	     -7.82957060	     -1.50407744	     -5.88102553	      6.82901042	      1.24627210	      0.95253649	      0.34330444	     -1.33146773	      0.02439720	     -0.05164636
      1.95666670	    -26.40413506	    -14.53269286	     -1.51784891	     -5.73866744	    657.95178851	     -4.27738849	     -2.42640803	     -1.39170319	      1.19702374	      3.84208757	     -3.42536450	     -2.47133626	     24.39421997	    -11.91299642	     -3.79164719	     -5.83470164	      4.83630985	      0.39181554	      1.05447722	     -0.11707571	     -1.59609108	      0.02203435	      0.02688405
      1.96500000	    -17.63938324	     -9.21401853	     -3.24509888	    -14.11660234	    627.50220327	      8.06248645	     -2.70167806	     -8.96571076	      0.80522278	      7.38297436	     -1.04939249	     -2.19968457	     27.01224050	     -2.80029840	      1.04723048	     -7.08860649	     11.01553177	      0.44150813	      1.63505805	      0.01298872	     -1.83118851	      0.02755994	     -0.17907049
      1.97333330	    -29.01814080	     -3.11634331	     -1.56818979	      6.89151456	    660.93870419	      3.91829015	     -1.85302904	      1.72434849	      1.59590496	      0.54900992	     -6.21979944	     -1.10577617	     23.38987357	     -5.68198799	     -4.98850949	     -5.68449341	      0.67784616	      0.38015067	     -0.51914929	     -0.15593560	      0.05216925	      0.02131759	      0.10157633
      1.98166670	    -20.48910469	    -20.93845482	     -3.61831762	    -28.55079032	    633.14266870	     -9.10422895	     -2.66925340	     -7.84636362	      0.35191832	      3.19154972	      2.27320285	     -1.63103600	     29.51420326	    -11.55228031	      0.69660129	     -6.75218370	      8.88677925	      0.43597817	      0.22966685	     -0.02290193	     -0.23719907	      0.02657277	     -0.16831161
      1.99000000	    -22.21297842	     -3.77091588	     -1.35067483	     12.79676233	    652.01700863	     21.14413184	     -1.55991130	     -2.27010202	      1.60802210	      5.38758757	     -3.96451000	     -2.07459053	     23.94559973	     -1.51118929	     -3.20119518	     -6.20396183	      6.07321755	      0.40178102	      1.26657610	     -0.10252287	     -1.84847550	      0.02366285	     -0.01131767
      1.99833330	    -24.95576163	    -10.18824972	     -2.48119390	     -2.75029225	    642.15272074	      0.19089922	     -2.29498418	     -4.10267474	      1.15791453	      3.60130560	     -3.67446811	     -1.53816084	     23.90954867	     -6.90598301	     -2.26997734	     -7.11783187	      5.64642680	      0.39371580	      0.75366822	     -0.05414129	     -1.18016173	      0.02538451	     -0.01984356
      2.00666670	    -14.92979656	    -13.95956502	     -0.58150347	     -4.30706019	    644.97516574	      8.33018159	     -0.54054478	     -4.92883714	      0.79942118	      5.34503916	     -0.62035829	     -2.48251764	     29.66880949	     -8.83611486	     -0.49857973	     -5.76783612	      8.04360581	      0.44605465	      1.01742948	     -0.10699469	     -1.31967377	      0.02512230	     -0.09587027
      2.01500000	    -23.87100831	     -4.00849948	     -1.86714542	     17.91025299	    645.07909332	     12.22172587	     -0.46537304	     -2.52819530	      1.90653839	      2.00121263	     -1.82047736	     -0.97429180	     23.54862612	      0.14142405	     -3.31953483	     -6.93495367	      4.62288608	      0.42330779	     -0.13879982	     -0.08299779	     -0.09365123	      0.02663213	     -0.03085555
      2.02333330	    -18.30478761	    -11.32830196	     -0.68280555	     -4.06482727	    644.24294442	     15.12607471	     -0.45015187	     -5.93609806	      0.51035875	      3.71783295	     -3.91198736	     -1.72915572	     27.79563200	     -6.55251414	     -1.30773610	     -6.89154957	      6.27250659	      0.39001726	      0.72339086	     -0.07513274	     -1.17975011	      0.02443035	     -0.04239306
      2.03166670	    -18.29631022	     -7.27733214	     -1.33041343	     12.30537135	    644.95274561	     13.38358009	      0.44139869	     -4.74034685	      1.44035207	      4.09109039	     -2.36982246	     -1.58816754	     25.92445574	     -1.94753861	     -2.49667618	     -6.86188395	      6.35424794	      0.42008959	      0.71116419	     -0.09047222	     -1.10318252	      0.02612938	     -0.04916652
      2.04000000	    -16.58684902	    -10.54810105	      0.59222895	     12.93724355	    643.45047625	     18.61592511	      1.56901407	     -5.25278934	      0.91468225	      2.45777044	     -2.70979281	     -1.04329553	     27.41641764	     -4.76173590	     -1.40616164	     -7.02421709	      5.28732779	      0.42542659	     -0.11143442	     -0.08127267	     -0.12140293	      0.02687425	     -0.04832067
      2.04833330	    -13.61399086	     -6.05195705	     -0.38359526	     18.52302218	    649.82897276	     15.73241648	      1.42480905	     -5.67812054	      1.47782069	      7.21811868	     -3.20050766	     -2.30245661	     26.47652452	     -0.85638335	     -2.60529069	     -6.94447524	      8.61637297	      0.41072400	      2.25387070	     -0.10916016	     -3.19032842	      0.02577946	     -0.04944532
      2.05666670	    -14.59223412	    -11.07724901	      1.57394394	     21.39022449	    642.64038679	     19.19178736	      3.19327075	     -6.15562814	      1.11716203	      2.41649382	     -2.92843441	     -0.94259742	     27.20941244	     -4.19587596	     -1.50159486	     -7.27592201	      5.30871123	      0.44225471	     -0.10782159	     -0.09697601	     -0.12501310	      0.02830830	     -0.04902333
      2.06500000	     -9.44764679	     -4.87202308	      1.53203060	     18.19608030	    645.34300558	     25.65292689	      3.79305649	     -6.29302229	      1.23958728	      5.40098936	     -2.58809397	     -1.73536875	     28.57556951	      1.94745422	     -1.88678812	     -7.09978062	      7.52696862	      0.43206219	      1.35511398	     -0.10023123	     -1.98093004	      0.02748646	     -0.05014442
      2.07333330	    -13.51793297	     -8.40559529	      2.40810629	     32.73863925	    645.47764916	     23.54285151	      4.75824796	     -6.63533855	      1.34460480	      2.09333745	     -3.26368451	     -0.92797812	     26.75167836	     -1.24911201	     -1.97489199	     -7.28658496	      5.18173667	      0.44729566	     -0.10468130	     -0.12675980	     -0.12573505	      0.02862417	     -0.04833923
      2.08166670	    -10.52078408	     -7.93332802	      2.66381877	     25.03189698	    640.40857381	     23.44765723	      5.39074102	     -7.55701762	      1.43022393	      1.96615890	     -3.14898938	     -0.83386914	     28.55139249	      0.35950015	     -1.70897383	     -7.35862689	      5.31315248	      0.46164483	     -0.11171088	     -0.12771693	     -0.12531109	      0.02973524	     -0.04919691
      2.09000000	     -6.95205245	     -6.01794000	      3.52208471	     29.23902563	    641.40388067	     27.33892222	      6.75716574	     -7.50546188	      1.19403268	      3.86185253	     -3.62352175	     -1.20043493	     28.48408515	      1.26210604	     -1.75536369	     -7.22096385	      6.48929536	      0.46164344	      0.74628844	     -0.11497226	     -1.24690074	      0.02995641	     -0.04753135
      2.09833330	     -8.52313858	     -8.76598626	      4.62362324	     28.15613888	    638.09704930	     28.67897762	      7.34925007	     -8.29284258	      1.39999082	      1.47506107	     -3.04103536	     -0.82562922	     28.50864235	      0.85056281	     -1.25113604	     -7.23085178	      5.30641551	      0.49724219	     -0.10636866	     -0.15652952	     -0.12809419	      0.03170134	     -0.05108974
      2.10666670	     -2.38367251	     -2.62259950	      3.00031487	     25.85845345	    636.12897313	     25.27167069	      8.18939634	     -8.01946210	      1.14712757	      4.61089521	     -3.91777811	     -1.26290268	     30.03749660	      4.45586824	     -2.41919453	     -7.00254741	      7.50212772	      0.48840230	      1.40359786	     -0.12282505	     -2.14938818	      0.03175527	     -0.04706512
      2.11500000	     -6.25606033	     -4.61619034	      5.60060244	     27.40017561	    637.11943133	     33.51106606	      8.52745714	     -8.55426785	      1.37571698	      1.48669667	     -3.20966576	     -0.72306796	     29.00876329	      4.28255426	     -0.34138737	     -6.96648272	      5.15346674	      0.51764559	     -0.10541168	     -0.15610691	     -0.12448881	      0.03324895	     -0.04795098
      2.12333330	     -4.26126690	     -4.74522493	      4.24647751	     23.19738886	    626.15815483	     32.00010243	      9.87354701	     -8.66933991	      0.50943322	      0.49813868	     -3.93443356	     -0.65968143	     29.95510582	      3.68117048	     -1.93489428	     -6.37522765	      5.07641805	      0.52295050	     -0.10657952	     -0.11971681	     -0.12925153	      0.03341617	     -0.04893188
      2.13166670	     -0.21927737	      1.33335960	      4.40519323	     11.96350242	    626.88383754	     29.86694047	     10.06202224	     -8.78081225	      0.71127850	      0.97611557	     -3.96482131	     -0.54892008	     32.51492765	      8.27798511	     -0.58404522	     -5.99127607	      5.32383980	      0.55828357	     -0.11438189	     -0.12936592	     -0.13533462	      0.03495128	     -0.04885946
      2.14000000	     -6.81121347	     -4.26176500	      4.01380813	     19.00390512	    620.33420577	     33.44900673	     10.17856487	     -8.59101760	     -0.15468531	      0.15932288	     -3.55018700	     -0.56442258	     27.93183443	      3.46720936	     -1.02230237	     -5.64707285	      4.97325795	      0.54628260	     -0.10451640	     -0.08641389	     -0.12522914	      0.03498420	     -0.04705610
      2.14833330	      6.70928310	      6.38297371	      3.69378475	      3.48104426	    616.14427708	     30.69160564	     11.61367304	     -8.05290721	     -0.30685825	      3.73122895	     -4.17557338	     -1.31366037	     34.01300747	     11.17756595	     -0.81009229	     -4.41632189	      7.69838946	      0.59153843	      1.57041659	     -0.08129438	     -2.38044445	      0.03526631	     -0.04956003
      2.15666670	     -4.67536233	     -0.25387554	      2.22892988	      6.61258122	    616.92759611	     29.83480616	     10.84466298	     -8.48685344	     -1.19165762	     -0.09397605	     -3.77365979	     -0.44612104	     29.47829937	      5.44725683	     -0.75015160	     -4.03442375	      5.03971384	      0.57644628	     -0.10923154	     -0.02550206	     -0.12947100	      0.03504533	     -0.04635903
      2.16500000	      5.11451800	      9.55575383	      3.16015863	     -8.03658244	    603.24171253	     33.74405600	     12.58535763	     -7.29506128	     -1.96218338	      0.73770493	     -4.15892781	     -0.92737069	     33.90581888	     12.02924164	     -0.06151074	     -2.58559294	      5.93487548	      0.61133912	      0.57166443	      0.01048418	     -0.94803385	      0.03474048	     -0.04914775
      2.17333330	     -1.20249789	      4.72168075	      0.25304639	     -5.79420223	    606.30756999	     21.34131088	     11.54860451	     -7.48884943	     -2.47716766	     -0.58552330	     -4.08136394	     -0.29346144	     31.84273980	      7.07031505	     -0.64133292	     -1.99842884	      5.14206586	      0.59379717	     -0.11553976	      0.04807533	     -0.13665064	      0.03332398	     -0.04639787
      2.18166670	      2.32464981	     13.39646051	      1.71635881	    -11.72120225	    596.51252588	     33.91267769	     12.72191766	     -5.55476095	     -3.30174033	     -0.96403748	     -3.47211295	     -0.50218922	     32.83149159	     12.80632419	      0.25492834	     -0.57994768	      5.07657015	      0.62372846	     -0.09764844	      0.08834305	     -0.13101409	      0.03270227	     -0.05132412
      2.19000000	      5.33036530	     10.12446107	     -0.36564773	    -16.81742900	    596.02655122	     20.09745574	     12.66769801	     -5.84631733	     -4.19122941	      2.88606845	     -3.83615145	     -1.33702314	     32.78601584	      8.88685344	     -0.22508868	      0.32615621	      7.63992965	      0.60755921	      1.66527740	      0.14478239	     -2.37328167	      0.03068612	     -0.04431636
      2.19833330	      2.16395382	     17.63482743	      0.24918717	    -15.54922037	    593.80188943	     26.30305244	     13.05539743	     -3.82340328	     -4.49715894	     -1.67889892	     -3.50721020	     -0.35790560	     33.16007006	     13.19141090	      0.10858507	      1.37311340	      5.11136553	      0.61569359	     -0.09776023	      0.16033697	     -0.13630587	      0.02902279	     -0.05143189
      2.20666670	      3.72716417	     14.84960200	     -1.09075083	    -34.57684291	    587.79163492	     27.67341433	     13.71766480	     -5.88875905	     -5.94604856	     -1.60925344	     -3.15284301	     -0.28450170	     34.35832439	     12.78950686	      1.15383788	      2.64227200	      5.25651144	      1.36908147	     -0.13696326	      0.48969284	     -0.12871113	      0.02754410	     -0.04581986
      2.21500000	      4.63790326	     16.83097656	     -0.46555603	    -17.56588937	    589.43260616	     17.79790148	     13.41450197	     -1.86441478	     -5.51496171	     -1.37830049	     -3.91442745	     -0.23896910	     34.55996146	      9.36988492	     -0.25880227	      2.81922562	      4.80906663	      0.59617179	     -0.11478958	      0.22436805	     -0.12846272	      0.02579356	     -0.04152805
      2.22333330	      7.95761506	     22.43609526	     -0.48408338	      4.49654761	    596.13496672	      2.20205515	     13.99296733	      0.56914143	     -5.52758314	     -0.23066392	     -1.18813455	     -0.17752748	     35.33122747	     12.75578992	      0.75695085	      3.74743316	      6.02100798	      0.59016676	     -0.05876637	      0.18460540	     -0.16220199	      0.02237763	     -0.06486279
      2.23166670	     -3.54873916	     21.02555958	     -0.99255549	    -51.08341656	    573.49778687	     49.02028747	     13.07919120	     -5.72384548	     -7.03247510	     -3.67104894	     -4.08440225	     -0.20385923	     30.56221081	     16.25702040	      1.51427350	      3.88778301	      4.62552150	      0.57985573	     -0.18868721	      0.31124643	     -0.10948780	      0.02372853	     -0.03108118
      2.24000000	      8.28150318	     15.90819375	     -0.25046457	      2.46552654	    602.19395990	     -5.77953225	     14.72387157	      0.96344739	     -6.17624962	     -0.36298228	     -1.46489249	     -0.07816446	     36.13553237	      6.13225516	      0.51159127	      4.00363299	      5.87530790	      0.52414947	     -0.07072720	      0.20352145	     -0.15935862	      0.01858605	     -0.05953491
      2.24833330	      8.86607981	     28.77775588	      0.20196008	    -31.17549947	    581.38792450	     61.57175027	     12.87167556	     -4.15537051	     -5.70186077	     -3.36385647	     -4.48581380	     -0.14460164	     39.76186069	     23.21577330	      1.05773467	      3.98595616	      4.33186469	      0.54310897	     -0.20647055	      0.28444587	     -0.09464504	      0.02169274	     -0.02464722
      2.25666670	     -0.41049930	     14.78760233	      0.54066709	     -4.67480987	    601.55651767	    -26.69744402	     15.38371670	      2.38804150	     -6.70684861	     -0.07133069	      0.58664942	      0.01620344	     28.94205698	      2.51430269	      2.54944769	      3.39589777	      6.95482314	      0.47028078	     -0.00452944	      0.14774323	     -0.20748990	      0.01594434	     -0.08174016
      2.26500000	      7.74837615	     19.65232449	      0.35266284	    -15.41836138	    594.95986027	     58.61961782	     12.49384585	     -3.87370917	     -5.58774552	     -2.99140136	     -3.13395579	     -0.05895518	     40.22873194	     16.42950098	      0.46419021	      3.18777673	      4.53942359	      0.47239653	     -0.20617433	      0.27729825	     -0.09314320	      0.02005513	     -0.02569897
      2.27333330	      2.63501859	     19.08598112	      2.84575235	    -23.62013743	    611.53086183	     25.19319875	     14.06876645	     -0.56825835	     -5.30830395	     -2.30525799	      1.35970115	     -0.51807938	     35.64938812	     14.25868418	      2.19348445	      2.31285313	      6.18811940	      0.41951459	     -0.04284663	      0.14412911	     -0.15510387	      0.01591997	     -0.07587690
      2.28166670	      5.95184480	     14.98818916	     -0.26008522	      3.65826809	    601.19285991	     24.76959404	     12.52112445	     -1.85484866	     -4.94160765	     -0.40640158	     -3.29479368	      0.21189692	     36.83676968	      8.28299117	      0.97036907	      1.30466790	      6.03511598	      0.39295251	      0.38627792	      0.19471943	     -0.83942282	      0.01866177	     -0.02943066
      2.29000000	      3.05731989	     17.84496806	      1.77111642	     -6.03335320	    610.62252202	     37.50834776	     12.98585205	     -3.14331002	     -4.22508259	     -1.67992731	     -2.50051338	     -0.21525005	     35.78865436	     13.40341378	      2.23945897	      0.45084028	      5.64999521	      0.38100395	      0.39766598	      0.13747751	     -0.91955085	      0.01833209	     -0.02909721
      2.29833330	      6.41389895	     16.50449978	      1.51797079	    -11.33762465	    616.40937956	     28.20306119	     11.54968983	     -1.06830256	     -3.97225711	     -1.11739017	     -0.52324219	      0.27632799	     40.20215273	     11.23918671	      2.46785925	     -0.30759021	      6.47884516	      0.34876269	     -0.06444088	      0.10830066	     -0.20857416	      0.01781662	     -0.06628605
      2.30666670	     -1.51646525	      8.73054907	      1.84067359	      0.83100336	    631.45951560	     43.69589830	     11.39065634	     -4.04159721	     -3.35030360	      0.79887211	     -0.41024702	     -0.94881484	     33.94730594	      8.94552880	      1.91359793	     -1.62389968	      7.59683600	      0.33338700	      1.61039491	      0.09161149	     -2.59478305	      0.01906543	     -0.04200189
      2.31500000	      6.92201315	     12.11981388	      1.61725177	    -10.66283216	    607.60988070	     30.51908604	     11.31080161	     -2.11796947	     -2.64119256	     -2.40401618	     -0.83406834	      0.26871712	     41.25778811	     10.27365385	      0.74640521	     -2.36355191	      6.41404759	      0.34215469	     -0.12047443	      0.04959920	     -0.18233587	      0.02059949	     -0.06228384
      2.32333330	     -1.33143385	      6.30854424	      2.46347796	    -12.52227202	    662.42053291	     79.45815131	      9.98168171	     -7.09759022	     -3.17202792	      1.48617739	      2.83183952	     -1.34892436	     37.70569454	     13.23492050	      4.41884660	     -3.34570655	      8.19715500	      0.67467226	      1.73447703	      0.23533284	     -2.55443818	      0.01857905	     -0.06022054
      2.33166670	      6.20410281	     20.60551672	      0.79118942	     16.82394060	    602.20882804	     -8.68710352	      9.22180119	      1.64121956	     -0.56357508	      1.86313423	     -6.53839390	      0.56788028	     37.19031871	      6.65817248	      1.86427978	     -3.34258810	      7.68875416	      0.45207723	      1.79283146	     -0.09033833	     -3.20232347	      0.02591454	     -0.00650945
      2.34000000	     -5.66892116	     -9.83877400	      0.17339836	    -28.07569817	    655.26269339	     89.43544062	      9.70534956	    -10.45692916	     -3.02953010	     -3.29602710	      4.60677316	     -0.72638344	     39.61140579	      6.70677913	      0.51499859	     -5.58831937	      6.55078352	      0.22057250	     -0.02354360	      0.10412924	     -0.17995253	      0.02007583	     -0.08712961
      2.34833330	      1.41818525	     22.06335148	      1.93278706	     11.57567206	    617.65244094	     21.88666907	      7.79464278	     -1.41049315	      0.01685634	     -0.79830359	     -4.65610224	      0.55831955	     38.12431093	     12.37756869	      4.87919109	     -4.42499632	      5.86040617	      0.45397013	      0.38053634	     -0.11079947	     -0.93295693	      0.02687999	     -0.02702372
      2.35666670	     -0.67511569	     -5.18776244	     -0.63577666	    -17.91429740	    642.66863846	     57.20395954	      8.37137342	     -7.68006448	     -1.63440631	     -0.15221058	      0.75761996	     -0.73204491	     40.82974674	      3.06204786	      0.75779276	     -5.91499741	      8.08218751	      0.35996461	      1.73260286	     -0.01327372	     -2.67759242	      0.02603959	     -0.05574019
      2.36500000	     -7.35936482	     13.47976118	      1.48462724	     -2.94709134	    646.60179423	     47.95590747	      7.42499158	     -3.24876303	      0.08846715	     -2.57895033	      0.30056062	      0.16091306	     35.92941819	     14.10753538	      2.91198982	     -6.25184345	      5.66078909	      0.35051451	     -0.13585043	     -0.05855017	     -0.13821514	      0.02527168	     -0.04876725
      2.37333330	     -2.44725326	     -0.14635869	     -0.49768010	     -6.36066362	    628.07634304	     46.73797263	      7.12788720	     -6.87624304	     -0.61331477	     -2.92749300	     -2.07309191	      0.43768876	     40.86500054	      2.50893491	      2.79765268	     -6.14300322	      5.23184987	      0.45429496	     -0.13512787	     -0.07830078	     -0.14612303	      0.03051595	     -0.04499312
      2.38166670	     -3.61475855	      3.48367673	     -1.29013826	     -9.11154717	    644.17180927	     41.61172701	      6.74001178	     -6.22572733	      0.05717964	      0.52105364	     -0.82528675	     -0.41777566	     38.19297557	      6.48491556	      2.06466276	     -6.64916728	      8.04965649	      0.42413999	      1.69227687	     -0.08226873	     -2.80075494	      0.02951966	     -0.04695061
      2.39000000	     -7.03579136	      5.01699630	      0.93778410	     -7.87234540	    633.98242719	     56.09318992	      5.81611934	     -5.64153724	      0.15411674	     -2.62425254	     -1.04397011	      0.15063993	     38.01273271	      7.19650332	      3.56088891	     -6.98810004	      6.18440814	      0.44221802	      0.34881266	     -0.08740897	     -0.82036089	      0.03178417	     -0.05167916
      2.39833330	     -7.42549947	      0.72648642	     -5.26595664	    -14.25188611	    650.35869782	     17.81752018	      5.68481345	     -6.70832993	      0.02007042	     -2.88123677	      0.15468368	      0.35301414	     40.05957126	      3.97253987	      0.63980003	     -7.34030092	      5.10645327	      0.45091082	     -0.12569298	     -0.08967612	     -0.14794078	      0.03234616	     -0.03558428
      2.40666670	     -6.25306320	      3.87453987	      3.68962198	     -5.66060487	    626.48379583	     77.27445627	      4.53786298	     -4.39138720	      1.33010635	     -0.84840420	     -2.20462918	     -0.22214688	     37.36263024	      6.58731959	      3.70344308	     -7.64259463	      8.41795885	      0.45385805	      1.92964627	     -0.12505875	     -3.19534633	      0.03437859	     -0.05946053
      2.41500000	    -11.83070802	      5.58592134	     -5.48813625	    -18.22091967	    643.65200939	     20.88777288	      3.33362086	     -7.25627366	      0.45705172	     -2.30044919	     -1.62252449	      0.46743845	     37.29916204	      5.29522644	      2.82469266	     -8.14648340	      5.32962575	      0.44360749	     -0.10713232	     -0.09670346	     -0.16050072	      0.03451465	     -0.04469582
      2.42333330	    -11.24826468	      0.51084327	     -4.23210460	    -27.86661640	    644.06351150	     21.33969821	      2.38944112	     -5.79873128	      0.67990302	     -4.35090886	      0.25095191	      0.49571483	     41.07685069	      2.84100669	      1.72139048	     -8.56090194	      5.05565186	      0.45110578	     -0.14837335	     -0.11599524	     -0.13780534	      0.03622967	     -0.03580252
      2.43166670	    -17.46933208	      5.90714517	      2.32307622	      7.27578410	    627.67300310	     66.75812488	      1.34544381	     -2.67798438	      2.58340552	     -3.80510751	     -2.81341171	      0.19121523	     33.02593939	      5.30610324	      2.34621713	     -9.27625034	      5.85772742	      0.40394866	      0.36361543	     -0.17248614	     -0.79457203	      0.03641944	     -0.06161707
      2.44000000	    -11.99716672	      3.07709536	     -8.60260541	    -47.60931682	    643.00357572	      5.73547733	     -0.99911827	     -7.48718327	      0.81935741	     -2.49548897	     -1.65253729	      0.61550977	     42.14501622	      2.08750675	      2.95654493	     -9.94867380	      5.30471639	      0.40362252	     -0.12404043	     -0.09972666	     -0.16092423	      0.03800801	     -0.04024747
      2.44833330	    -21.82356780	     10.47666318	      0.02814174	    -16.13965485	    635.17387878	     38.32683279	     -1.74784787	     -2.57641168	      2.88213366	     -4.63473306	     -0.89891529	      0.31335846	     34.04932095	      7.89403856	      3.47182339	    -10.47316900	      5.61617861	      0.38090682	      0.25031728	     -0.19742042	     -0.67030029	      0.03844745	     -0.04851115
      2.45666670	    -24.38037880	      0.54306854	     -5.88633535	    -20.17051508	    638.94358399	     14.55354071	     -4.28173128	     -4.07282621	      2.44205990	     -4.19410243	     -2.60180313	      0.77890287	     35.44061330	     -3.07592971	      1.36191225	    -11.33389113	      4.85312992	      0.32915595	     -0.11345837	     -0.16594235	     -0.15485218	      0.03864295	     -0.04221266
      2.46500000	    -18.81316972	      6.89050112	     -4.13233349	    -42.30372735	    638.47512893	     21.46571091	     -4.85632108	     -2.57454392	      3.40940588	     -4.21954660	     -0.69494295	      0.36534993	     39.86621885	      5.13487482	      1.34289899	    -12.17111115	      5.17922074	      0.31233818	     -0.12979470	     -0.19173345	     -0.13255740	      0.04031416	     -0.04749838
      2.47333330	    -28.38710101	      8.25111540	     -3.22092709	    -24.47666826	    636.62306834	     20.18377204	     -7.34953351	     -2.48702953	      4.17968846	     -5.23075887	     -2.17823113	      0.82564643	     34.87741862	      2.58737588	      3.31634468	    -12.34557476	      4.91709092	      0.28456204	     -0.11400187	     -0.23298523	     -0.15123327	      0.03981146	     -0.04614803
      2.48166670	    -27.31280994	      5.89608336	     -5.28917057	    -31.67462887	    639.86994616	     10.88328183	     -7.93192177	     -2.30564981	      4.07481699	     -4.29249551	     -2.20411116	      0.81401109	     35.72632100	      0.31565369	      2.17060334	    -12.97760012	      4.94217861	      0.24844541	     -0.11710135	     -0.22125948	     -0.15080492	      0.04016494	     -0.04308906
      2.49000000	    -28.63544349	      9.33788382	     -3.56297805	    -31.40319672	    644.37030646	     14.79154364	     -9.39930617	     -1.48591784	      5.47977617	     -4.58495606	     -1.64094142	      0.53448953	     36.28941894	      3.95371139	      2.22515307	    -13.19068853	      5.58925427	      0.23405205	      0.31311881	     -0.26722889	     -0.75978142	      0.04056285	     -0.04720384
      2.49833330	    -25.32135279	      3.82478562	     -4.60053688	    -38.18338967	    644.01280117	     11.13150834	     -9.99566145	     -2.45333938	      5.08426933	     -4.31925961	     -2.87299941	      1.04036045	     39.71043019	     -2.36889584	      3.46148566	    -13.09235221	      4.88597574	      0.21148590	     -0.10640641	     -0.26542816	     -0.16308522	      0.03964322	     -0.04349231
      2.50666670	    -43.50024294	      9.19944555	     -3.70679249	    -14.54703672	    636.47289330	     15.40598503	     -9.65046024	     -1.18749125	      6.98129204	     -6.57060995	     -0.76224791	      0.52718928	     25.05943010	      5.66184626	     -0.19540737	    -13.07587962	      4.91578201	      0.22251760	     -0.12000224	     -0.30108029	     -0.12625559	      0.04108324	     -0.05011254
      2.51500000	    -20.87032528	      1.68578774	     -3.28020011	    -31.85815575	    654.23326283	     10.25146546	     -9.43928190	     -2.78461361	      5.73361676	     -4.37971804	     -3.03450916	      1.12908855	     43.32326365	     -3.75786659	      4.27274445	    -12.00274556	      4.63462062	      0.23304954	     -0.10725921	     -0.31226846	     -0.15719267	      0.03921756	     -0.03866087
      2.52333330	    -35.40878266	     -3.57531237	     -7.69665576	    -19.92224017	    654.56701490	     19.99037995	    -10.02377771	     -5.25658710	      5.98271206	     -5.05248060	     -1.73191046	      0.86539959	     33.47512049	     -4.35571640	      0.49655588	    -11.87166088	      4.80209364	      0.23012026	     -0.11341272	     -0.24648025	     -0.14382823	      0.03981482	     -0.04354831
      2.53166670	    -25.19500965	      9.16900578	      3.79260862	    -23.86263812	    641.34641414	     10.15932976	     -3.67380608	      1.89074483	      8.61281033	     -7.72864261	     -2.77783353	      0.77062186	     35.13829804	      6.32414245	      1.23478742	    -11.24025303	      4.80851441	      0.76778280	     -0.11423729	     -0.39938943	     -0.14467462	      0.03847406	     -0.05453634
      2.54000000	    -36.28099186	    -13.82268806	    -15.30652307	    -18.16224622	    687.09111811	     35.10166160	     -9.61320584	    -15.08180495	      3.04880669	     -2.47323931	     -1.46226959	      1.38369728	     34.17476733	    -10.33899472	      4.66486270	     -9.17566509	      5.02757614	      0.24434275	     -0.09481428	     -0.09195397	     -0.17356870	      0.03488519	     -0.03590300
      2.54833330	    -19.67522550	      1.77051705	      3.41516016	      0.40829464	    650.35133304	     36.85857352	      0.58162668	     -1.87195030	      7.68896289	     -4.24287523	     -1.35383243	      0.18178432	     33.59298877	      5.72143313	      0.05277552	     -8.79911117	      8.47531024	      0.33701839	      2.35147080	     -0.40182376	     -3.99496129	      0.03826022	     -0.05245261
      2.55666670	    -26.72709664	    -16.17584600	    -10.17063197	    -13.30987203	    680.01012459	     34.94207783	     -2.12426812	    -12.42075625	      4.18471560	     -4.73312845	     -1.73869179	      1.14834329	     36.20281767	     -8.24893935	      1.25187150	     -7.19536324	      4.86080723	      0.33047532	     -0.10312834	     -0.17868574	     -0.16262872	      0.03462189	     -0.04156143
      2.56500000	    -21.50915880	    -10.04252634	     -4.83590871	     -6.43821770	    678.78518710	     41.32273694	      2.23796895	    -10.47720631	      4.44788231	     -2.56062861	     -1.46434346	      0.37343879	     33.47700456	     -1.91882075	      2.30610740	     -6.04044677	      7.86141514	      0.37947867	      2.02287689	     -0.20437399	     -3.09214184	      0.03427327	     -0.04474451
      2.57333330	    -18.74099331	    -16.88361438	     -7.92825144	     -6.52132055	    684.77736773	     40.52415980	      3.68671520	    -12.52432773	      3.86997976	     -5.19350842	     -1.95569063	      0.94540640	     37.92650127	     -6.06111382	      0.40637023	     -4.86461595	      5.31869026	      0.40676685	      0.14488603	     -0.18249163	     -0.50823262	      0.03299309	     -0.04598798
      2.58166670	    -15.75015367	     -9.64695664	     -2.35528918	     10.36718085	    650.56505326	     40.01939073	      9.25412248	     -9.82804655	      3.42732207	     -5.95522349	     -4.20863485	      1.92144010	     31.83348045	     -2.61510863	      3.79045038	     -3.29074172	      4.84149691	      0.56951557	     -0.11380925	     -0.19368850	     -0.17476395	      0.03818732	     -0.04521446
      2.59000000	    -15.19845600	    -18.20212717	     -5.21633711	      9.53071697	    705.73145568	     45.14187173	      6.69129340	     -9.75578297	      2.95418549	     -2.47998544	     -0.66985116	      0.02903906	     36.56444848	     -7.72050369	     -1.39797197	     -2.06454668	      8.56859234	      0.45149152	      2.25990257	     -0.17276764	     -3.41402156	      0.02737673	     -0.05777241
      2.59833330	    -12.32364675	    -26.82478375	     -6.72332145	    -12.23603106	    678.95085690	     62.20381682	     12.43319394	    -17.21298564	      0.51377324	     -6.99618652	     -1.16231963	      1.17433202	     37.36069259	     -8.49766292	      2.66052024	     -2.60568647	      4.77098134	      0.50037187	     -0.12590043	     -0.01709243	     -0.16148190	      0.03319355	     -0.04103995
      2.60666670	    -16.04840687	    -15.45012235	     -6.97881192	      9.81491698	    683.90835093	     60.35811053	     11.87779529	    -12.77148600	      0.99427927	     -6.83450942	     -1.63167489	      1.21707655	     33.56003677	     -2.90974290	      0.20754514	     -1.04542981	      4.97227202	      0.53130398	     -0.12398726	     -0.07580813	     -0.14937925	      0.02982042	     -0.04776554
      2.61500000	    -10.02120318	    -18.86664001	     -5.49388908	     -4.18023409	    674.25503213	     46.44110856	     12.69708765	    -10.94729128	     -0.77424249	     -6.64956837	     -2.16885569	      1.46011622	     37.04192438	     -9.19820567	      1.48019499	     -1.06630843	      5.03208651	     -0.00038430	     -0.14218638	      0.53931674	     -0.17290224	      0.02894792	     -0.04088311
      2.62333330	    -12.48493731	    -17.52457078	     -3.24507628	      6.68752605	    658.50835153	     38.00160930	     10.81852454	     -6.19598712	     -2.34735073	     -7.06011603	     -1.40710743	      1.27728118	     35.43054986	    -13.36223117	      0.57182258	     -0.81697170	      4.77236002	     -0.96586878	     -0.11567699	      1.25875758	     -0.14952376	      0.02939514	     -0.04469713
      2.63166670	    -14.47453121	     11.71320857	     -2.82389496	    -13.58463766	    604.98799687	     32.10972851	     -1.19310986	      2.58297466	     -1.69945571	     -6.40449486	     -2.79816351	      1.41981197	     38.34481319	     -2.02178829	      1.04090669	     -2.30848763	      5.74873975	     -3.93305477	      0.05836115	      2.33018069	     -0.45705720	      0.02656654	     -0.05298442
      2.64000000	    -26.60873455	      0.35581588	     -3.44463536	    -15.63947882	    558.05977112	     32.88319225	    -12.87947787	      0.72978308	      0.07247181	     -7.43891791	     -1.04295310	      1.19850866	     37.13942103	    -14.57796821	      0.99609091	     -1.00085926	      4.72299132	     -6.03887182	     -0.13151978	      3.23780330	     -0.16308245	      0.02891073	     -0.03830881
      2.64833330	    -25.95784996	     21.26309169	     -2.25858162	    -12.20074165	    546.51318665	      8.37633011	    -13.37052331	      7.90909824	      0.90101958	     -6.63594084	     -3.61432558	      1.86038179	     34.55976661	     -4.92213164	     -0.16193981	      1.69201723	      5.24463979	     -7.05719035	     -0.11726261	      3.81450732	     -0.15049409	      0.02213722	     -0.05465539
      2.65666670	    -15.07013144	     -0.38085564	     -1.53343118	    -16.27959650	    526.79187131	     15.40807130	     -8.95732450	      4.75521626	     -2.51551680	     -7.66685345	     -1.47060649	      1.11617621	     40.82748153	    -19.94379447	     -0.77113658	      4.06154793	      4.74353733	     -7.59418340	     -0.13100423	      4.81823343	     -0.17459379	      0.02716837	     -0.03860849
      2.66500000	    -17.51202921	     25.24775681	      0.83825367	     -8.18022938	    524.11178000	      3.92674564	     -7.61213478	      9.50107568	     -3.07261939	     -6.21406920	     -3.15333147	      1.76684601	     34.58507200	     -5.62342548	      3.54808062	      5.29876658	      5.67284605	     -7.28518418	     -0.12427082	      4.82083729	     -0.16908060	      0.02385430	     -0.05625519
      2.67333330	    -12.13624629	     13.93987167	     -1.77474634	    -10.94809298	    525.69929201	     -4.35781280	     -6.77543557	     10.95147726	     -2.91984968	     -7.26834105	     -2.93505002	      1.33078308	     39.77336854	    -12.43619977	     -3.43516687	      4.03019088	      4.61799735	     -7.86865118	     -0.09956098	      4.78562706	     -0.16213153	      0.02533963	     -0.04472967
      2.68166670	    -20.79114358	     21.69070045	      3.70572717	     -8.00635412	    511.81724652	      8.60316567	    -10.79715774	     11.96429101	     -2.69330911	     -7.54966283	     -3.28031509	      1.39738205	     34.64901680	    -10.65732580	      3.18953949	      3.63702374	      5.06099270	     -8.47718489	     -0.17919096	      4.54643817	     -0.17129587	      0.02306586	     -0.03684131
      2.69000000	    -11.97378752	     14.23159303	     -3.81685122	    -13.49555892	    513.65776342	    -17.03811664	     -9.60947194	     10.00645127	     -2.19093399	     -5.91086119	     -4.38415597	      1.50001852	     40.47991042	    -14.83499233	     -2.15602480	      4.88995338	      4.73738451	     -8.65396215	     -0.01547761	      4.56670597	     -0.34589706	      0.02364128	     -0.03144731
      2.69833330	    -21.61841389	     19.12981549	      2.42884221	      2.48002953	    501.20618751	      2.11402732	    -10.10029117	      9.08972932	     -0.65320131	     -7.00181402	     -3.80716631	      1.45445481	     31.84459518	    -10.46521230	      2.24268635	      7.51817942	      4.83049066	     -9.30377131	     -0.15866209	      4.64017610	     -0.16943685	      0.02177707	     -0.03431330
      2.70666670	     -4.67273266	     12.20798534	     -2.70133404	    -19.55336376	    472.81343228	    -17.95397270	     -9.48804336	      4.75662266	      0.36396933	     -6.20604207	     -5.32305566	      1.25984627	     43.96497763	    -14.16695769	     -0.85297931	     10.20302058	      5.37709634	     -9.67929425	     -0.09368111	      4.80559796	     -0.17683942	      0.02755365	     -0.06199898
      2.71500000	    -19.36639320	     16.49390773	     -2.03596524	     13.60582742	    473.98283907	     -0.22643931	    -10.62474824	      4.06300471	      1.71226372	     -5.77466761	     -5.36814540	      1.65764383	     31.54931461	    -10.29451500	      0.44556759	     13.23420516	      4.51866709	    -10.27573298	     -0.17013900	      4.88241089	     -0.16810738	      0.02069603	     -0.02310331
      2.72333330	     -5.14115637	      4.17542938	     -2.85851881	     -6.15949758	    462.25648588	    -13.34807172	    -10.01188069	      0.93869105	      2.68547218	     -5.12455485	     -5.18051794	      1.10318681	     42.23645176	    -17.23883423	     -1.11666908	     15.42721668	      4.75368875	    -10.79174178	     -0.16188633	      5.21303992	     -0.15571857	      0.02433343	     -0.03340237
      2.73166670	    -16.73398702	     18.09576912	     -0.80725994	     16.08930234	    421.44350560	      4.61484105	    -11.52024079	     -0.71628898	      4.13168340	     -5.40869398	     -7.45315292	      1.50385401	     30.32193508	     -8.54061877	      2.28797598	     18.04524773	      5.37865907	    -11.92349852	     -0.05832825	      5.16014620	     -0.20799396	      0.02534548	     -0.06500946
      2.74000000	     -9.47082839	      7.45782721	     -5.38287113	     13.90893863	    433.52116463	    -23.22837860	     -9.65516860	     -3.00974076	      3.60609154	     -5.84169915	     -7.73501904	      1.38182291	     36.37095664	    -14.87343374	     -1.81396896	     20.04582882	      2.86613535	    -12.75914800	     -0.38500074	      5.29612306	     -0.08973596	      0.02066440	      0.04380122
      2.74833330	     -3.36998779	     14.02748687	     -5.57590645	      3.72422430	    402.50890309	     -7.36265250	    -14.64592984	     -2.45117215	      6.20223982	     -1.28014026	     -8.06252393	      1.42329183	     40.15257474	    -11.64752380	      0.59858431	     22.14162320	      6.03809345	    -13.13745998	     -0.00674374	      5.52844559	     -0.21983365	      0.02596134	     -0.07837724
      2.75666670	    -14.27173002	     10.18968806	     -1.15313398	     25.51413445	    376.19605676	     -0.09945341	    -11.47601288	     -4.48251724	      5.59080906	     -5.11506968	     -8.90966734	      1.11517072	     28.89692197	    -13.39760449	      0.33973169	     24.41479404	      4.39944172	    -14.16578997	     -0.18803398	      5.73963669	     -0.17411991	      0.02455401	     -0.02381099
      2.76500000	      0.05891242	     14.99427908	     -6.93384033	     18.66324571	    385.67360380	    -33.53009868	    -12.72823761	     -4.12597604	      5.35394685	     -2.59629471	    -11.26335510	      1.33218770	     40.28939465	    -13.70985648	     -0.39953949	     24.69309816	      3.01321132	    -14.93784474	     -0.36558105	      5.87866087	     -0.08518127	      0.02209059	      0.03640601
      2.77333330	     -9.14101798	     17.74253867	     -4.75578357	     23.59074813	    344.22835548	     -6.97355071	    -15.33990084	     -3.06929851	      6.51681133	     -1.02741566	    -10.72344190	      1.35415088	     31.04001044	    -11.62851786	      0.09002301	     26.80384903	      4.77777945	    -16.03593179	     -0.15833643	      6.01835657	     -0.18765783	      0.02451003	     -0.02555107
      2.78166670	     -3.43441074	     18.19794305	     -5.62129923	     23.86478354	    340.80340887	    -27.05774576	    -14.62865502	     -3.87416793	      6.27988760	     -0.60333615	    -12.83969602	      1.26598901	     34.05563857	    -13.54537378	      0.68273356	     27.49868306	      3.65923071	    -16.47444157	     -0.25161869	      6.00548049	     -0.13226824	      0.02469420	      0.00733981
      2.79000000	     -1.88868128	     17.75133388	     -6.92865152	     30.87131452	    328.12778214	    -23.62061230	    -14.16619329	     -2.96230520	      5.80050644	      0.57807402	    -12.99303316	      1.21030234	     33.11448002	    -14.42424408	     -1.20940558	     28.65639756	      3.62207181	    -17.22030234	     -0.32880625	      6.58113649	     -0.14768637	      0.02257948	      0.02803988
      2.79833330	      1.34583389	     24.53447894	     -6.97155683	     28.48288882	    303.79438309	    -27.18088891	    -14.57875738	     -3.68924841	      6.30628023	      1.97618040	    -15.24499488	      1.27202995	     33.10035845	    -11.34513615	      0.72640659	     30.56205890	      3.18732726	    -17.88588637	     -0.30721058	      6.70044756	     -0.09885113	      0.02491259	      0.02715768
      2.80666670	      1.36668945	     21.66578537	     -8.44996226	     35.54452520	    300.26779375	    -33.43778905	    -14.64395654	     -3.07539654	      6.05835623	      3.82070411	    -16.24187356	      1.23067917	     31.23088976	    -14.79458799	     -0.44713161	     30.87183336	      2.45757252	    -18.53625366	     -0.44452888	      6.71506642	     -0.05246498	      0.02364588	      0.06506940
      2.81500000	      8.17083318	     24.80150092	     -8.37978249	     29.83420611	    273.13826276	    -33.22832575	    -14.36486377	     -3.51310779	      6.02845937	      5.03924978	    -17.43454842	      1.11168909	     33.79915759	    -14.03915488	      0.46121859	     33.12755173	      2.13576729	    -19.31406776	     -0.44459470	      7.17616729	     -0.00859601	      0.02531081	      0.06432675
      2.82333330	      9.02098276	     34.34718569	    -11.24597420	     56.46863996	    267.56045129	    -63.56433946	    -12.35614761	     -0.99370657	      6.31036266	      8.98804705	    -24.96944159	      1.49513422	     27.82601300	    -13.97997542	     -0.77293468	     34.53259910	     -2.80690161	    -19.76793708	     -1.00704404	      7.06460859	      0.22441747	      0.02178877	      0.21823671
      2.83166670	     10.99859895	     20.24078863	    -11.16651471	     47.11508881	    253.09349736	     -6.92246742	    -15.26106867	     -7.49630814	      6.21620000	     10.85860546	    -16.84321188	      0.03215847	     30.82095436	    -13.71829268	      0.00386624	     36.07825222	      2.53168734	    -20.19715696	     -0.42580614	      7.27605630	      0.01408191	      0.02507443	      0.04497432
      2.84000000	     17.14480642	     22.56842476	    -10.55637378	     49.58122437	    248.00876412	    -35.17693501	    -14.33423979	     -4.99409374	      6.75237018	     13.43386855	    -17.39098975	     -0.51353140	     31.89079260	    -15.99010442	     -0.37594398	     37.76977265	      1.40916441	    -21.06883331	     -0.58030950	      7.39354842	      0.06868311	      0.02340373	      0.07421258
      2.84833330	      5.45386946	      9.04262383	     -2.24980518	     58.30050905	    254.96380251	      6.61063282	    -12.74427564	     -6.56773205	      6.47202629	      9.17480603	     -4.67674599	     -2.34867559	     24.99027922	    -14.44062033	     -0.46709439	     39.52771760	      6.62006445	    -21.20630617	     -0.04520312	      7.65724669	     -0.20135667	      0.02296753	     -0.07050287
      2.85666670	      3.10846934	     -0.91406293	      7.37820090	      9.85136589	    234.05698429	     45.95899686	    -15.14860652	     -7.96386184	      7.47661614	      1.26555621	      3.05121422	     -3.93071441	     31.85112268	    -14.24173618	     -0.06710058	     41.30461572	      9.41705942	    -22.27223121	      0.25397955	      7.85736265	     -0.36229533	      0.02670867	     -0.15098511
      2.86500000	    -10.90054213	     -9.87674696	      6.48268696	     40.04049017	    262.87088208	      0.27607782	    -11.65348752	     -7.64291406	      6.93185431	     -1.48965934	     10.78660784	     -3.47445627	     20.03914978	    -18.29541788	     -1.73486330	     42.53732960	     13.52952849	    -22.67070197	      0.73989564	      7.62931174	     -0.61558467	      0.01834979	     -0.19492082
      2.87333330	     -2.27455281	     -2.75540429	     11.96730755	    -34.23174400	    203.12768356	     54.51064637	    -16.24993647	    -10.82304572	      8.59356505	     -5.72977843	      3.04983221	     -3.30475954	     33.40434705	    -13.50354442	      0.85237619	     45.15100568	      9.46238360	    -23.35847682	      0.26151420	      7.94350374	     -0.35384351	      0.02929643	     -0.11922130
      2.88166670	    -14.46168367	     -9.33374940	     11.27399359	     34.29795378	    237.96148477	     32.76200221	    -12.35881023	     -9.17995013	      7.19043930	     -5.68883825	      6.30106553	     -2.95834887	     19.65537605	    -18.12384343	     -1.37947250	     46.38024749	     11.07335354	    -24.10355147	      0.50881602	      7.87921072	     -0.43277697	      0.01978599	     -0.12330578
      2.89000000	     -1.89620423	      7.50168734	      5.73007384	    -15.06241821	    187.01358305	     -3.42628222	    -14.06277346	    -10.35882185	      8.54634248	     -1.52159235	     -4.43293583	     -2.26799892	     26.49734856	    -14.82391051	     -0.68660064	     48.27833243	      6.12737501	    -25.13905756	     -0.08108723	      8.30480883	     -0.16867236	      0.02531120	     -0.03689758
      2.89833330	     -6.82836230	     -1.89393486	      8.65926864	     -4.93217914	    194.19871189	     17.90839855	    -15.39384751	    -11.11847090	      8.38935441	     -3.11703757	      0.25324080	     -3.07711220	     24.98672851	    -17.26403394	     -0.67246868	     49.68418586	      8.14126769	    -26.41085983	      0.15550881	      8.01235419	     -0.25957178	      0.02331544	     -0.06977243
      2.90666670	     -4.08452460	      2.42315707	      7.35060955	     -5.57696432	    176.64635927	     -1.00608995	    -14.82368457	    -11.39885067	      8.54651401	     -1.79738909	     -2.69551182	     -2.98770804	     24.61398222	    -17.79149944	     -0.84692919	     52.08062546	      6.54327524	    -27.25358779	      0.02228964	      8.39441973	     -0.17654632	      0.02287491	     -0.05042217
      2.91500000	     -4.80896936	      1.46262938	      8.95210882	     -8.34324301	    161.08183865	     10.11370742	    -14.93028511	    -12.77394538	      8.70072362	     -1.54582631	     -3.52683127	     -3.56336013	     23.04513352	    -17.36394763	     -0.74684946	     54.42382717	      5.99913222	    -27.99746324	     -0.02726767	      8.68277205	     -0.15554811	      0.02448950	     -0.05379923
      2.92333330	     -2.71591419	      6.21198197	      8.49172952	     -4.65228586	    149.57382268	      4.92016899	    -14.01976070	    -13.01626822	      8.67408958	      0.29788972	     -4.23439183	     -4.21798235	     21.66594885	    -14.67657651	     -0.76948229	     57.00952365	      5.10183431	    -28.62980444	     -0.10565135	      9.01318431	     -0.12158663	      0.02247736	     -0.05451359
      2.93166670	      2.62793068	     -4.96494780	      8.24201597	     -8.47107710	    144.25469024	     -9.73145469	    -14.59838200	    -14.39504693	      8.97475244	      0.93539082	     -5.46035969	     -4.39054263	     25.98374338	    -24.81082444	     -1.53044595	     59.00547900	      3.88999152	    -29.67862967	     -0.14579341	      9.11659679	     -0.06510017	      0.02433341	     -0.05547642
      2.94000000	      1.81050260	      6.58035045	      8.57603205	     -9.71096861	    117.83000184	      5.72551805	    -15.04818233	    -15.28985615	      9.40923654	      2.82811229	     -5.18633136	     -5.59644037	     22.45760820	    -13.94255625	     -0.83232799	     61.29386725	      3.44561658	    -30.48196425	     -0.20283082	      9.11150153	     -0.07580939	      0.02334666	     -0.06730871
      2.94833330	      2.15348062	      0.75093432	      8.82472034	     -7.02750082	    115.76817909	      1.70917016	    -15.15805493	    -16.99238571	      9.80248550	      3.12479110	     -6.34743749	     -5.77847008	     22.70757222	    -18.66120970	     -1.20029904	     63.30103690	      2.52650252	    -31.38841414	     -0.22949284	      9.14521532	     -0.03410808	      0.02395258	     -0.07194816
      2.95666670	     10.05067968	     -2.41637469	      6.06851235	     10.14558896	    109.91149359	    -23.85564195	    -14.27612965	    -17.15819163	     10.16633644	      6.83581956	     -4.61420786	     -6.13887472	     24.07193375	    -21.84605139	     -1.46183919	     65.80847596	      2.10751815	    -32.17106385	     -0.20669604	      9.26202960	     -0.02140075	      0.02197640	     -0.06841249
      2.96500000	      0.43753618	      0.66775579	     11.50773073	    -32.06976404	     73.79601998	     24.60761944	    -16.22909098	    -20.62751001	     10.26411519	      2.65279274	     -7.41890021	     -7.37198832	     21.05478876	    -15.74741351	     -1.03352451	     67.99376227	      1.49446405	    -33.27678545	     -0.27223859	      9.70210662	     -0.01688357	      0.02586793	     -0.09952823
      2.97333330	     17.58773865	     -3.09785075	      6.69550737	     20.39874866	     89.79539459	    -14.79974641	    -14.03254210	    -18.78291103	     11.04448924	      9.28020261	     -3.90006469	     -6.61319129	     26.51596531	    -21.28482140	     -0.87127952	     70.44857586	      1.45246740	    -34.14562522	     -0.17582594	      9.73576783	     -0.02558264	      0.02053574	     -0.07147457
      2.98166670	      2.95895586	     -2.38398281	      7.69928333	    -21.66077447	     47.70073371	     -4.28687831	    -15.00822769	    -23.44845036	     10.47785063	      4.84280265	     -7.30874781	     -7.64822703	     18.62310584	    -18.45866222	     -2.36376018	     73.34260135	      0.59143451	    -34.53096288	     -0.33745259	     10.12855233	      0.07492239	      0.02759370	     -0.09880802
      2.99000000	     20.60129637	     -3.68609610	      9.37970690	     -1.73945739	     71.19042459	     -4.97847821	    -14.48228420	    -21.18898801	     11.21753768	     11.03504529	     -4.33346544	     -9.12149261	     27.64633740	    -20.67247526	     -1.01845192	     75.00176947	      0.65813976	    -35.76910964	     -1.96374366	      9.98248371	     -0.94831476	      0.02013424	     -0.08591572
      2.99833330	     12.75878110	     -0.17103787	      7.07778900	     16.22599532	     34.28573780	     -4.82389278	    -14.67534195	    -24.02051547	     12.15613229	      8.68118673	     -6.94435664	     -7.25348760	     20.86139410	    -17.42337743	     -1.09071583	     76.04443116	     -0.21020130	    -36.03870564	     -0.40116516	     10.12758693	      0.08027884	      0.02728531	     -0.08232604
      3.00666670	     13.40596794	    -11.34814679	      8.77856641	    -21.26085422	     36.63774165	      7.09440546	    -14.73471386	    -24.46797221	     11.28817877	      4.80777623	     -0.75724312	     -7.24493110	     25.81370396	    -20.24723230	     -2.41151756	     79.04792051	      3.88332506	    -37.30416392	      0.17861600	      9.96709192	     -0.16136854	      0.02122731	     -0.09492317
      3.01500000	      8.62313696	      0.99202141	      9.95420393	     13.59849945	     32.02569390	    -23.51822268	    -15.42870200	    -25.27453862	     12.90114412	      4.87968844	    -10.45287763	     -6.89096718	     21.63245313	    -20.65450992	     -1.09972207	     79.78879643	     -0.82677971	    -38.16890904	     -0.54592488	     10.25337143	      0.17397982	      0.02598118	     -0.08471061
      3.02333330	     16.27703448	    -15.78602525	      7.16172879	    -17.53423081	     15.96086985	     10.89607081	    -14.19225290	    -27.19869389	     11.68055102	      5.39733029	      0.15116807	     -6.34450002	     25.59573460	    -22.63577527	     -1.26072111	     81.74396595	      4.57274988	    -39.12102956	      0.16692115	     10.02381200	     -0.15059033	      0.02124906	     -0.07866314
      3.03166670	     19.82616524	      1.96614031	      7.64403218	    -18.38833609	      0.92357105	      0.10226288	    -14.75115679	    -27.71174145	     13.28262205	      5.84471817	     -5.31258137	     -5.86146101	     28.36554975	    -12.71513300	     -1.56304754	     82.42712608	      1.93005283	    -39.71444205	     -0.25417773	      9.85474763	      0.00950810	      0.02517920	     -0.06316475
      3.04000000	      9.71633338	    -16.28435612	      9.46492795	      9.19826577	     14.13458537	      4.26838680	    -14.17732838	    -28.12069620	     12.42033816	      1.88176968	     -2.42371462	     -5.46089220	     22.39080593	    -24.96402173	     -2.08669247	     83.67083930	      4.16882070	    -40.92267468	      0.00177021	      9.45329409	     -0.05872778	      0.02330170	     -0.07195188
      3.04833330	     17.70937141	     -3.00413834	      7.97531166	    -13.26972401	     -5.08102556	      0.85664817	    -13.99679440	    -29.20237912	     12.89216089	      3.43925498	     -3.27920996	     -4.98679920	     27.35686951	    -15.19064289	     -0.91288839	     84.04063553	      4.20164781	    -41.60751097	     -0.24618937	      9.43988771	     -0.13486472	      0.02433386	     -0.05539671
      3.05666670	     12.88603983	    -14.05745789	     10.36912620	      7.57103987	     -1.52231302	     25.10993775	    -13.74591881	    -29.00962391	     12.56169785	      1.52148749	     -2.95776403	     -4.34110371	     24.07617341	    -21.95010661	     -2.32259244	     84.77606283	      4.19324604	    -42.89613094	     -0.11094534	      9.29364692	     -0.04881359	      0.02272730	     -0.04944431
      3.06500000	     17.42542371	     -4.97130591	      5.58016553	    -20.33699281	     -6.70216985	    -26.10653939	    -13.88560938	    -28.52768820	     12.68425888	      1.60377923	     -2.39551676	     -3.64555087	     28.65978493	    -19.73655660	     -1.48121930	     84.03744792	      5.70013367	    -43.59910446	      0.02434138	      9.11236791	     -0.10526192	      0.02525237	     -0.04443692
      3.07333330	     14.72274249	     -9.92791295	      9.91375074	      4.25403552	     -7.60363355	     20.78571603	    -13.09464119	    -29.67498673	     12.42029512	      0.22185996	     -2.06734914	     -3.39942300	     25.95846122	    -18.51933571	     -1.46652774	     84.64091256	      5.61092814	    -44.42183281	     -0.06236440	      8.72563517	     -0.08806865	      0.02285519	     -0.03904683
      3.08166670	     13.27455480	     -5.52566169	      8.43069835	    -10.82665568	    -17.56183488	     11.35546837	    -14.64749248	    -28.40331521	     12.46762687	     -0.02241959	     -2.11884274	     -2.74294872	     26.23275214	    -17.83860827	     -1.33696499	     83.43319650	      6.26808590	    -45.58375844	     -0.03293513	      8.46722697	     -0.11473153	      0.02454532	     -0.03126846
      3.09000000	     15.76474548	    -14.24809629	      8.22671994	      0.74177292	      3.18434285	     14.69652456	    -13.41807206	    -30.09731423	     12.63004867	     -0.74957522	     -1.43954225	     -2.52112836	     28.67714026	    -22.16202630	     -2.51993965	     83.81256274	      6.25665040	    -45.45671729	      0.03938565	      8.05664939	     -0.13755853	      0.02266787	     -0.03127613
      3.09833330	     14.99043408	     -2.44899822	      6.94964609	    -17.45685728	    -13.84609404	     -2.11916701	    -14.16910149	    -27.87665069	     12.21155399	     -0.21778915	     -1.65481403	     -1.83891461	     27.76404740	    -16.93993867	     -0.82074239	     82.00877740	      7.06530218	    -46.13366833	     -0.04502879	      7.90325421	     -0.11409510	      0.02479070	     -0.02036352
      3.10666670	     10.71873330	    -14.78699022	     10.99147548	     14.07591062	     -1.51113941	     54.24743721	    -13.17781673	    -29.32826082	     11.89909803	     -3.24275397	      2.20878825	     -2.40821309	     25.85117491	    -17.30729963	     -2.07176869	     82.18141322	      8.38494733	    -46.53960063	      0.20389537	      7.52209878	     -0.25645502	      0.02237660	     -0.04749065
      3.11500000	     16.00257760	     -7.35669691	      3.91630055	    -20.12035584	      6.97720932	    -15.10394314	    -15.25951317	    -28.84727254	     12.69474621	      1.51804278	     -2.66257270	     -1.22131715	     29.55754282	    -22.73641155	     -1.38271112	     80.25968775	      6.39596002	    -46.62850361	     -0.10635916	      7.08943367	     -0.08329473	      0.02459476	     -0.00568042
      3.12333330	     10.92967525	    -15.48814101	      6.87631399	     -9.35418870	      0.20593971	     40.21276802	    -13.61606656	    -29.50422958	     11.62688489	     -4.45002568	      7.70097059	     -2.08199583	     28.41065804	    -15.41607893	     -1.49530603	     79.83232043	     11.35169093	    -47.01280010	      0.52594068	      6.92509684	     -0.40005927	      0.02384724	     -0.08637538
      3.13166670	     17.26891163	     -9.52948293	      6.34957591	      9.39938633	     13.02405232	      9.02063940	    -13.80690980	    -28.00173057	     12.11704353	      2.59917643	     -2.79757495	     -1.54870726	     27.81239928	    -22.98734504	     -1.85243912	     78.89450758	      6.12389858	    -47.06524504	     -0.15628659	      6.74624908	     -0.10958444	      0.02335457	     -0.01011498
      3.14000000	     10.16575078	    -12.65348182	      5.57609566	    -12.62553214	     22.46494570	     46.16032399	    -14.95289457	    -28.85437757	     11.89356453	     -1.85036753	      6.44894797	     -2.04333571	     28.59912480	    -14.76704015	     -1.47104790	     77.53408897	      9.71409933	    -47.42226824	      0.32732891	      6.33965143	     -0.31974690	      0.02390528	     -0.07913865
      3.14833330	     13.03418906	    -15.73688352	      4.59677479	     12.20417125	     22.75167408	     27.62565344	    -13.36657082	    -29.04753549	     11.71802022	      1.72335450	      4.78357903	     -2.19533587	     25.60651535	    -19.88014034	     -1.73045279	     77.72643390	      9.08076987	    -47.13056320	      0.25030824	      6.35505573	     -0.30529422	      0.02396890	     -0.07827977
      3.15666670	     24.20109212	    -15.28251242	      4.53172660	      4.80444727	     32.72029167	     31.50558841	    -13.17551882	    -28.50716727	     11.51745857	      3.36387711	      4.35040897	     -2.26888549	     33.91375908	    -21.57942324	     -1.60058467	     76.97005308	      9.47458790	    -47.34190247	      0.20903088	      6.01862835	     -0.31962127	      0.02303898	     -0.08658425
      3.16500000	     13.60931968	     -9.59361853	      1.36277238	     22.43956922	     38.11506474	     32.28866122	    -14.31168489	    -29.31045712	     11.69568639	      6.60367601	      2.86275059	     -2.25885252	     23.98016219	    -16.85350420	     -1.66387576	     76.13029168	      7.77674982	    -47.38620047	      0.16752661	      5.68067295	     -0.25131749	      0.02500637	     -0.07812131
      3.17333330	     24.43986858	     -4.77432352	      1.58131831	      8.66831816	     54.58026049	     30.17354878	    -13.27284951	    -28.23234254	     11.34463425	      8.82966470	     -1.52681489	     -1.90940273	     31.56362719	    -18.02339773	     -1.35715094	     74.49287125	      6.70883654	    -47.53005968	     -0.00464031	      5.70407059	     -0.16893877	      0.01938660	     -0.05469120
      3.18166670	     29.34492865	      6.83756073	     -2.80572865	     57.11653519	     34.77676627	    -24.24575550	    -13.72303631	    -29.21979396	     11.48572927	     15.19048117	    -14.14669548	     -0.20570180	     27.67771164	    -23.16366303	     -2.14390560	     76.71059515	      2.43664876	    -47.83099682	     -0.41744935	      5.58492105	      0.00955102	      0.02791219	      0.06285487
      3.19000000	     25.85016205	     16.86116627	      0.93955036	     24.05313571	     40.11425916	     -4.46222424	    -13.79596944	    -27.61859949	     11.67442293	     10.64729853	    -16.80442865	      0.38391608	     30.39543550	    -15.61863098	     -1.34894440	     75.00744464	      0.47811614	    -47.88373804	     -0.53925370	      5.29194745	      0.10037679	      0.02409658	      0.10150435
      3.19833330	     24.03689217	      7.55727996	     -0.35374684	     32.55647162	     48.12443377	    -10.75764522	    -13.53478201	    -29.00213299	     11.08078007	     10.02557710	    -15.57086621	      0.68070983	     29.26590519	    -21.39582857	     -1.55499149	     74.75273915	      1.88328595	    -48.39630491	     -0.37825874	      5.40934675	     -0.00246819	      0.02214994	      0.07331595
      3.20666670	     24.29483409	     22.87127832	      1.95986376	     -1.51170270	     35.17792743	    -37.80633877	    -12.71376408	    -26.10704683	     11.92786494	      6.73563368	    -21.58841509	      1.56538544	     31.58910729	    -17.12437825	     -1.38484232	     74.37360507	     -0.86554170	    -48.53739577	     -0.60735890	      5.12762803	      0.10480617	      0.02433633	      0.14414475
      3.21500000	     15.04070408	     -1.39244407	     -1.73047470	     49.58714999	     52.42251549	      9.61882221	    -14.99170066	    -32.03068536	     10.21662982	      7.46908693	     -9.91216893	      0.77626857	     25.48715362	    -21.09527519	     -1.96457866	     75.30616002	      4.52734645	    -49.06977436	      0.01949073	      5.03150228	     -0.19913926	      0.02307956	     -0.01405379
      3.22333330	     20.81737669	     16.75566511	      2.14354479	     10.48373436	     35.11000085	    -30.31802221	    -13.38417930	    -27.02333913	     11.82362834	      4.20895857	    -18.47223923	      1.68837159	     31.18983473	    -17.84770550	     -2.14492771	     74.47681074	      0.58998481	    -49.74767116	     -0.36598674	      4.72462377	     -0.02721327	      0.02482790	      0.09282396
      3.23166670	     12.82758028	      9.80133711	      1.45794702	      8.84108279	     41.89093127	    -20.47832718	    -14.11506860	    -29.20866740	     10.73824427	      2.82986349	    -14.88076860	      1.38554526	     27.10529971	    -19.64197289	     -0.95523045	     75.15354074	      1.69969126	    -50.40291487	     -0.23584156	      4.89400999	     -0.09677427	      0.02344059	      0.05696819
      3.24000000	     11.86500593	     13.60625271	      3.87352443	     16.98744627	     34.73600665	     -3.18885395	    -14.03359805	    -28.58745575	     11.25353943	      0.86761727	    -15.46543039	      1.56718887	     27.39969062	    -14.98508769	     -1.61533697	     74.83042630	      1.01290270	    -51.16334017	     -0.24980122	      4.78511021	     -0.09983897	      0.02239774	      0.06706443
      3.24833330	     12.39546566	      5.56749113	     -0.77365386	     -1.14578208	     43.11646463	    -55.69794024	    -14.21468877	    -29.42904454	     10.63573485	     -0.84203708	    -16.01096094	      1.75068909	     30.13421439	    -25.83520859	     -2.59673291	     75.35031089	     -0.81340039	    -51.12403641	     -0.43038679	      4.59125255	      0.04488858	      0.02620492	      0.11965832
      3.25666670	     12.98221513	     10.29614239	      4.68679242	     13.62980003	     35.06326680	      5.03089621	    -12.57590102	    -27.29731403	     11.27976991	      2.02578018	     -9.94803717	      1.64415342	     26.21215422	    -14.16000518	     -1.41429696	     75.02782084	      4.91865454	    -52.46178113	      0.24123306	      4.60354692	     -0.31595951	      0.02112361	     -0.06929524
      3.26500000	      5.29709615	      6.74088644	      1.82963289	     -2.31936178	     27.14695936	    -33.97628934	    -14.55067554	    -29.55776508	     11.06498159	     -2.06293204	    -12.66421381	      1.73612892	     24.93367208	    -20.82690306	     -1.24771856	     75.40997691	      1.02696436	    -52.85870331	     -0.19853701	      4.27089557	     -0.07722943	      0.02590245	      0.05412968
      3.27333330	     18.17643568	      8.86888322	      1.44868727	     -8.50464366	     39.34655868	    -16.77203496	    -13.73001271	    -29.87514942	     11.06253372	     -1.59734973	    -13.02630320	      1.86126483	     35.44781643	    -17.67875350	     -2.59552917	     75.30356881	      1.42337188	    -53.33894516	     -0.05262649	      4.12691684	     -0.14572541	      0.02235963	      0.02425049
      3.28166670	      1.88514590	      4.77342630	      2.63425001	      5.09641574	     27.84207824	    -24.63773505	    -13.03203624	    -29.69665063	     10.88402475	     -2.29405342	     -9.59065940	      1.83080417	     21.00270034	    -18.90067173	     -1.56117104	     76.01807731	      2.32954246	    -53.93508559	     -0.01488067	      4.07019645	     -0.15366139	      0.02428191	      0.00311716
      3.29000000	     10.65448794	      3.46314880	      1.85519008	     -4.76598135	     37.28331695	    -20.18496711	    -12.54585490	    -29.95831925	     10.56798637	     -2.81372928	    -10.36036202	      1.90755428	     29.08092827	    -20.06221867	     -2.45572648	     75.68319082	      1.62119329	    -54.49338036	     -0.01021469	      4.05773285	     -0.13886127	      0.02193834	      0.01078525
      3.29833330	      5.64610895	      8.37562964	      2.60315118	     -2.05915631	     16.73562627	    -25.10190806	    -12.93276621	    -30.26430815	     11.06387016	     -2.75931927	     -9.54823631	      2.10686768	     24.01258096	    -16.10765674	     -1.35486406	     76.18141251	      2.52137461	    -55.26142019	      0.03665413	      3.60916193	     -0.19043783	      0.02664264	     -0.00790595
      3.30666670	      6.81941261	      2.13470730	      1.52697743	     -7.02318313	     33.41794107	    -21.44094546	    -12.42120192	    -30.74438217	     10.37798318	     -4.11844929	    -10.31128125	      2.10484483	     26.95760179	    -20.43612255	     -2.87915756	     75.69675688	      1.17887949	    -55.80360334	     -0.03949911	      3.67922274	     -0.13982378	      0.02204295	      0.02390417
      3.31500000	      6.85220100	      5.46207552	      2.71120098	    -14.25735684	     27.19202915	    -17.21222702	    -12.15351284	    -29.88450889	     10.42546728	     -4.04772147	     -7.41706134	      2.13376641	     26.33923729	    -16.58660216	     -1.58594654	     75.33986344	      2.13629107	    -56.75734844	      0.02621613	      3.30823558	     -0.15645489	      0.02319105	     -0.00347596
      3.32333330	      6.76544552	      3.53891893	      1.54402244	     -6.52885421	     31.22770767	    -29.73344024	    -12.02061560	    -31.16098577	     10.51945039	     -2.12916207	    -10.29679656	      1.89774633	     24.98551971	    -19.98074495	     -2.98202419	     75.84234445	      3.24762367	    -57.10484698	      0.72011878	      3.20909704	     -0.81987773	      0.02446409	      0.00854847
      3.33166670	      4.93156172	      8.36065325	      2.48590146	    -10.34903780	     29.15070485	    -22.67291697	    -11.97473536	    -31.65610441	     10.38575907	     -5.28730239	     -8.86275213	      2.01143222	     25.99574322	    -15.16702239	     -0.99784467	     74.85606644	      1.14281690	    -57.50020916	     -0.09775213	      2.78542979	     -0.10436023	      0.02410120	      0.03130951
      3.34000000	      6.81263476	      3.06136225	      2.21063228	    -13.77900349	     34.68374943	    -25.63566257	    -10.15653044	    -29.43190107	      9.88398966	     -3.34191961	     -7.68971591	      2.46240577	     24.84924718	    -18.96638677	     -2.83062206	     75.18964255	      2.79961485	    -57.96468291	      0.13266907	      2.99722258	     -0.20310400	      0.02263185	     -0.03326051
      3.34833330	      3.59345725	      4.36760716	      1.67079260	     -4.39327428	     40.63800829	    -31.99908487	    -10.36905714	    -31.59355836	      9.88827775	     -4.63056161	     -8.39929189	      1.57545721	     23.66228379	    -18.42307712	     -2.38147284	     74.41546711	      1.19917621	    -58.36504857	     -0.11199348	      2.66008342	     -0.08278855	      0.02497570	      0.03104529
      3.35666670	      8.92186738	      9.92668251	      2.35546916	    -15.06040960	     28.49102206	    -36.71296735	     -9.96285251	    -30.31788188	      9.92122032	     -1.95623800	    -12.45009892	      3.30028279	     24.84880261	    -17.66678252	     -2.21543593	     74.33794859	      3.30196668	    -58.71945698	      0.15958873	      2.30749015	     -0.27174830	      0.02425732	     -0.04013933
      3.36500000	      2.85056433	      2.25449640	      2.56481286	     -6.15183636	     66.18210984	    -16.61105490	     -8.98766576	    -30.24035731	      9.29354936	     -4.35583012	     -1.46393061	      0.22432523	     23.62608976	    -14.91849203	     -1.77351426	     73.40080221	      1.73761148	    -59.07871449	     -0.14962006	      2.27918216	      0.00379004	      0.02268906	      0.02194711
      3.37333330	      8.32092083	     10.45982493	      2.46016291	    -12.79262668	     40.60925024	    -34.44655574	     -8.92820906	    -30.71879338	      9.59595426	     -1.17086718	    -12.71040928	      2.39034363	     23.77799707	    -17.17306147	     -2.95669032	     73.72478067	      3.09021667	    -59.71363920	      0.08526888	      1.96492833	     -0.22103842	      0.02417898	     -0.02716921
      3.38166670	      6.95878152	      3.60491715	      0.54659671	     13.02263951	     72.65767175	    -29.96046764	     -8.50906200	    -31.66879510	      8.65785854	      1.95859641	     -3.17847883	      0.60053229	     21.43185259	    -16.30045699	     -1.36394506	     73.13516708	      5.15792000	    -60.20990342	      0.19305150	      2.02439777	     -0.12900184	      0.02239719	     -0.09430414
      3.39000000	      7.81916096	     13.93768044	      7.20072576	    -26.87584478	     36.55898761	    -32.87942351	     -5.94635883	    -27.60722312	      9.97618789	     -4.17395895	    -13.70373091	      1.51997352	     22.88927300	    -15.59486521	     -3.32681711	     72.85307221	      0.28408270	    -60.59964313	     -0.38631305	      1.55264010	     -0.09739915	      0.02708243	      0.11132833
      3.39833330	     15.42165570	     -1.82474318	     -2.54497190	      4.42329410	     92.58886582	    -32.89258246	     -7.60731634	    -33.69960794	      6.96810586	      5.01626929	     -1.61949084	     -0.54764612	     27.43467582	    -20.06343396	     -1.98494418	     73.08638372	      7.40021719	    -61.28433374	      0.37157831	      1.67400536	     -0.20157857	      0.01974190	     -0.16282829
      3.40666670	      1.69123471	     21.54362551	     10.01969647	      9.11310373	     53.46620764	    -16.22002128	     -4.92821479	    -26.75313905	     10.29854344	     -0.50207735	    -12.03745655	      0.97784591	     13.71886714	     -7.08270935	     -1.38958956	     70.56038388	      1.12074585	    -61.51349649	     -0.35830976	      1.11992330	     -0.03452760	      0.02906229	      0.08594209
      3.41500000	     26.17176640	     13.05272848	      0.52058860	    -28.58905032	     65.59886230	    -80.55639509	     -4.34374119	    -31.05520387	      7.18757517	      4.53313635	    -15.52771299	      0.64799408	     32.01807667	    -22.75536806	     -2.29471977	     72.05060011	      5.87060777	    -62.23690681	      0.09229855	      1.20875828	     -0.19794105	      0.02112084	     -0.08033415
      3.42333330	     -0.91754997	     -2.21538117	      4.19910941	     42.90776532	    114.47589791	     48.14125757	     -7.02324927	    -29.93421347	      7.81843318	      5.96293044	      7.43093321	     -2.93198158	     12.83631583	     -7.32681551	     -2.28170801	     70.48348949	      5.68874073	    -62.72256725	      0.06959114	      1.01196805	     -0.05229266	      0.02470381	     -0.07691316
      3.43166670	     37.71051631	     32.15436383	     -0.26822285	    -42.46220282	     32.93645573	   -156.11854295	     -0.90322988	    -29.37292306	      7.99342095	      8.33481999	    -31.98397192	      3.46226396	     32.18070075	    -24.38683657	     -3.03583578	     69.87522088	      5.92498236	    -62.54077639	      0.09932618	      0.79917675	     -0.26270840	      0.02603778	     -0.07383431
      3.44000000	     -5.97439984	     -2.95225986	      9.56967737	     38.76420561	    126.71297087	     89.64254715	     -5.99247822	    -29.62789407	      7.04041833	      3.23596847	     10.04863116	     -4.85039761	     11.32882704	     -3.52194869	     -0.00148405	     68.78191181	      4.52083640	    -63.18553361	     -0.18793688	      1.14963220	      0.02028652	      0.02172425	     -0.01587383
      3.44833330	     36.21290331	     18.65523116	     -0.53700073	    -30.46280361	     61.02479319	    -99.04742033	     -1.22642093	    -29.75964761	      7.24540457	     10.09145288	    -17.68478980	      0.70407130	     31.94713151	    -20.13112545	     -3.83643334	     70.20682604	      7.27708656	    -63.45789574	      0.21170123	      0.68676442	     -0.23287442	      0.02592526	     -0.11906663
      3.45666670	      3.23103312	      4.13149062	      8.16672411	     21.48658119	    100.07342238	     26.87948932	     -3.94159109	    -29.66165762	      6.69427388	      5.53220843	     -0.89916657	     -3.01879860	     13.24804204	    -10.74030879	      0.51089862	     67.47598716	      5.20278459	    -64.34020222	     -0.11096889	      0.51749805	     -0.04129217	      0.02274053	     -0.04048511
      3.46500000	     31.43030214	     14.59729070	     -1.08926483	    -23.37616949	     66.64074119	    -37.94876827	     -2.90745383	    -31.22801128	      6.94460650	      9.89918781	     -8.94147325	     -1.06345921	     30.27734078	    -10.99014062	     -4.77819438	     69.53415655	      7.32165824	    -65.31741787	      0.19140169	     -0.21645811	     -0.20720213	      0.02608812	     -0.11776507
      3.47333330	      4.62778882	      7.11953126	      9.64714194	      3.18814246	     59.85908220	     10.85714738	     -6.68764462	    -32.19523630	      8.01716980	      3.61782616	     -3.51313672	     -2.88634684	     15.84733952	    -11.24285544	      1.40910361	     69.22291567	      4.19018081	    -67.68436664	     -0.25404416	     -3.20492078	      0.00288818	      0.02302759	     -0.00230422
      3.48166670	     18.68303678	      1.54380247	      0.04858162	    -20.05170207	     11.98096848	    -24.67160579	    -12.69659558	    -38.12923769	     10.29830136	      6.98738986	     -4.89971628	     -0.77827385	     26.94741639	    -14.58925666	     -3.81122720	     72.30719960	      6.75243903	    -71.92132226	      1.19333472	     -7.85174724	     -0.38435990	      0.02441100	     -0.13085944
      3.49000000	     11.45373174	     -3.77316387	      2.77300098	    -19.83871493	     -3.86765454	     12.35462305	    -12.88648294	    -42.59387675	      9.85110231	      4.70684355	     -0.91756722	     -2.37803010	     22.54663478	    -10.91481224	     -1.60304737	     73.56456814	      5.11055606	    -73.50694975	      1.58522548	     -9.51533880	     -0.87249046	      0.02515581	     -0.03495364
      3.49833330	     19.21052622	      0.76530909	      2.29721750	    -14.54924009	    -24.57211470	      3.34783383	     -9.66516371	    -41.47038885	      9.24685747	      5.51286608	     -3.22370767	     -0.49637025	     23.41122577	     -9.42686186	     -0.71785158	     73.54135932	      4.23022184	    -73.87215253	      1.09266775	     -9.99513039	     -0.44229285	      0.02344295	     -0.09374943
      3.50666670	     21.70314584	     -9.15021921	      3.37390913	    -21.27288888	    -20.62951073	     24.35118829	     -6.80323327	    -42.98253203	      7.64037135	      1.90577796	      0.84930610	     -2.46622719	     27.33906493	    -10.29583760	     -2.15994286	     73.05785245	      3.19085838	    -73.24382847	      1.74019060	     -9.70484450	     -0.92649234	      0.02543099	     -0.02914709
      3.51500000	     21.68998507	      3.46448902	      2.34062378	      5.64799212	     -6.20186501	     -8.61571772	     -5.54247095	    -33.30283183	      7.86229205	      7.81497054	     -3.38456938	      0.00351370	     20.41939130	    -12.17699866	     -1.19269061	     69.34586431	      3.72818786	    -72.96954391	      1.53927923	     -8.99297585	     -0.84467242	      0.02243317	     -0.10814645
      3.52333330	     14.31179474	    -10.61825336	      3.62594146	    -28.80846134	     11.70113616	     38.35271780	     -5.55071820	    -37.74705242	      4.79879903	     -2.36282765	      5.06098960	     -2.51273214	     26.30835856	     -9.13857239	     -1.53298138	     68.67215629	     -0.71510240	    -71.50639156	      0.97090469	     -8.32739315	     -0.58651017	      0.02516184	      0.06894188
      3.53166670	     35.24033560	      8.76122699	      3.44099886	    -18.58111305	    -14.38776431	     -7.62406981	      0.59896736	    -28.09706811	      6.68503167	      4.28982652	     -2.23092022	      0.79527793	     28.78366275	     -7.32874922	     -2.54788161	     61.98911489	      6.51083722	    -70.56399032	      2.30901489	     -8.01184735	     -0.82342746	      0.02433644	     -0.21088747
      3.54000000	     17.54884912	     -6.54549187	     -2.34691236	     -8.90202567	     37.81080275	     13.43961816	     -7.65546304	    -31.53980096	      3.99185885	      4.81043971	     -0.18855955	      0.81875323	     25.49622743	    -14.83982418	     -0.13542982	     61.89354499	      1.21608853	    -69.20850657	      1.89799936	     -7.49197465	     -0.67577045	      0.02288565	     -0.00566155
      3.54833330	     10.09394437	      2.50529459	      6.57152420	    -20.00121549	     54.22928817	     21.88601020	     -1.70576582	    -21.35501160	      4.55409383	     -5.18497119	      5.69353665	     -1.17370169	     23.37460145	     -6.20653557	     -2.80647239	     57.21335933	     -1.72554651	    -67.79974867	      1.64964365	     -7.07729337	     -0.57001860	      0.02284679	      0.07526195
      3.55666670	     32.45782696	      7.87310708	      1.93904833	    -14.90094775	     18.50501525	     23.44609271	     -1.01188138	    -25.19552993	      3.62283259	      5.26271254	      1.42533469	      0.49186055	     29.56874456	     -3.87777600	      1.05323851	     54.46327905	      5.48819959	    -66.98532099	      2.36310705	     -6.91208171	     -0.88440283	      0.02620614	     -0.25799821
      3.56500000	     15.62203932	      3.53239151	      1.46355955	    -35.63443831	     61.10201894	    -22.94213697	     -1.95357152	    -20.36757484	      2.36953313	     -5.83568646	     -5.37451680	      0.65639869	     29.19780295	    -14.93752163	     -3.51355335	     53.72895923	     -7.88833610	    -65.71094692	      1.55286753	     -7.11527606	     -0.34249762	      0.02359205	      0.15394609
      3.57333330	     24.68313329	      8.57981049	      4.41253688	     -9.59625408	     52.36511338	     29.26280016	      0.33339671	    -18.53935087	      2.80418644	     -0.57832270	      2.17927807	     -0.49117834	     28.79285522	     -3.17974557	     -1.14966138	     49.52543262	     -0.50116976	    -65.04350360	      2.45148925	     -7.03949046	     -1.00514436	      0.02463714	     -0.17943243
      3.58166670	     16.41490495	     11.43751810	      3.18846717	     -5.86063256	     53.36989823	     -2.97565816	     -0.51672146	    -17.16259432	      1.81917041	     -4.51659840	     -7.80135891	      0.93562506	     25.94727139	    -10.18312730	     -1.43785884	     49.34126145	     -8.47915340	    -64.14017413	      2.03930929	     -7.31981751	     -0.23551885	      0.02441350	      0.00308825
      3.59000000	     29.42432423	      5.12410148	      2.52144690	    -24.26061291	     58.18899239	     -0.94895745	      1.36404646	    -17.99126570	      1.74147432	     -4.77021931	     -5.79511044	     -0.17251782	     35.65905016	    -10.52149364	     -3.25527197	     47.66281778	     -9.01934681	    -63.48812533	      2.21113183	     -7.70896627	     -0.24811135	      0.02486270	     -0.05514551
      3.59833330	     10.01556958	     22.34688886	      7.89293026	     11.93476374	     52.76963990	     11.80424411	      0.70092554	    -15.20928629	      1.83987822	     -7.90377175	     -9.73507244	      1.01798026	     21.28869724	     -2.14329247	      1.92135940	     46.80035588	    -13.11541037	    -63.26894095	      1.64583882	     -8.11682870	      0.41305499	      0.02432799	     -0.00047260
      3.60666670	     32.66191266	      0.21407422	     -0.04612283	    -45.86529088	     50.15759486	      8.83139640	      2.45042820	    -19.82905985	      0.84861905	     -7.57787947	     -4.49260631	     -0.54986623	     40.20094269	     -8.59964063	     -5.62539544	     45.18909199	    -11.71415200	    -62.38930149	      2.14993805	     -8.80198750	      0.25556691	      0.02597101	     -0.12007672
      3.61500000	     13.81121874	     17.10289412	      7.68925611	     21.21074035	     49.09698737	     12.62127025	      1.79484006	    -16.07174981	      1.60617058	     -9.28059771	    -10.18107627	      1.23514672	     23.90343162	     -3.90945645	      1.97370554	     45.57692729	    -15.96872611	    -62.42879441	      2.00213983	     -9.52927271	      0.89565941	      0.02484338	     -0.02489053
      3.62333330	     25.17694915	      3.41154832	      1.52191096	    -13.53335914	     48.29212025	     -0.57643893	      2.58019093	    -18.77692782	      1.31572371	    -10.92751594	    -11.83931811	      0.91460631	     34.79879937	    -10.70008688	     -4.87297445	     43.86230529	    -19.17022524	    -62.17666945	      1.20742213	    -10.30153940	      1.46198998	      0.02593008	     -0.01569752
      3.63166670	     17.39197242	      7.09697102	      7.27345752	      2.03483408	     47.07103811	     19.92158677	      2.81563507	    -18.27687964	      1.14533160	    -10.59839838	     -5.97437559	      0.62178461	     28.03863363	     -5.61901099	      2.09896199	     44.59063319	    -16.74845148	    -61.32065747	      2.05150454	    -11.06877811	      1.23100364	      0.02491348	     -0.09950190
      3.64000000	     25.35816668	     11.06228961	      0.41374828	      3.54405227	     49.43289682	     16.42065527	      3.65949661	    -19.98523899	      1.38003012	    -12.16521445	    -14.62539146	      1.57354892	     34.04090994	     -1.72513163	     -5.97737694	     42.42402815	    -22.56551104	    -61.10880101	      1.34978556	    -11.51883924	      1.70329573	      0.02619241	      0.02096791
      3.64833330	     25.08174741	     -0.70471997	      8.48371014	    -14.41649222	     44.44396104	     12.51773417	      4.19024517	    -17.20135979	      1.10263698	    -12.66051513	     -5.31088078	      0.31719887	     35.05382178	    -11.07663087	      1.49283615	     43.31401620	    -19.02412722	    -60.57022351	      1.49925906	    -12.24006168	      2.08655875	      0.02565388	     -0.13043586
      3.65666670	     15.31235171	     12.13174549	     -2.54458259	     47.81122976	     57.05146700	      3.66182362	      3.20425389	    -21.57775829	      0.80212552	    -12.38394805	    -18.88112296	      2.92637289	     25.64602821	     -3.16958427	     -4.95216502	     41.06486986	    -26.02841781	    -60.52018368	      1.36022976	    -12.32543157	      2.48509088	      0.02427196	      0.06877338
      3.66500000	     37.52154713	      3.56288841	     14.94815225	    -64.76822139	     25.79031350	     53.83460851	      7.90773683	    -14.15051009	      1.83439122	    -16.01184871	      0.23071800	     -1.45650455	     44.41117638	      1.14437766	      0.42105218	     41.44869482	    -20.01877155	    -58.91485534	      1.75959956	    -13.31382789	      2.29711543	      0.02982479	     -0.19828267
      3.67333330	      7.67023235	      5.23749873	     -6.09493619	    103.44597471	     70.60361686	     -6.30306727	      2.76841397	    -25.72086868	     -0.37214953	     -9.52536835	    -24.25936042	      3.62385499	     16.43924628	     -9.58020553	     -2.96391034	     38.98517085	    -30.28193407	    -59.29051831	      1.15487884	    -13.22905675	      2.88500961	      0.02355044	      0.11473586
      3.68166670	     47.87895443	     12.49840526	     20.61197652	    -54.99489467	     15.95420274	      9.67865169	     11.93741592	     -3.03013366	      3.98914445	    -16.82646146	      0.24455098	     -2.40291874	     48.48294503	     -1.63779557	     -1.41417902	     41.19544277	    -21.41397296	    -57.73365122	      2.10947785	    -14.03897978	      2.36299339	      0.03279381	     -0.23552208
      3.69000000	      8.45238269	     -3.27623977	     -8.35653497	     63.38295359	     79.03383350	     43.81776169	      0.68702521	    -35.63057702	     -3.17049584	    -11.63093481	    -28.48981659	      2.92114109	     22.95900656	     -5.86977275	     -1.88791782	     35.72452356	    -33.84770386	    -57.94574969	      0.98914123	    -13.47671499	      3.28508195	      0.01953665	      0.13161228
      3.69833330	     46.17396640	     29.64018788	     20.14296352	    -16.92432220	     14.81191863	    -20.84906788	     14.70272089	      2.75104810	      5.56012366	    -17.22753223	     -5.29416047	     -2.14195901	     42.87845691	      4.28521951	     -3.19424128	     40.15859946	    -27.10563334	    -56.60517102	      1.66057255	    -14.79156923	      3.33584369	      0.03465987	     -0.19920827
      3.70666670	     18.64528170	     -1.07575426	      0.68372785	     46.86244240	     54.74797139	     38.56447717	      4.52398632	    -27.60426071	     -1.32304523	    -13.94803577	    -23.77179756	      0.95569609	     28.26799575	     -5.28377363	     -1.13157650	     35.22565204	    -35.22060459	    -56.44238479	      1.54352470	    -14.41874749	      3.67141272	      0.02427957	      0.03725884
      3.71500000	     32.37001337	     13.74315513	     10.35800098	     18.39117839	     33.12073441	      2.03949933	     10.26639874	    -13.27646758	      2.29365581	    -16.98619309	    -17.59973554	     -0.75249366	     35.74271877	     -1.11318191	     -2.27292997	     36.82814355	    -35.11320470	    -55.46818376	      1.16687367	    -15.08859714	      4.47638282	      0.03009101	     -0.07537456
      3.72333330	     29.07794263	     12.26730419	      8.15170445	     30.88535248	     36.50575435	     16.60306131	      8.44289003	    -16.95230806	      1.59355085	    -15.93487350	    -20.87553071	     -0.75549029	     33.55097588	      0.14922447	     -1.79136671	     35.36418641	    -37.20036949	    -54.82111685	      1.41475836	    -15.54114702	      4.38046520	      0.02906179	     -0.04098588
      3.73166670	     30.33365008	     12.46395673	      8.68097890	     26.90455900	     34.15932962	      9.42984267	      9.48349729	    -16.03817084	      2.34776887	    -16.63921169	    -20.63017835	     -0.97744019	     34.22437483	      0.52004379	     -2.27800007	     35.72260376	    -38.20867274	    -53.59196492	      1.84793442	    -16.04125163	      4.56656399	      0.03042908	     -0.05341952
      3.74000000	     30.54037886	     12.17711101	      9.43417625	     22.15448458	     29.16817627	     13.72088073	      9.15499048	    -17.29652120	      2.27467574	    -17.56620461	    -22.72220594	     -1.18776443	     35.05738917	      0.80959594	     -1.30437683	     35.30322370	    -40.72099943	    -52.76139181	      1.54138049	    -16.45310597	      4.96075427	      0.03109591	     -0.04702640
      3.74833330	     30.28412293	     16.11290819	      8.99087329	     27.37411610	     31.90066535	      8.70745082	      9.25885622	    -15.88279710	      3.13668701	    -17.50813525	    -22.58935066	     -1.29852595	     34.62864166	      3.74217950	     -1.88431723	     35.57319764	    -41.66788747	    -51.66635704	      1.69115864	    -17.28099494	      5.09378168	      0.03198472	     -0.05151000
      3.75666670	     26.28294747	      9.86930415	     10.17995909	     28.05601467	     22.19064820	     28.27411774	      8.80782254	    -17.13023334	      2.92124727	    -19.08859882	    -22.66080380	     -1.82808182	     32.71587236	      2.00779269	     -1.90593503	     35.72181968	    -43.62573364	    -50.69269706	      1.81627360	    -17.77815591	      5.40269961	      0.03253731	     -0.06000615
      3.76500000	     32.84754101	     15.34472957	      3.61716884	     -4.39494072	     30.71581914	    -26.02058026	      7.02541978	    -19.80578316	      3.63074370	    -16.59346525	    -28.14271899	     -1.13519487	     38.48349420	      1.02035819	     -1.38012895	     34.96297951	    -45.55315308	    -48.98906354	      1.65992724	    -18.22488269	      5.62117735	      0.03454686	     -0.02123999
      3.77333330	     21.63327071	     16.98196286	     13.35605708	     36.77370662	     22.63783889	     55.70095592	      6.83624271	    -13.66551353	      4.13925575	    -20.31252233	    -21.41156842	     -2.85402118	     31.21379505	      9.47483370	     -1.07825173	     35.22898136	    -45.60813112	    -47.71552955	      1.73137638	    -18.92343793	      5.99711728	      0.03317229	     -0.08653566
      3.78166670	     28.51199531	     14.74203640	     -0.13308277	    -14.63111507	     35.11857626	    -37.57519864	      4.98256626	    -19.78235367	      3.51412310	    -17.24043682	    -29.69506481	     -1.25139934	     37.98876956	      0.42698271	     -1.81951503	     33.87595097	    -48.84791566	    -46.20297008	      1.37210356	    -18.79152940	      6.62263757	      0.03598587	     -0.01123536
      3.79000000	     21.78354921	     21.31502152	     10.37915556	     23.42008946	     28.59374109	     38.26683634	      5.86754924	    -12.39785542	      3.65757520	    -19.71224733	    -23.60719256	     -2.95214628	     32.34853440	     10.23544238	     -0.35251349	     34.68863972	    -48.17278717	    -44.19238944	      1.74246215	    -19.30194202	      6.39658040	      0.03450458	     -0.07358383
      3.79833330	     24.81539698	     16.61371534	      2.18184200	    -14.01820088	     40.23844267	    -12.96985980	      3.84702783	    -15.45624416	      2.99528753	    -18.65040345	    -28.24771664	     -2.34733193	     37.53145475	      2.84534349	     -1.70535850	     33.21199240	    -50.34731194	    -42.66711501	      1.75817625	    -19.30948254	      6.78433350	      0.03520771	     -0.04055803
      3.80666670	     19.45570539	     22.36217700	      3.86095250	      4.22343661	     31.48921415	      2.02334935	      3.88093095	    -11.00308461	      2.43320932	    -19.65417330	    -26.37965286	     -2.54120491	     32.98345744	      7.05860431	     -0.87463734	     33.17265670	    -52.28895375	    -40.40839355	      1.40431560	    -19.22820449	      7.39723919	      0.03425201	     -0.04609482
      3.81500000	     22.91493389	     28.31022278	      5.00290437	     -4.81222997	     40.80049635	     23.21321891	      3.67545445	    -10.48607254	      1.89569550	    -19.71686248	    -26.34536362	     -3.19405714	     36.59960249	     13.11343052	      0.70113195	     32.92481952	    -52.41473753	    -37.89533053	      1.76232285	    -18.97396119	      7.60076632	      0.03401627	     -0.08001496
      3.82333330	     20.41379200	     23.92449740	     -2.73580216	     -0.91473124	     48.70700855	    -46.80841838	      3.96853189	     -8.97219372	      0.87261333	    -17.55844981	    -29.95554330	     -2.34659963	     33.24816859	      2.48881121	     -1.75302331	     32.40302934	    -55.53224860	    -35.61634609	      1.60623010	    -18.83210840	      7.98524592	      0.03260833	     -0.00589550
      3.83166670	     22.44587594	     19.15561160	      2.96984465	    -33.43330272	     43.04387416	     36.74789169	      5.00820308	    -13.26343525	     -0.47157086	    -21.84435204	    -26.27021773	     -3.83932308	     38.79670146	     11.68759705	      0.14631048	     32.28360173	    -55.47842772	    -32.57189272	      2.03739427	    -19.08542224	      8.12466240	      0.03030275	     -0.06762245
      3.84000000	     18.89580172	     37.45467892	      0.67577813	     46.40364592	     57.55368726	    -45.89639333	      3.34866133	      0.58301149	      1.72293191	    -14.89239991	    -27.67618319	     -3.12710609	     28.88617648	      8.30634346	      0.05596311	     32.45372358	    -57.33291967	    -30.50867117	      2.13999234	    -19.28347758	      8.34536662	      0.03024606	     -0.05257363
      3.84833330	     28.97177429	     10.78103521	     -0.34522427	    -53.57916941	     51.32944506	     31.59377466	      7.89147348	    -17.52977245	     -2.54255937	    -21.22295196	    -29.11649702	     -4.31725760	     43.02486615	      8.38258309	      0.16473553	     32.04719355	    -59.01374569	    -27.69895305	      2.42552100	    -19.40620327	      8.17564896	      0.02642546	     -0.04048819
      3.85666670	     21.04578920	     32.57381080	      0.03437650	     39.59327852	     52.74361791	    -33.56525626	      7.64615708	     -3.12200189	     -0.00491219	    -16.77400248	    -29.04953515	     -3.84284510	     29.18164485	      9.82106293	      0.05766434	     33.97644665	    -61.41688740	    -25.08276328	      2.10238323	    -19.49286375	      9.22095051	      0.02645732	     -0.05413257
      3.86500000	     22.42007995	     14.49279917	     -0.53589710	      7.68460997	     53.34061055	      4.38211051	      9.61935809	    -12.42001989	     -1.60279492	    -18.02366550	    -29.37257509	     -4.88204794	     31.87590519	      6.45340578	     -0.13303545	     33.60004332	    -62.48578410	    -22.41386353	      2.64364628	    -19.71315427	      9.12427778	      0.02290859	     -0.05351424
      3.87333330	     40.96049955	     17.66569112	      0.40344149	      3.54876445	     63.02480463	      0.19728898	     11.31770044	    -10.94125977	     -0.60642889	    -17.14338635	    -29.62329729	     -5.00494620	     45.27443558	      9.89408229	      0.70595318	     34.07458886	    -64.88217487	    -20.15220897	      2.65706246	    -19.94063920	      9.49182239	      0.02257416	     -0.05381842
      3.88166670	     22.04824387	     22.46838918	     -0.10272634	     22.98441875	     40.78585946	      1.16826400	     11.68292220	    -12.39203702	     -1.04243230	    -16.92327031	    -32.35219275	     -5.58556003	     27.64331797	     11.72195769	      1.34792686	     35.51466941	    -66.33911958	    -17.79906067	      2.90539610	    -19.52865642	      9.66456338	      0.01898155	     -0.04387909
      3.89000000	     37.60985560	      8.01270206	     -0.45445589	     15.48719552	     60.32315912	     -0.56029858	     13.03299089	    -14.34951097	      0.27681992	    -15.64508052	    -32.07576253	     -6.33549328	     40.12660911	      5.61826230	     -0.37009018	     34.71827460	    -68.17598974	    -15.46812422	      3.20865971	    -19.75680247	      9.77651924	      0.02106551	     -0.04579329
      3.89833330	     27.04523089	     21.81896121	      0.80649585	     34.06346601	     43.88600447	     12.90775008	     12.05837592	    -15.67815135	      0.70331407	    -15.74943761	    -35.29899442	     -6.65157982	     30.46459007	     14.11747872	      2.90644330	     34.47754512	    -70.30379422	    -13.21625946	      2.75571919	    -19.83037154	     10.26437846	      0.01773911	     -0.04422757
      3.90666670	     36.84206201	     -4.35472790	      4.26168336	     -9.48395856	     76.32362565	     23.40118270	     10.64548927	    -14.85865178	      2.36480869	    -15.37357491	    -28.97818696	     -8.61756123	     44.15817814	      2.87043395	      0.73949649	     32.45068565	    -71.52054171	    -11.46660352	      2.88407251	    -19.61221097	     10.38322324	      0.01766596	     -0.07903939
      3.91500000	     25.15063366	     19.08645874	     -7.14761574	     63.91250253	     32.68579646	    -30.24748347	      6.70265848	    -18.85047122	      4.59234734	    -13.17244508	    -44.13088335	     -6.13044867	     29.62155378	      7.17494872	      0.00693679	     30.98959141	    -73.87942897	    -10.43819804	      3.15995068	    -19.11915230	     10.66800304	      0.01939519	      0.00261297
      3.92333330	     27.56656207	     -1.34343804	     11.01241237	    -26.85473605	     67.94552649	     56.33878927	      7.07028155	    -11.83053892	      5.42614252	    -17.11230173	    -25.07501590	    -10.32830388	     41.38192452	     10.26874551	      1.41038570	     30.85724451	    -73.26675076	     -8.92930865	      3.78088289	    -19.12416084	     10.87017265	      0.01526513	     -0.11241490
      3.93166670	     31.15541679	     16.37105168	     -8.56675859	     66.24180442	     23.66661141	    -33.45187476	      5.04731013	    -21.49270813	      5.94722753	    -10.34727978	    -47.57211227	     -6.86288507	     33.06045966	      4.47304388	      2.17755755	     31.29715077	    -76.36524298	     -7.31040583	      3.51858823	    -18.02515584	     10.79067199	      0.02240230	      0.01106380
      3.94000000	     22.35996057	     -3.47030469	     10.60963792	    -22.44566228	     66.69072742	     67.80285749	      4.07290108	    -13.63469649	      6.84713087	    -16.06955835	    -26.29957497	    -11.22643489	     39.18098858	     10.09779138	      2.33982093	     30.80772327	    -75.96007693	     -5.93455320	      3.92990247	    -17.31451464	     11.39050727	      0.01523057	     -0.10160970
      3.94833330	     35.36491401	     14.52099988	     -8.38658611	     51.40571305	      5.57042502	    -48.21988076	      3.40954393	    -19.30853788	      7.55360625	    -10.73894159	    -49.98023226	     -7.72606872	     37.50145521	      0.81651736	      0.14409762	     30.82474332	    -78.62748496	     -4.03004092	      3.70673718	    -15.80974834	     11.43344917	      0.02566046	      0.00491195
      3.95666670	     19.30811467	     -1.87874784	      9.65961179	    -15.51729773	     66.56783251	     74.44096118	      1.83255992	    -14.62498996	      7.67405669	    -14.75680545	    -28.18836830	    -12.08719683	     37.47014554	     11.22940937	      3.35914466	     30.12740605	    -77.97242446	     -2.25712462	      3.82135448	    -14.52338038	     11.86149722	      0.01770716	     -0.09595975
      3.96500000	     29.96862701	      9.82887191	     -4.29437596	     21.87672853	     15.91332587	    -20.49177249	      0.62008132	    -18.19471556	      8.52686843	    -12.07283692	    -46.58424591	     -9.38995634	     38.85201020	      2.03703547	      1.18312673	     28.72405954	    -80.17078091	     -0.46914245	      3.42403461	    -13.22742106	     11.96876717	      0.02693888	     -0.01321572
      3.97333330	     25.10647792	      7.24847108	      0.13207873	     25.90006060	     33.70826807	    -12.50880737	     -0.86177405	    -11.46474267	      8.97786064	     -9.56838936	    -41.97644088	    -10.21048361	     35.44070121	     -0.14461749	      1.13402948	     28.99120356	    -79.20821196	      1.56060622	      3.44720742	    -11.78962971	     11.93938610	      0.02694907	     -0.04715812
      3.98166670	     24.06840389	      2.07339304	      2.65636639	    -35.20301235	     54.03191095	     55.97337197	     -0.50584735	    -19.22939263	      8.44567542	    -15.44114794	    -35.19891703	    -12.22844799	     43.52116808	     12.08285784	      2.46252174	     26.98092519	    -80.06088012	      3.34301233	      3.49224918	    -10.03305109	     12.41424619	      0.02509707	     -0.07353766
      3.99000000	     24.52904672	     11.68760181	      0.39700410	     29.34472881	     22.55403030	    -16.18361106	     -3.03164703	    -11.55399961	      9.50092653	     -9.70030661	    -44.46315086	    -10.72664958	     35.74640167	      0.69369702	      2.80109526	     26.49923298	    -79.96884294	      4.92884973	      3.53222605	     -8.56433075	     12.16794961	      0.03256310	     -0.02904067
      3.99833330	     22.43414462	      3.78303468	      0.22052057	     -5.92661434	     48.33668748	      9.62900969	     -3.02058726	    -12.54168674	      8.74050378	    -11.15640269	    -39.68325769	    -11.45755777	     39.02968281	      2.48861068	      1.56760869	     25.27913255	    -80.51407679	      6.84432957	      3.30573302	     -6.62529571	     12.67949910	      0.03120608	     -0.05007816
      4.00666670	     22.75628518	      7.84005580	      0.26431494	      0.22446929	     37.95273561	     10.03380073	     -4.70607872	    -11.99850346	      9.53652242	    -10.73333013	    -42.64847444	    -11.80871717	     39.06730880	      3.21760861	      1.92754365	     23.58621883	    -81.61810238	      8.00376195	      2.43271692	     -5.34556693	     13.50896760	      0.03399684	     -0.05084534
      4.01500000	     19.39671749	      8.19118857	      0.68463110	     -7.33717547	     43.12896249	     10.99381973	     -5.14637893	    -12.73801351	      9.08709837	    -12.29047586	    -41.49987975	    -12.00487201	     38.87960279	      4.57293710	      3.48348801	     22.25453135	    -81.96119602	      9.30369568	      2.34791407	     -3.70711740	     14.00110382	      0.03511261	     -0.05329562
      4.02333330	     18.99008689	     -0.11111995	     -1.65851556	     -9.08015737	     46.25907546	    -10.23902000	     -7.10152689	     -9.75212111	      9.60384675	     -9.49167891	    -41.40065873	    -12.22931729	     38.37461421	     -3.76743818	      0.10421669	     20.35140867	    -81.87097083	     10.21191140	      2.29602789	     -2.34502600	     14.23562378	      0.03717027	     -0.04588734
      4.03166670	     17.98723973	     11.65633102	      0.20302237	    -10.84943053	     48.79987025	     12.10964873	     -7.72539055	    -10.17876934	      9.25679423	    -10.20582839	    -41.49224735	    -12.55023487	     38.53819839	      5.49421497	      3.19919177	     19.46218768	    -81.22243427	     11.34440173	      2.47354873	     -0.73357044	     14.10849918	      0.03798947	     -0.05008278
      4.04000000	     18.20002756	      6.98464630	     -0.64726888	    -14.62831427	     47.36720290	     -5.14592422	     -8.68088153	     -8.81570772	      9.78829040	     -9.87792940	    -41.88759443	    -12.63331474	     39.24749590	      1.12836858	      2.35514424	     18.61930151	    -82.51988861	     12.19918000	      1.59808123	      0.79153003	     15.05562078	      0.03835812	     -0.04929039
      4.04833330	     14.68058736	      7.12484970	     -1.10635208	    -24.01679164	     54.72550782	     -4.75306221	    -10.35922248	     -8.65580839	      9.56366713	     -9.82883812	    -41.74737242	    -13.03418077	     38.86543468	      0.66015957	      2.26681149	     16.33558786	    -82.87268951	     12.55831629	      1.57575961	      1.85437033	     15.23324593	      0.04028136	     -0.04539411
      4.05666670	     12.10286771	     10.61506284	      2.04436941	      0.43670820	     46.79105627	     16.83383174	    -11.61813812	     -6.02963543	     11.33383142	    -10.05075488	    -42.55647399	    -13.02667477	     36.17453985	      3.73532827	      2.48634868	     15.44532537	    -82.97420492	     12.98487269	      1.28084499	      2.96294648	     15.84508659	      0.03908979	     -0.05956138
      4.06500000	     13.22857056	      3.76661670	     -7.25642407	    -51.50182531	     63.38208028	    -41.95915177	    -14.18900509	    -10.38015275	      9.85255417	     -7.57014487	    -42.39530170	    -13.41147638	     40.92349176	     -3.35681015	      1.76917057	     12.45337844	    -83.19572771	     12.74269965	      1.16629426	      3.60596874	     15.96698084	      0.04127705	     -0.03819146
      4.07333330	      8.07901808	      8.62933570	      1.02956090	    -11.41211562	     58.98569231	      4.42254444	    -15.22363124	     -5.65118830	     12.07813077	     -9.35285526	    -41.55981081	    -13.71004818	     36.78365344	      2.25182180	      2.56219292	     11.52959660	    -83.94613883	     12.77706755	      0.79661799	      4.50886031	     16.77314342	      0.03968008	     -0.04879033
      4.08166670	      7.93060855	      4.63541807	     -3.91085572	    -34.01262703	     61.95977115	    -22.97730077	    -17.05538475	     -7.28698448	     11.78162739	     -7.52142812	    -43.05997383	    -14.04419901	     38.08709071	     -2.74680760	      1.56020094	      9.98677346	    -84.45790009	     12.66297352	      0.35583695	      5.52018960	     17.12968675	      0.04054051	     -0.04409043
      4.09000000	      4.15087918	      7.97680454	     -1.59119136	    -26.01004671	     66.83699339	     -5.84134220	    -18.68108144	     -6.31608004	     12.91726538	     -7.53548285	    -42.31405405	    -14.46259809	     36.25530750	      1.34361045	      2.21006451	      8.05442160	    -84.49384352	     12.12402170	      0.33569298	      5.85950063	     17.55669924	      0.04021864	     -0.04786415
      4.09833330	      6.75121591	      3.45241164	     -3.10846209	    -34.96554184	     64.86678826	    -22.02955028	    -19.18220435	     -6.83544985	     13.13603568	     -6.82861750	    -42.87560477	    -14.44767594	     38.62724628	     -2.53050302	      2.19198693	      8.04186137	    -84.93641646	     12.36425682	      0.41813847	      7.06966236	     18.06081483	      0.03999580	     -0.04552151
      4.10666670	      1.60747991	      5.58799012	     -2.95778151	    -24.66448688	     73.04543520	    -10.15437704	    -20.62642420	     -6.68139542	     13.76947569	     -5.72676831	    -43.19189382	    -15.27427092	     34.92203906	     -0.24408764	      1.62934334	      5.69941600	    -85.18923420	     11.50310441	      0.34721335	      6.94009794	     18.26383545	      0.03962257	     -0.04500985
      4.11500000	      9.43422272	      4.45281439	     -2.27180351	    -41.03917903	     74.77887583	    -21.87440399	    -20.73301627	     -5.96130881	     13.80104169	     -5.41268105	    -44.60553391	    -15.32783033	     41.75707752	     -2.85369242	      2.88837145	      5.51284837	    -86.16289557	     11.49434787	     -0.00142223	      7.68423574	     18.80214691	      0.04008197	     -0.04612631
      4.12333330	     -6.38584874	      2.19564600	     -2.74033000	     -8.29985428	     73.19259320	     -7.05052815	    -20.43204231	     -6.96093499	     14.27753965	     -5.71941070	    -43.76676152	    -16.39566052	     28.02323157	     -1.53547724	      0.17991065	      4.77347594	    -87.37428990	     10.93964655	     -0.30316376	      7.84233652	     19.72977387	      0.03919304	     -0.04437130
      4.13166670	      8.72087899	      3.92654844	     -0.91822376	    -35.30522356	     80.45221226	    -21.05722992	    -19.46447083	     -5.68699695	     14.24791792	     -4.24049431	    -45.39880867	    -16.39967678	     39.37592744	     -2.32308474	      2.55381494	      4.84376213	    -87.25793014	     10.68972406	     -0.51456705	      8.35219298	     19.75890622	      0.04004903	     -0.04483000
      4.14000000	      1.22631453	     -2.81415483	     -4.07562305	    -11.99612770	     83.85403254	     24.51288440	    -20.39718638	    -12.16068524	     13.81215372	     -4.02715709	    -44.85888955	    -17.43833407	     34.35989004	     -1.67519174	      1.94256754	      3.73306881	    -87.78357954	      9.79615524	     -0.37074903	      7.97246706	     20.21635162	      0.03906706	     -0.04922292
      4.14833330	     17.72774167	      6.87633029	      5.72397062	    -35.45581522	     66.71738559	    -68.02524714	    -14.53059793	      2.75099998	     16.49569858	     -2.98504928	    -49.05408340	    -16.69818088	     39.04767415	     -4.67997656	      0.93455404	      4.73513064	    -88.41435340	      9.86346569	     -0.74901485	      8.35570448	     20.69845209	      0.04004627	     -0.03604846
      4.15666670	     -7.99666387	    -21.93034445	    -15.69451007	      2.30557886	    129.86806463	     70.03300859	    -20.10787077	    -27.20620123	      9.39024089	     -1.40103220	    -42.07263436	    -19.13507564	     30.30785511	     -7.21354053	      1.95028035	      4.40693623	    -89.11406391	      9.17735883	     -1.08770513	      8.42865919	     21.18279685	      0.03408235	     -0.06085392
      4.16500000	     24.17769542	      8.54560736	      7.94524132	    -32.25556085	     59.43964287	    -33.64451174	     -9.61398694	      0.80265084	     16.10173862	     -3.05225128	    -50.99101732	    -17.48314704	     39.37647113	      0.67196220	      1.17708459	      5.51709129	    -89.63078782	      9.22910654	     -1.07686205	      8.05717209	     21.68192377	      0.03970429	     -0.02769748
      4.17333330	      7.57861688	    -21.39874267	     -8.10533513	      4.87408993	    113.31092011	     19.76422191	    -12.67043686	    -18.40753008	     10.89811708	      0.29571173	    -44.73208996	    -18.91752398	     32.61305258	    -11.25167595	      0.98734423	      6.25288304	    -89.61130309	      8.90129901	     -1.26291203	      8.57738250	     22.28896850	      0.03441123	     -0.05212953
      4.18166670	     21.43182691	     -8.90970394	     -1.14695970	    -13.49357530	     84.98252285	     15.35172073	     -6.20789817	    -12.86415211	     11.43823206	     -0.54630484	    -48.15016158	    -19.44158400	     36.14737714	     -3.49392660	      1.14026515	      7.87663379	    -90.74106693	      9.10423714	     -1.66273037	      8.94945442	     22.72712640	      0.03611593	     -0.04656714
      4.19000000	     18.06796264	    -15.91690105	     -4.30046610	      2.88390589	    111.64230813	     24.75678318	     -5.73647518	    -15.93822824	      9.89947919	      2.89458732	    -47.01283218	    -19.80731370	     32.17496211	     -6.82822409	      1.19204596	      7.98208988	    -90.40568620	      8.50077712	     -1.47178492	      8.36516155	     22.56501715	      0.03048427	     -0.03995627
      4.19833330	     39.52338875	    -16.15946862	      5.04812185	     -5.86902248	     46.71608329	      1.66759625	      0.18858719	    -10.08535043	     11.28831709	      0.64512004	    -48.65942343	    -20.41144928	     41.25344412	     -9.59497114	      0.87302118	      9.16567448	    -90.69990098	      8.63779039	     -1.59935387	      8.07503796	     23.49087578	      0.04335788	     -0.05878391
      4.20666670	     19.47947424	    -20.25836057	     -6.83220950	     10.45237633	    123.42909051	     49.99374023	     -2.10085142	    -18.96033965	      7.60886441	      5.04628614	    -47.11943055	    -20.26308097	     29.62959133	     -6.19601129	      0.79558483	      8.45881123	    -91.95700439	      7.89631547	     -2.07552834	      7.58866417	     24.01614694	      0.02440305	     -0.03025418
      4.21500000	     37.97191871	    -24.05837458	     -1.93822767	     -9.98173581	     83.21464385	     16.29854347	      2.11896794	    -15.32357758	      7.54891535	      4.57925852	    -48.86480342	    -21.49088963	     38.75244803	    -12.72310103	     -0.04325908	      9.12797273	    -92.75070278	      7.86864667	     -3.04715141	      7.54280725	     25.04540505	      0.03237921	     -0.05069437
      4.22333330	     33.89098377	    -12.56882759	     -2.76746591	      2.54759348	     75.67887653	     39.97473633	      2.79909581	    -15.99433208	      6.28431809	      6.03818710	    -50.71298383	    -22.18578375	     32.57815838	     -3.68502982	      1.58638248	      8.56959787	    -94.95169384	      7.37930800	     -4.28531208	      6.96051333	     26.48515025	      0.02965324	     -0.04834014
      4.23166670	     36.28598439	    -19.96484960	     -4.00728191	     11.48378418	     87.94466406	     19.09869543	      2.15510498	    -14.72478559	      5.41474450	      7.85620959	    -53.72122586	    -25.11727890	     34.30849177	    -12.66036656	     -1.20222545	      6.58365153	   -101.64289631	      6.37042337	     -7.31162170	      5.54030835	     29.90299992	      0.02631265	     -0.03918756
      4.24000000	     47.64748337	     -1.67375722	      5.80130920	    -24.79660279	    -20.54701126	      1.22753230	      5.20096798	    -11.21540300	      5.40676839	     -0.62326603	    -73.82156793	    -30.34865061	     39.98078028	    -13.51661129	      2.69995722	      5.77446070	   -120.25362480	      5.99563277	    -15.41096284	      4.90663652	     39.12203661	      0.03389350	     -0.05586456
      4.24833330	     17.36320525	    -10.79648617	     -9.58854194	     20.23453311	     40.47047467	     37.28641891	      3.69600524	    -24.28137686	      0.11164166	     -9.27000505	    -74.87747677	    -34.20511371	     29.14203708	    -14.05293619	     -0.29521937	      3.68545059	   -141.47227143	      5.19558370	    -24.01048238	      4.67911067	     49.29832074	      0.01912650	     -0.05577788
      4.25666670	     40.09793604	     50.43015331	     12.71146219	    -65.40188014	   -115.34403732	    -76.75672431	      4.93227826	      8.98790718	      7.42767430	    -21.35721318	   -101.80565930	    -31.62025587	     42.62929697	     -1.50937608	      0.06934365	      4.97037245	   -154.53649707	      5.00769217	    -28.80038125	      3.45104903	     55.06287197	      0.03279318	     -0.01961649
      4.26500000	     20.83205587	    -19.25077403	     -9.59852198	     -0.40979939	     13.20659618	     15.01248345	      4.05948171	    -22.63048042	     -2.38184348	    -15.15681050	    -80.19740769	    -35.97487808	     35.44428193	    -26.64101925	     -1.56835445	      0.06032734	   -151.08301611	      3.68634867	    -29.07409161	      2.92214325	     55.93122314	      0.02486914	     -0.07447435
      4.27333330	     30.06705909	     34.84265064	      3.57366853	    -10.50263107	    -20.47075334	    -38.66122130	      6.76541002	     -1.52666973	      1.55366170	    -11.74410496	    -90.76322611	    -32.73394586	     31.23419586	     -3.21924808	      2.15225708	      0.13308908	   -146.28957182	      2.97937963	    -28.64812159	      1.87788803	     55.05091612	      0.02074766	     -0.03081954
      4.28166670	     35.65870167	     -2.13113747	     -2.40208204	    -19.87961432	      8.59309956	    -25.52115049	      5.71431777	     -9.59327202	     -1.45364723	     -9.54560339	    -79.81714827	    -33.98460641	     39.48927097	    -21.74740829	     -1.18695799	     -1.83627300	   -141.17773014	      2.21073835	    -28.54220122	      1.37107118	     55.08800489	      0.02769991	     -0.06114956
      4.29000000	     28.41826049	     15.78145307	      5.28673431	     -9.38584443	     13.61088473	     -2.34338203	      5.63484232	     -4.02044013	      1.18912640	    -12.40612068	    -78.44006175	    -32.91587837	     34.77120928	     -7.29976086	      0.41454054	     -3.22692916	   -139.63466948	      1.28781777	    -29.19633292	      0.49038830	     55.49894433	      0.02595456	     -0.03581509
      4.29833330	     32.83225247	      8.15900899	     -9.21809879	    -17.58913498	     45.84787655	    -80.58166487	      6.28735779	     -4.70722515	     -2.47684441	     -7.12638520	    -82.56531707	    -29.39291363	     36.32614423	    -22.45197079	      0.44836899	     -3.25474089	   -139.90634217	      1.13719569	    -31.46183987	      0.64915135	     57.76872934	      0.02056003	     -0.05059473
      4.30666670	     33.00803397	      8.03152168	      7.35833178	      5.18335731	     -0.11999546	      4.23459791	     11.43911797	     -3.50199845	     -1.08337161	    -16.45743578	    -74.66768497	    -31.14003638	     35.03675525	     -9.52571095	     -0.24328907	     -4.05462331	   -140.45539920	      0.44686933	    -33.96762958	      0.10976062	     60.29579145	      0.02677506	     -0.04414556
      4.31500000	     29.77422364	      6.65349540	     -4.32479084	    -15.41275507	     43.23902986	    -48.33841628	      7.43345510	     -3.48640518	     -1.99558881	    -11.06898388	    -76.36687651	    -28.63529843	     35.96092613	    -16.57444853	      0.45646041	     -3.98875112	   -141.68283287	      0.32757491	    -37.03085805	      0.13790795	     63.04318346	      0.02372801	     -0.04925622
      4.32333330	     35.70061741	      0.34676302	      0.79478298	      9.05673129	     10.80556206	    -33.57874015	     11.22354094	     -2.11047186	     -2.06043805	    -15.12778045	    -73.78631553	    -28.43816498	     37.12579233	    -18.62347013	     -1.19269260	     -4.34045543	   -142.67528101	      0.30946119	    -39.93168124	      0.08641582	     65.95465921	      0.02402193	     -0.04154335
      4.33166670	     30.64053045	      4.46590016	     -1.43651004	    -19.12429550	     23.86974531	    -29.96000582	      7.60925787	     -2.15485689	     -1.62227533	    -12.80205831	    -71.18382001	    -27.45415105	     36.73227820	    -12.66845993	      0.50835985	     -4.12194724	   -143.64074900	      0.36923123	    -42.27570932	      0.10410371	     68.76598751	      0.02612564	     -0.06456367
      4.34000000	     30.28360617	      2.76369302	      0.05699981	     35.88785476	      5.62055683	    -36.38156019	     11.74163062	     -2.39702179	     -1.81135776	    -16.05458665	    -74.50514129	    -26.30836559	     31.23562956	    -17.19677222	      0.15341297	     -4.38510507	   -145.19642136	      0.23703118	    -44.88225508	      0.08403639	     71.14502348	      0.01992037	     -0.00402388
      4.34833330	     34.45164132	      2.39687922	     -1.38224696	    -15.35241932	     10.73326844	    -31.84807810	      7.38017542	     -1.10717321	     -1.22658278	    -12.32798016	    -68.95098168	    -26.20866975	     38.47810000	    -13.07680130	      0.38405023	     -3.87101425	   -144.60083444	      0.40431840	    -46.62236690	      0.07341748	     73.65741872	      0.02727308	     -0.08366645
      4.35666670	     29.89593541	     -0.83863572	     -0.96140694	     29.72300332	     -5.21775800	    -31.81957074	     11.22124916	     -2.49834745	     -1.76338477	    -16.77352352	    -72.18983876	    -24.87932861	     31.79611704	    -17.04709393	     -0.22043881	     -4.75387241	   -147.89042124	      0.26257243	    -48.84344811	      0.08786104	     76.80233688	      0.02210576	     -0.00110268
      4.36500000	     35.94589585	     -0.19753046	     -1.96582304	      3.42956647	     -9.16371898	    -38.55847505	      8.84118508	     -1.29513056	     -1.01875104	    -14.13374135	    -73.20785129	    -24.92334595	     37.43127585	    -17.71142594	     -0.05120132	     -4.03906890	   -148.73330418	      0.36382796	    -50.61191342	      0.06955092	     79.70460193	      0.02563610	     -0.05499232
      4.37333330	     28.70652854	      2.90198699	     -1.44460460	     23.86980942	     -7.36167018	    -36.62553666	     10.28578700	     -2.40867384	     -1.82282474	    -17.13567873	    -73.32816140	    -25.11507639	     32.04960924	    -15.03156490	      0.02668309	     -4.21269373	   -153.00047905	      0.29810318	    -52.84179278	      0.07543403	     83.22257538	      0.02218643	      0.00101049
      4.38166670	     37.08001880	      4.30537693	     -3.21445594	      8.86642557	    -26.37636401	    -46.67719464	      9.39147997	     -1.55412486	     -0.88933476	    -14.70868149	    -77.00313618	    -23.95128112	     36.65374271	    -16.99341804	      0.21995978	     -4.24267363	   -152.33521750	      0.36045106	    -53.37586326	      0.06364615	     85.29533057	      0.02592575	     -0.04605559
      4.39000000	     24.06740778	      3.33569033	     -1.30098010	     31.30396190	      0.38709834	    -23.98755646	     10.26037790	     -2.43997723	     -1.98502344	    -18.94366981	    -74.43216917	    -23.84463260	     30.13023355	    -14.56275480	     -0.73234360	     -3.72508571	   -155.41670629	      0.28402578	    -53.95477481	      0.06534568	     87.43410827	      0.01981497	      0.04161156
      4.39833330	     43.92061670	      4.71226716	     -5.52306107	      0.86646216	    -50.24201703	    -68.25725292	      9.00318067	     -1.76022619	     -0.11119878	    -11.65027970	    -79.38571091	    -21.68937260	     38.22364034	    -20.00204328	      1.41180972	     -4.67199312	   -149.96364169	      0.41851982	    -53.00566116	      0.06406307	     88.40460742	      0.03059788	     -0.09183612
      4.40666670	     25.03505368	      4.86010332	     -3.11115184	     34.00658918	      1.38570511	    -18.28800228	     10.60958895	     -3.46154219	     -2.12153864	    -19.37938360	    -75.73890856	    -21.42340929	     30.90611633	    -13.40690879	     -1.04611733	     -3.68962891	   -154.44158772	      0.28898998	    -52.52619401	      0.06908816	     89.99902609	      0.02003238	      0.07565379
      4.41500000	     35.93056160	      4.90889530	     -6.23327018	     17.04258233	      0.39185299	    -57.16601899	      8.00594971	      0.50157226	     -0.35395645	     -9.58191660	    -75.06165172	    -19.18893867	     33.93262854	    -18.26316989	      0.30058094	     -4.07488646	   -147.55060827	      0.33297559	    -49.99244428	      0.03441247	     89.50542749	      0.02311472	     -0.03729165
      4.42333330	     27.42071815	      0.52792311	     -4.40666545	     27.10459369	    -20.58511632	     -7.59971089	     10.33547522	     -6.98576557	     -2.25004410	    -18.39073836	    -78.36051926	    -18.72043020	     30.95504682	    -16.46840212	     -0.14260682	     -4.03455668	   -151.20530905	      0.34581204	    -48.43924040	      0.12228677	     90.19283600	      0.02499491	      0.11999886
      4.43166670	     43.49441571	      7.11779524	    -10.41379771	     16.60771623	     -4.36875573	    -58.17909849	      7.77069369	      0.37173871	     -0.13876050	     -6.50857552	    -76.35589908	    -16.05643538	     37.42646284	    -17.28547108	     -0.48492047	     -4.27057346	   -145.20878340	      0.34006706	    -46.05859055	      0.02541327	     90.72324334	      0.02394515	     -0.00992830
      4.44000000	     29.20498467	      3.74163308	     -5.36503267	     32.06258342	    -19.37695275	    -35.25336292	      9.94531239	     -3.57850528	     -1.37205866	    -12.74299415	    -78.31003529	    -15.38855080	     27.22876362	    -18.00143426	      0.49852362	     -3.89626882	   -147.71424291	      0.36190061	    -43.86543806	      0.06209969	     91.80495479	      0.02476258	      0.07747689
      4.44833330	     43.38899132	      5.92124834	    -11.40660195	     12.12443919	    -16.83936820	    -39.76168947	      6.70079470	     -2.19811300	     -0.43955143	     -7.02591178	    -79.91599286	    -13.75755715	     38.27919320	    -18.96036961	     -0.26767763	     -4.16367487	   -147.38695488	      0.37690884	    -41.45732211	      0.07875378	     92.33056158	      0.02632157	      0.08530310
      4.45666670	     37.49516882	     16.05285435	    -12.35162407	     48.14284000	    -14.58585106	    -71.97245882	     10.98120974	     -0.20677701	     -1.15599254	     -5.21986373	    -88.74608378	    -11.62496034	     26.47563682	    -18.58982200	     -1.45972109	     -4.37736435	   -152.52918093	      0.29846778	    -38.81641733	      0.00787128	     92.51199027	      0.02119808	      0.25199351
      4.46500000	     49.84788406	      3.09556153	    -13.80415064	     27.90499942	    -18.95966557	    -20.62548558	      5.84361121	     -4.90862753	     -1.06646191	     -0.87832372	    -81.91902946	    -10.92840793	     38.45755229	    -20.50699940	      0.55286172	     -4.26209048	   -146.81114724	      0.35146304	    -35.31373614	      0.10771916	     91.56165731	      0.02526028	      0.07988891
      4.47333330	     42.84443166	      5.78109083	    -10.48147508	     55.98172770	    -13.32542035	    -13.86543769	      8.31587469	     -2.29845549	     -0.99598040	      0.10693787	    -81.10830420	     -9.88371906	     29.03853127	    -17.90756189	     -1.51587029	     -4.18933580	   -146.92380253	      0.34765989	    -30.86508781	      0.05360809	     88.80255151	      0.02414200	      0.10090644
      4.48166670	     31.66024010	    -19.04338616	     -0.46846939	     32.18179793	     19.89441555	     14.23975168	      8.11352648	     -3.40465882	     -1.26686171	     -9.04288397	    -61.10152695	     -9.67007407	     29.95304458	    -21.94564092	     -0.93819912	     -4.46322984	   -136.34802590	      0.32469950	    -25.09523656	      0.08485006	     84.40574886	      0.02354605	     -0.14228921
      4.49000000	     20.49170082	    -23.15401548	     13.00612819	     11.05757856	     23.79355328	     85.19520881	      7.52634532	     -2.68376454	     -1.03301114	    -20.60703223	    -54.68448727	     -8.71046195	     31.45659739	    -16.25278222	     -0.94239718	     -3.74780453	   -132.50897278	      0.38380726	    -20.43262437	      0.06732269	     80.01136746	      0.02557305	     -0.19741766
      4.49833330	     13.49079532	    -35.62999266	     10.69215788	    -17.61546549	     50.93949292	     17.19248050	      8.71889286	     -3.30301340	     -1.23014509	    -24.43490077	    -50.14646731	     -6.57115857	     29.72404979	    -26.06602231	     -1.62943088	     -4.86305691	   -127.77826013	      0.29149377	    -15.36664858	      0.07751230	     75.89499108	      0.02209223	     -0.23138743
      4.50666670	      6.68839380	    -19.86815252	     12.05049254	     12.59640008	     32.00403461	     44.10624577	      8.52274690	     -2.28218891	     -1.15827294	    -23.33815970	    -58.87577973	     -3.07773894	     21.40263331	    -18.55005770	     -0.71256334	     -4.57642069	   -130.35021292	      0.33727772	    -10.99161028	      0.06313127	     73.68134385	      0.02420369	     -0.12971875
      4.51500000	      9.61966245	    -26.03454509	     11.96402225	    -46.27636048	     40.02096562	     56.54462565	      5.62720708	     -4.30094594	     -1.04336826	    -30.05674996	    -58.22123907	     -0.66994492	     34.43537540	    -20.83581167	     -1.67217759	     -4.51040962	   -127.36435399	      0.22896518	     -6.69992100	     -0.28708697	     71.98455690	      0.02523459	     -0.14912757
      4.52333330	     16.05177876	    -10.37619862	      5.28440908	      1.34696066	     48.07418430	     -7.11441092	      7.99138802	     -1.18964163	     -0.67499779	    -18.58768539	    -70.96278729	      2.81212789	     27.23557402	    -24.02600481	     -1.84358882	     -4.94358319	   -132.99521534	      0.31313584	     -3.66029458	      0.03211107	     71.72634412	      0.02300811	     -0.02977202
      4.53166670	     12.38657114	    -17.82943017	      8.56560431	    -23.01902082	     47.49827936	     25.45570013	      6.60988707	     -3.13439537	     -1.22255102	    -22.82821011	    -64.95796665	      2.57600248	     29.55239393	    -22.02977423	     -1.60402004	     -4.60509999	   -128.64935026	      0.33784106	      0.23251040	      0.08588390	     71.21547681	      0.02388760	     -0.09016810
      4.54000000	     14.13718884	    -13.06407987	      7.99718527	     -9.05935181	     52.51427802	     13.25842011	      7.03117307	     -2.97760696	     -0.95020126	    -19.16721348	    -70.07392267	      4.05153838	     27.61452204	    -22.70920021	     -1.76970538	     -4.68014793	   -131.09278869	      0.33618051	      2.89129767	      0.05763551	     71.35666431	      0.02359064	     -0.06575437
      4.54833330	     12.34411216	    -12.87527405	      8.07657901	     -7.62864884	     53.98386992	     11.39735251	      6.11911651	     -2.39953783	     -1.03924278	    -18.24898901	    -69.79269192	      4.86709199	     26.39916430	    -23.25978546	     -1.79686640	     -4.66186157	   -130.64246237	      0.34838831	      5.30102140	      0.07437618	     71.50778534	      0.02431851	     -0.07292226
      4.55666670	     20.47230055	    -11.30857457	      8.65294233	    -12.93665239	     45.44275226	     13.55209560	      6.42169781	     -3.15189173	     -0.92766781	    -14.45369531	    -72.70176786	      4.47455419	     28.97523378	    -22.46654718	     -2.30688059	     -4.85371506	   -133.79672742	      0.34241078	      7.05861895	      0.06456552	     72.18979793	      0.02419230	     -0.07626306
      4.56500000	     19.53602519	    -12.71421376	      6.82620399	      7.53763758	     66.89885794	     -6.58359894	      6.13836743	     -1.79347142	     -1.00625678	    -12.34231000	    -72.43993544	      6.19266770	     27.76389826	    -26.48043628	     -2.03687929	     -4.92885420	   -134.84945392	      0.32308173	      8.37744025	      0.05880425	     72.36124562	      0.02299645	     -0.07125709
      4.57333330	     20.61273589	     -7.68973061	      9.19425550	    -12.21841217	     40.63821223	     15.43995200	      5.71499270	     -3.11699536	     -0.88063859	    -12.59948353	    -75.30964577	      6.57850154	     28.15464657	    -21.04563047	     -2.33995400	     -4.81944126	   -137.70206907	      0.35432238	      8.96188049	      0.06852094	     72.90981472	      0.02456099	     -0.08575673
      4.58166670	     21.44399815	     -9.33447822	      8.39192214	      6.27037794	     53.54716564	     -3.23191399	      5.75656219	     -1.83882372	     -0.98701522	    -10.44972363	    -75.73345886	      7.96140197	     27.30168275	    -25.13091837	     -1.97590292	     -5.06948219	   -140.40685112	      0.32701366	      9.11415533	      0.06188552	     73.05289442	      0.02337907	     -0.08277603
      4.59000000	     24.85130321	     -7.02496893	      7.43158798	      4.44924721	     44.93277748	    -11.02922810	      5.81557358	     -2.10999692	     -0.82457883	     -9.36665922	    -77.54287225	      9.21102221	     28.77907931	    -24.46768602	     -2.79633180	     -4.90254128	   -143.31464083	      0.35452910	      8.57250926	      0.05176553	     72.80323063	      0.02443087	     -0.08214143
      4.59833330	     15.96271082	     -8.87695638	     10.26426310	     11.18946917	     47.29609020	     15.15768177	      4.95900306	     -1.72977368	     -0.93939274	     -8.96298418	    -77.19810376	      9.69406705	     21.91864364	    -23.62281331	     -1.99982318	     -5.36694158	   -146.65044164	      0.29547571	      7.18767606	      0.07526835	     72.52610179	      0.02201574	     -0.08947985
      4.60666670	     30.85398730	     -5.08932971	      7.63802192	     -1.97145801	     34.62291454	    -12.22512184	      5.43896309	     -2.17533345	     -0.86665566	     -7.80217284	    -79.26905329	     11.62471122	     32.40832423	    -24.54523596	     -2.23378974	     -4.77840058	   -149.60734009	      0.37105657	      5.98768472	      0.05230018	     71.11974100	      0.02493288	     -0.07859856
      4.61500000	     24.16159782	     -8.27378167	      8.17993382	      4.79741359	     26.74669363	    -22.82042564	      6.15437038	     -2.12708034	     -1.00058484	     -9.17861737	    -79.40014519	     12.21195518	     26.67074480	    -25.59662274	     -4.21378683	     -5.04471372	   -152.81659871	      0.39270918	      3.35712666	      0.04605794	     70.11610768	      0.02655371	     -0.08819429
      4.62333330	     25.89511659	     -4.98774626	      9.77256936	      6.66942661	     40.94894915	     18.59643966	      4.27764067	     -1.03069558	     -0.49487183	     -9.40193569	    -78.41781465	     15.60495908	     30.98826898	    -22.45262192	     -0.56911328	     -5.67662923	   -154.68546898	      0.25979504	      0.90335110	      0.07100003	     68.40851772	      0.02061918	     -0.07334244
      4.63166670	     13.64185027	    -10.85828814	      6.28023897	    -10.88610102	     31.37231886	    -14.41384766	      3.35955570	     -2.12083378	     -1.00776288	    -13.43221511	    -77.40776648	     17.47546517	     25.07272397	    -25.77992795	     -4.16490345	     -6.47669844	   -157.21702035	     -0.18084873	     -2.96630965	     -1.33533161	     66.91878899	      0.02433087	     -0.08054568
      4.64000000	     25.17192415	     -0.22616119	      7.65179791	     30.65252100	      6.92591935	     -1.35975805	      4.87718354	     -0.02361527	     -0.09861767	     -9.61126503	    -79.69601776	     19.87259951	     27.37660286	    -21.11602426	     -1.40848562	     -5.67103069	   -162.08502117	      0.34956728	     -6.32278781	      0.06112277	     65.12964828	      0.02595788	     -0.05544351
      4.64833330	     18.45330629	     -7.22559913	      9.13719472	    -11.63943169	     27.38854484	    -12.14890222	      5.52525617	     -2.40342175	     -1.12443842	    -15.87640938	    -80.21214413	     20.68563892	     29.14081027	    -24.67182302	     -2.16567589	     -5.29411121	   -164.90092962	      0.33534831	    -10.59123062	      0.06014664	     63.17560117	      0.02315382	     -0.07205720
      4.65666670	     20.23209376	     -9.70956334	      6.33069938	     -2.56033042	      2.29033164	     -5.41743247	      4.34303578	     -0.86495762	     -0.86799979	    -13.10083041	    -78.14283417	     22.27317505	     27.49365917	    -26.08016832	     -3.88349720	     -5.29421764	   -167.35373128	      0.32525884	    -15.13825164	      0.04926075	     60.95238757	      0.02309586	     -0.05386861
      4.66500000	     21.79891722	     -3.78355423	      8.06728111	     -0.07292621	      4.51694601	     -1.19207811	      5.42675801	     -1.23742152	     -1.01219332	    -14.24513704	    -77.01855895	     22.89516507	     28.92937374	    -19.72322906	     -1.28142439	     -5.35522209	   -170.18122334	      0.34680921	    -20.01189007	      0.05564385	     58.76432972	      0.02404296	     -0.05307641
      4.67333330	     23.97147446	     -7.92347048	      7.06945097	    -11.57602740	     -4.18899446	     -4.21699304	      4.51611385	     -1.70968865	     -0.56422792	    -12.94102564	    -79.41758101	     24.01144376	     30.26190530	    -24.76014783	     -3.07199722	     -5.26047845	   -174.10657815	      0.35297234	    -25.22750217	      0.04592782	     56.86037282	      0.02425539	     -0.03970995
      4.68166670	     17.46056795	     -4.37425165	      7.46095917	     14.29168764	      2.61818224	      0.33876307	      5.18502531	      0.02577952	     -1.02097722	    -15.26001292	    -74.72286200	     24.70787161	     26.04843677	    -19.33218950	     -2.03066137	     -5.44000262	   -173.35003623	      0.32702423	    -29.97853600	      0.05258586	     54.51819683	      0.02321642	     -0.04240457
      4.69000000	     28.26646249	     -7.66147664	      7.08163521	    -39.68717586	    -18.87038613	      1.69619150	      4.08048978	     -2.18078517	     -0.34105732	    -12.52488529	    -78.92237773	     24.82725416	     33.67416093	    -23.73047962	     -2.94866511	     -5.62906632	   -177.46266921	      0.36865698	    -35.57031341	      0.06514118	     52.64016011	      0.02592593	     -0.03195104
      4.69833330	     16.90688253	     -7.63470314	      7.77661072	     34.22663149	     19.32846009	    -12.82504786	      6.17153263	     -0.37369587	     -1.61093296	    -16.47779774	    -74.35787909	     26.25090512	     26.23326718	    -23.14355879	     -1.14272280	     -5.00304070	   -176.23707929	      0.31319433	    -40.29146171	      0.01722347	     50.46820068	      0.02087829	     -0.02957976
      4.70666670	     20.20756059	     -3.65491920	      7.51496177	    -38.31017594	    -25.32266293	     17.50047810	      3.37578851	     -1.83452117	      0.16162519	    -14.47060355	    -76.37352059	     25.15865231	     29.20911711	    -17.23311212	     -3.71332605	     -5.77610299	   -177.95533765	      0.39169447	    -45.19873093	      0.08481874	     48.32585919	      0.02777897	     -0.03349261
      4.71500000	     22.16377793	     -8.22709026	      7.50161804	     12.09704652	      8.84243544	     -5.34619084	      5.29206552	     -1.08477228	     -1.36639108	    -14.20704818	    -74.32673057	     26.17107480	     29.38083394	    -23.47352098	     -0.67278554	     -5.11025199	   -178.74024630	      0.32151884	    -50.51466065	      0.02196107	     46.70294360	      0.02149674	     -0.02052783
      4.72333330	     20.18917865	     -6.74171485	      7.56587993	    -12.58785216	     -0.48495147	      7.69509312	      4.77944404	     -1.17311556	     -0.65525512	    -15.34221915	    -73.55144621	     25.77420200	     29.44508191	    -19.71725080	     -2.59760938	     -5.53353308	   -177.69009140	      0.35519122	    -54.27211349	      0.05450144	     44.14559719	      0.02461419	     -0.02589118
      4.73166670	     19.64461043	     -6.40693693	      7.86845199	     -6.82234221	     -2.06919780	      9.67725612	      4.44494676	     -1.42593129	     -0.55807024	    -15.48471129	    -73.09356744	     25.99330425	     28.91814316	    -19.48360071	     -1.94176682	     -5.32750467	   -177.41958111	      0.34805076	    -58.80432834	      0.03324060	     42.49164857	      0.02369488	     -0.02393695
      4.74000000	     20.81624038	     -6.71173818	      6.21535347	    -13.89358395	      9.87246943	      1.56199685	      4.95234978	     -1.04742178	     -0.85373329	    -15.62643006	    -71.93194537	     26.08108644	     31.02284026	    -19.99535255	     -2.09474855	     -5.66488498	   -176.92985865	      0.34750362	    -62.36595540	      0.05723222	     40.05507910	      0.02418214	     -0.02214658
      4.74833330	     16.05735051	    -12.46191934	     11.33682323	      9.82105107	     -2.43376713	     44.06656938	      4.42136827	     -1.52962445	     -0.62483356	    -16.18511099	    -69.82166405	     24.71464026	     25.79757030	    -19.28045458	     -1.65665468	     -4.85340286	   -175.24602829	      0.35703308	    -65.75655982	      0.01069682	     37.66457320	      0.02321107	     -0.03739189
      4.75666670	     18.63138067	     -9.24497105	      2.90131644	    -30.68206607	     18.11852986	     -4.67950454	      4.56624500	     -1.45554827	     -0.78808677	    -16.14014189	    -66.08043551	     24.77930817	     31.23008325	    -18.57552713	     -2.10564980	     -6.06355991	   -172.01001958	      0.33713834	    -67.83404769	      0.07495947	     34.79132162	      0.02413128	     -0.04517604
      4.76500000	     22.08465573	     -9.82955458	      9.03735792	     -2.65795821	     10.51996188	     20.74137894	      4.25323768	     -1.27796481	     -0.35717754	    -14.10897904	    -70.27119461	     23.97395572	     30.54986661	    -20.82183415	     -1.33691376	     -5.19199695	   -172.70844002	      0.35829517	    -69.62923442	      0.01788116	     31.71320788	      0.02385962	     -0.02784936
      4.77333330	     15.36119998	    -13.92592766	      6.46374273	    -11.03251243	     17.38177510	     28.48901630	      4.63016950	     -1.34049833	     -0.80867229	    -16.26263665	    -63.10108515	     22.65189672	     27.76363041	    -17.60914504	     -1.83952639	     -5.51535077	   -168.04252953	      0.35381622	    -70.34354826	      0.04815714	     27.95902618	      0.02392366	     -0.06239973
      4.78166670	     17.68036958	    -17.37300096	      6.56042255	     -8.09737630	     19.57449830	     35.23493414	      3.95904545	     -1.57296198	     -0.38283307	    -15.03977046	    -61.41788763	     21.49580333	     29.07454460	    -18.83177851	     -1.75907805	     -5.49684392	   -165.55300021	      0.35384540	    -70.18294871	      0.02681785	     23.40134125	      0.02392617	     -0.07971491
      4.79000000	     16.69348107	    -18.95867494	      6.81488189	     -9.25606173	     20.82108859	     41.79282812	      4.50414281	     -1.15722016	     -0.71906791	    -15.55287908	    -58.05978865	     20.22694024	     28.56333433	    -17.50615142	     -1.38838703	     -5.39428876	   -162.24536748	      0.35763581	    -69.67221799	      0.04066212	     18.11428849	      0.02382953	     -0.11094737
      4.79833330	     18.03384146	    -22.07374619	      5.06447267	     -2.53270105	     26.92359474	     50.24429413	      4.02097295	     -1.66195279	     -0.47177534	    -13.41247171	    -56.20227618	     19.00026189	     28.57599729	    -18.17699125	     -1.96103838	     -5.57441240	   -158.98061792	      0.35892094	    -67.34781413	      0.03082962	     11.44767025	      0.02417862	     -0.13668872
      4.80666670	     23.15872027	    -19.53928953	      3.49013348	     13.64234806	     32.95232764	     36.15367338	      4.32158944	     -1.10876415	     -0.65922548	     -7.66488954	    -57.74446038	     17.62482145	     27.74177785	    -19.89542095	     -1.28032078	     -5.21358751	   -155.54487970	      0.36830222	    -63.59194828	      0.03508303	      2.96511029	      0.02390150	     -0.12671794
      4.81500000	     30.18266694	     -5.19165017	      0.45927125	     25.29687333	     37.25831487	     29.49088636	      3.34042017	     -1.10273652	     -0.33801897	     -1.48133170	    -66.97330371	     17.68407967	     29.53161470	    -17.47192947	     -2.26004736	     -5.73856160	   -154.88887547	      0.35689782	    -58.62763768	      0.02315419	     -6.95328466	      0.02445696	     -0.05319620
      4.82333330	     36.89810032	      7.66978932	      0.10631468	     42.25689548	     30.58274807	      4.46617871	      3.69781031	     -1.47294125	     -0.33522901	      3.60263202	    -78.50718264	     18.18249438	     29.27754201	    -17.59316905	     -1.13070623	     -4.95192027	   -154.13376958	      0.40333305	    -52.18751952	      0.01345389	    -18.07528538	      0.02524857	      0.08794944
      4.83166670	     36.83252016	      3.63728623	     -1.28833862	     14.36768686	     41.71411399	     -3.41407973	      3.59324189	     -0.98499181	     -0.40894314	      1.14718947	    -79.72908917	     18.37068222	     32.75753467	    -22.07362903	     -2.32625843	     -7.32399089	   -148.29826225	      0.21270425	    -45.19998544	      0.06230833	    -29.58145143	      0.01944155	      0.07131730
      4.84000000	     25.27864311	     21.12150361	      2.34815656	     60.98328260	      9.27335427	     -8.51496942	      3.41989552	     -1.78071753	     -0.37833480	     -1.02678003	    -85.96767285	     19.08588480	     22.37935831	    -12.73549332	     -0.70350976	     -3.40103323	   -146.61951181	      0.53167400	    -37.19202160	     -0.02089196	    -41.36368296	      0.02939161	      0.17994958
      4.84833330	     39.00392053	      6.42230435	      2.54025512	    -14.05265190	     29.33870574	    -15.97095755	      4.22495020	      1.49779884	      0.51032062	     -4.42997718	    -81.68019130	     18.27927081	     38.31456801	    -22.35989254	     -1.87728360	     -7.34541796	   -138.55666268	      0.25685112	    -28.78268894	      0.02673291	    -51.60380840	      0.02190458	      0.10238461
      4.85666670	     14.40891259	      1.47309442	     -1.43616307	     53.41730934	     30.59450355	     24.59991322	      1.87847840	     -5.55282444	     -1.76564796	     -4.80372232	    -75.36197603	     17.78896890	     20.03242440	    -14.31140586	     -2.01077009	     -4.58173863	   -128.94006156	      0.37572218	    -19.42063376	      0.04524179	    -60.90961893	      0.02260977	      0.02687048
      4.86500000	     24.33716464	      8.63660076	      3.14282636	     -3.13586777	     18.69237102	    -30.81919269	      3.88671784	      1.28875421	      0.82750135	     -7.79380074	    -79.58869659	     18.30356958	     28.86256053	    -20.19344808	     -0.76945657	     -6.36039672	   -125.30268044	      0.40085696	    -11.15974731	      0.01495480	    -69.13934109	      0.02794410	      0.06468764
      4.87333330	     18.21026540	      1.62485127	      2.49311010	     23.51565988	     32.38948079	     14.57711608	      1.75510944	     -4.65765876	     -1.54667313	    -12.45427566	    -83.69790033	     18.41106399	     30.10883854	    -19.46963243	     -3.23903768	     -5.04327782	   -122.87643344	      0.30992080	     -2.00814140	      0.03920606	    -77.48107918	      0.01980886	      0.18514357
      4.88166670	     13.65804080	     10.46255518	      2.04474397	      1.43114568	     17.81903660	    -11.26757592	      3.74277974	      0.87276702	      0.35838992	     -9.88052049	    -74.16641085	     18.41837199	     22.46338327	    -12.74560661	      0.04208649	     -6.22679621	   -111.24028776	      0.43010908	      7.95827324	      0.01234421	    -83.54616359	      0.02871233	     -0.00709614
      4.89000000	     16.87454360	     -1.25111131	      3.07331998	     11.14293352	     43.38139561	      6.66368645	      3.48752847	      0.07189341	     -0.49492979	    -11.87444821	    -74.61945117	     18.34945377	     28.09489936	    -19.01939652	     -2.87387537	     -6.23724516	   -104.88697170	      0.23634809	     16.96315176	     -0.00173351	    -88.72315298	      0.01776174	     -0.00873918
      4.89833330	     11.17315962	      4.04341509	      0.34291809	    -11.89563943	      7.37403003	    -40.05403990	      0.95273286	     -3.91986478	     -0.08636583	    -15.03898054	    -81.43984106	     18.48264043	     26.95292137	    -21.72895496	     -1.02317000	     -4.96791547	   -103.49249669	      0.53202978	     26.98265846	      0.04973710	    -93.73226600	      0.03211178	      0.13660140
      4.90666670	     11.60421380	      0.14015477	      3.02272465	     10.89055741	     40.57279896	     24.19136005	      4.41738870	      1.48928590	     -0.72014759	    -12.29270806	    -69.88221413	     18.36758012	     23.44798279	    -13.47633854	     -2.96163205	     -6.87424143	    -90.43005130	      0.21913898	     37.02541788	      0.00411090	    -97.56409904	      0.01767700	     -0.07935710
      4.91500000	      7.73323884	      2.75686591	      0.42020775	     -0.22802479	     27.58442682	    -37.41079793	      0.73040042	     -2.29698175	      0.21677795	    -13.99958036	    -77.39723399	     18.41807275	     24.73686744	    -20.41594335	     -0.91188009	     -4.95532334	    -89.00870330	      0.45266105	     45.02640360	     -0.00237678	   -100.47709126	      0.02716513	      0.05993172
      4.92333330	     10.28514025	      2.01865253	      2.05301190	     -8.16335025	     28.20140675	     -5.47555682	      2.67049797	     -0.86514538	     -0.39188921	    -13.54289241	    -75.44544435	     18.05510585	     24.72727081	    -17.16724119	     -2.45626752	     -6.48861484	    -81.92612340	      0.33960293	     54.32662675	      0.03288629	   -103.94554708	      0.02370340	     -0.00261691
      4.93166670	      5.83216549	      1.78790228	      0.60559295	     -2.92002825	     27.74565716	    -23.94110855	      1.63560816	     -1.66368438	     -0.33868540	    -14.39346844	    -75.86239411	     18.07183321	     22.93200589	    -18.52208877	     -2.07423570	     -5.75060937	    -77.14534361	      0.37895084	     63.21464364	      0.01950011	   -105.89189738	      0.02427617	      0.03544416
      4.94000000	      9.71788994	      1.98813168	      2.43510353	     -4.62547138	     36.22500411	    -12.32115137	      2.58130106	      1.02550654	     -0.01516491	    -11.69740809	    -73.25735998	     17.53227317	     23.33759276	    -16.89705066	     -2.24357535	     -6.73890155	    -70.02523992	      0.29967923	     71.81539335	     -0.00234147	   -108.49153852	      0.02165500	     -0.05781758
      4.94833330	      4.36248420	     -0.34021705	      0.54500879	     -3.83376380	     26.19988113	    -27.05366977	      0.85121662	     -2.33467754	     -0.23814755	    -13.58065264	    -76.48874836	     17.14244948	     21.63346509	    -20.11586027	     -2.75553914	     -5.28636850	    -68.08650464	      0.43007671	     78.10500506	      0.01012885	   -109.31575597	      0.02602329	      0.05644768
      4.95666670	     12.81601869	     12.67567676	      2.64742824	    -15.27506387	     28.78419303	    -39.92882708	      2.82175740	      0.07234693	      0.01386550	     -9.88355107	    -75.47462518	     16.82473268	     24.12007599	    -13.16852442	     -0.18932872	     -5.83862722	    -60.33772340	      0.40327749	     85.37698885	     -0.02278542	   -111.04234456	      0.02531963	     -0.06095300
      4.96500000	     -0.73862122	     -3.73210069	      0.87340774	     13.07299045	     47.10211658	    -17.92981562	     -0.07781291	     -1.47382185	     -0.00899400	    -12.35387246	    -79.02640261	     16.56980930	     18.31549785	    -22.86875832	     -4.82603637	     -6.27822140	    -60.34032444	      0.33935069	     91.26901722	      0.03474697	   -112.50238101	      0.02286893	      0.08052702
      4.97333330	     11.39211554	     10.44873360	      2.73558080	    -17.19730209	     38.85946525	    -33.63844781	      1.78816480	      0.27254484	     -0.04616966	     -7.69361363	    -76.66172820	     15.72185174	     22.69466195	    -14.79057861	     -1.38916161	     -6.40501789	    -53.10414180	      0.35989003	     96.16127000	     -0.01022801	   -112.76454989	      0.02383923	     -0.04798968
      4.98166670	      7.07813758	      3.26534874	      2.00454431	      2.47237076	     50.08982927	    -37.70117567	      1.27482188	     -1.20956481	      0.01492018	     -7.80626750	    -78.29886564	     15.10907561	     20.09057319	    -19.86492224	     -2.75001772	     -5.82563351	    -51.09773668	      0.38465563	    101.45575581	     -0.00429291	   -113.31747392	      0.02380729	      0.02000640
      4.99000000	      5.70301269	      9.90609429	      2.48567673	     -1.20317777	     56.36451181	    -33.42354767	     -2.61860394	      0.79257381	      0.89229893	     -3.83094828	    -78.18092567	     13.99284303	     19.28843804	    -16.15348391	     -2.75477949	     -9.01224297	    -47.07267951	     -0.34147051	    104.65340907	     -1.41754686	   -113.40475148	      0.02458275	     -0.02174563
      4.99833330	     13.04466973	     13.89059986	      2.68446770	      3.77245588	     60.86988017	    -43.14941785	      1.36627959	     -0.58038224	      0.22469694	     -2.76984094	    -79.51775909	     13.67500180	     21.27854892	    -13.05410819	     -1.91585748	     -5.89237594	    -44.53374712	      0.37877407	    109.22280534	     -0.02014819	   -114.26320345	      0.02321510	     -0.00361675
      5.00666670	      8.47080323	      1.63146613	      3.58553957	      2.47470967	     61.44628933	    -41.34375487	      0.02001149	      0.86243267	      0.17397547	      0.85540931	    -78.94320428	     12.23721991	     15.82565837	    -24.23077507	     -3.46805226	     -6.63203310	    -41.74287992	      0.37801006	    110.85175321	     -0.00557611	   -114.18240797	      0.02522061	     -0.02192351
      5.01500000	     21.80290487	     17.84835975	      1.82292163	    -12.55679377	     54.73941360	    -46.40822199	      0.40742571	     -4.91719151	     -0.63653106	      1.98830316	    -86.25355302	     12.69947850	     25.40157273	    -12.37560534	     -1.18182541	     -6.28397755	    -39.18499502	      0.37537546	    114.02925285	      0.03447771	   -114.38381249	      0.02328563	     -0.04705044
      5.02333330	      9.28015862	      9.88849933	      5.13340859	     27.46476766	     96.16263549	    -46.21718370	      0.71466314	      4.32049664	      1.05100145	      6.19147169	    -74.54086401	      9.96485883	     12.84974154	    -17.38021895	     -2.85278791	     -6.17999596	    -38.49077413	      0.39127107	    114.13487488	     -0.05709039	   -114.35153084	      0.02483542	     -0.00821225
      5.03166670	     20.85673008	     11.89495497	      3.51746067	      1.17676804	     86.52099614	    -42.43699613	      0.23451732	     -1.09086387	     -0.26366899	      7.21068954	    -81.49624102	      9.73169411	     22.12735955	    -16.60634606	     -2.65036302	     -6.59437781	    -37.15832332	      0.36496333	    115.17536984	      0.00807395	   -114.12713735	      0.02352378	     -0.03936743
      5.04000000	     14.85437320	     19.22948398	      9.34366878	     17.69865002	     91.77356717	    -64.06005114	      2.49666338	      9.00341520	      2.26266887	      7.16804018	    -78.95993096	      9.29460773	     14.55095906	    -16.37791569	     -3.16541312	     -5.91137527	    -37.20717497	      0.43209627	    115.61785186	     -0.15099739	   -113.94260102	      0.02648043	      0.00146432
      5.04833330	     28.16636367	     24.40807764	      1.02152572	      0.17442257	     74.89540051	    -64.92709523	     -0.43618763	     -4.71039393	     -0.87083633	     13.62458715	    -93.75187828	     10.73145120	     21.68135292	    -14.42365610	     -1.92950074	     -7.43801502	    -35.33299826	      0.35169303	    115.41057162	      0.06089643	   -113.63513722	      0.02387521	     -0.08444623
      5.05666670	      6.50356598	     -8.31584880	      4.63718967	     29.88506085	    144.93735472	     32.20945020	     -3.65038614	     -2.52853334	     -0.47255428	     12.78537229	    -60.73054831	      4.01837831	     13.84431410	    -12.05873028	     -2.03299798	     -6.00741456	    -34.72866798	      0.39980077	    115.47464612	      0.04381063	   -114.02261693	      0.02398881	     -0.05356242
      5.06500000	     46.61763472	     53.24462869	      4.85262484	    -18.71958101	     36.68581927	   -179.50616719	      5.76153603	      7.08973963	      1.73236747	     17.18520765	   -114.55377369	     13.52923246	     23.75100955	    -20.86119032	     -3.60798822	     -7.94639275	    -36.87661860	      0.38241340	    113.43657016	     -0.14135156	   -112.99965098	      0.02676196	     -0.05082121
      5.07333330	      9.72319973	     -9.18557988	      2.32305024	     24.92499839	    161.97337586	     54.53212736	     -5.74037965	     -6.16844660	     -1.22504150	     16.28293634	    -60.80219972	      3.23675890	     16.81053857	     -9.25911127	     -2.19701761	     -6.72632218	    -35.18783500	      0.33368535	    110.14598060	      0.11149976	   -111.99501423	      0.02147165	     -0.12429055
      5.08166670	     28.68333763	     26.74044610	      8.74374055	     -4.56016779	     88.18102723	    -82.38493260	      2.71305388	      5.59090799	      1.33063722	     14.53609587	    -87.12003005	      7.49469149	     18.93557364	    -15.13366074	     -2.02915535	     -6.66560912	    -40.29356031	      0.45893761	    109.38704913	     -0.11716606	   -113.75122591	      0.02829863	      0.01767832
      5.09000000	     25.62696649	      7.62221057	      2.33760521	      2.24501220	    124.46400749	    -12.69004819	     -2.79525826	     -3.20694548	     -0.36023596	     20.42741228	    -77.82400550	      5.56883797	     20.13792037	    -13.42667111	     -3.13078083	     -7.43478819	    -37.77239198	      0.34581668	    106.70497382	      0.03921127	   -113.11985876	      0.02327144	     -0.11957150
      5.09833330	     25.34318193	     17.07006912	      6.75885097	     -5.50008017	    108.97742473	    -37.11246086	      0.07425640	      1.78198479	      0.57944719	     16.63650731	    -79.06180315	      5.81640868	     18.81449989	    -11.69757676	     -1.90517359	     -7.11666165	    -42.11854370	      0.41781698	    103.51069944	     -0.06001903	   -113.19028144	      0.02656528	     -0.03143736
      5.10666670	     26.75004403	      9.57269806	      5.31625273	    -13.32016027	    118.68793772	    -10.36149198	     -1.98700065	     -1.61239730	      0.44497360	     17.75179719	    -77.37236887	      5.21459197	     22.34989288	    -11.73606558	     -2.64434821	     -7.34598042	    -42.99146809	      0.37148276	    100.99522835	     -0.00747543	   -113.79100085	      0.02439353	     -0.06659861
      5.11500000	     25.74510615	      8.21010851	      5.37890681	    -12.47683722	    107.96348109	    -22.94055923	     -0.75241842	     -0.19995895	      0.25297408	     17.91696713	    -75.99048097	      5.09937118	     19.38120660	    -13.56242683	     -2.91074109	     -7.28125538	    -44.97176613	      0.40223477	     98.65313397	     -0.03240625	   -114.42164714	      0.02592603	     -0.05990765
      5.12333330	     29.67275816	     13.00812972	      6.07343349	    -22.12691071	    108.36684719	      1.58164214	     -2.73632702	     -1.57549288	      0.89686787	     19.38941237	    -74.60037943	      4.42800312	     22.94620411	     -5.72851558	     -1.55389936	     -7.40688001	    -46.52975846	      0.39702262	     95.53734088	     -0.04788270	   -114.41168169	      0.02587084	     -0.05279911
      5.13166670	     27.98651234	      0.93780029	      7.75224701	    -29.88474464	    117.63790043	      3.23495733	     -0.07234737	     -1.35188283	     -0.00801920	     15.80684789	    -70.49931160	      3.91206795	     23.83108901	    -12.30744196	     -2.39414402	     -7.63063882	    -47.80240961	      0.36072564	     92.03805212	     -0.01882201	   -113.29350190	      0.02393876	     -0.05362050
      5.14000000	     28.15922570	      1.39241464	      3.81415490	    -30.53534512	    114.04571972	     -8.25585244	     -2.40694294	     -2.26960016	      0.83197586	     21.06570336	    -71.61652264	      3.58077406	     21.15585570	    -13.02568509	     -3.76974242	     -7.34279705	    -47.95296850	      0.40336331	     88.86655244	     -0.03508099	   -112.73638155	      0.02620276	     -0.05300938
      5.14833330	     32.53304157	      7.50698891	      7.55247094	    -26.94352741	    132.34927849	     21.90598953	     -1.59270041	     -1.74625387	      0.99479989	     18.20405513	    -66.23014476	      2.72523226	     26.94489659	     -2.98795001	     -2.01843220	     -7.39177569	    -50.12939218	      0.41509228	     83.15645626	     -0.04522218	   -110.29216036	      0.02695241	     -0.03526242
      5.15666670	     32.69930042	      4.04789650	      5.85731792	    -32.63660614	    132.10833867	     -1.98486458	     -1.73338232	     -2.28426968	      0.78831103	     21.43818635	    -70.62503691	      3.50771082	     24.90938855	    -12.04994621	     -1.28606784	     -7.05711500	    -49.04886976	      0.39558191	     79.38545928	     -0.06217902	   -107.71231627	      0.02520408	     -0.07246496
      5.16500000	     15.78711872	     -9.40363102	      7.71125332	    -33.57437617	    166.45061000	     52.62272202	     -1.43034173	     -5.68998575	     -0.38930204	     12.46919665	    -57.71583004	     -0.16373960	     21.54656045	     -5.03514801	     -4.94528622	     -8.42428643	    -52.85353858	      0.33504606	     74.31223632	      0.02237919	   -104.64368532	      0.02400577	      0.05904620
      5.17333330	     58.06032619	     22.48151988	      5.41142354	    -16.70469073	    124.59328015	    -46.76446371	      1.69601500	      3.19726531	      2.79024100	     31.44464242	    -75.40450060	      4.85226779	     31.18680055	    -10.38150456	     -0.42221932	     -6.00745650	    -44.11928163	      0.53019589	     71.19838843	     -0.17650100	   -101.23631310	      0.03157044	     -0.23250428
      5.18166670	     15.61032292	     -8.41885027	      6.57988522	    -19.40714278	    206.88302812	     48.71158130	     -3.64412257	     -9.31630149	     -1.13356026	     13.86929243	    -59.21050385	     -0.60958127	     24.34203511	     -6.22333928	     -2.80219660	     -7.94130496	    -53.31334354	      0.28720062	     66.77602292	      0.07070355	    -98.26915862	      0.02107049	      0.14229358
      5.19000000	     46.51444353	      7.97642112	      6.82513643	    -66.28164514	    159.43434124	     33.05588878	      2.81855434	     -1.93746740	      1.02287238	     23.42114150	    -62.35146657	      1.20325230	     32.01573063	     -0.96731511	     -4.04140119	     -8.58237243	    -44.82991836	      0.39952148	     64.31604033	     -0.06263776	    -95.15228545	      0.02849862	     -0.17397976
      5.19833330	     36.56098914	      6.91029213	      6.27547885	     23.78740110	    206.45086393	    -18.20393676	      0.62050166	     -1.00900386	      1.60282664	     24.86086301	    -60.81526962	      0.82601749	     25.53961690	     -9.33738211	     -1.37186779	     -6.45475357	    -45.84033959	      0.44843204	     61.76267779	     -0.09582498	    -92.04589831	      0.02826527	     -0.03649565
      5.20666670	     33.33025385	      6.71758598	      6.51652618	    -23.28572792	    211.32131031	     39.70770047	      1.47804674	     -6.88376650	     -0.55248440	     20.57236451	    -63.70293751	      1.03495804	     26.94487737	     -1.44573518	     -1.77369947	     -8.45693588	    -47.09336001	      0.33132104	     58.85533056	      0.03308210	    -89.03169587	      0.02503607	      0.01151558
      5.21500000	     48.58671767	      7.10063689	      6.13744512	    -10.86478244	    218.37336991	    -23.99040625	      3.71063011	      2.11835992	      2.39094771	     25.14997424	    -52.61086098	     -0.70435418	     34.16623232	     -7.99194642	     -3.76129782	     -6.37577434	    -40.52796479	      0.48084999	     54.99980648	     -0.17182910	    -84.80391437	      0.03033919	     -0.16680006
      5.22333330	     30.64169472	      8.28963427	      4.95262215	    -25.36966158	    237.90824745	     56.09677650	      1.21342090	    -11.14828786	     -1.46852183	     17.62390695	    -66.56381324	      1.45946913	     29.11737823	      0.94446044	     -2.64148895	     -8.66659040	    -46.75514395	      0.25224296	     52.64191032	      0.10033821	    -81.92744948	      0.02187304	      0.06281741
      5.23166670	     46.24483200	      8.57528359	      8.81811500	     15.59793379	    251.15222524	    -17.83300032	      7.91112078	      2.64289741	      2.58648904	     25.20556364	    -46.42093408	     -1.28427925	     28.90949598	     -4.42171948	     -1.31390602	     -6.71542497	    -38.20478179	      0.57383932	     50.41416795	     -0.20389486	    -78.33299991	      0.03590392	     -0.15381611
      5.24000000	     36.66987985	      6.57758689	      7.18387621	    -18.16123358	    259.84548523	     35.35314367	      2.94375786	     -8.12177013	     -0.40991025	     18.18419654	    -59.40538005	      0.58300575	     33.29754079	     -1.83431370	     -1.84150751	     -7.99730783	    -41.22522724	      0.26079227	     48.61309762	      0.03053700	    -75.91445846	      0.02224842	      0.00451253
      5.24833330	     36.26566822	     10.71114184	      4.04308930	      3.32423092	    271.42341785	      5.17788931	      6.21609744	     -4.62647179	      1.23869019	     20.59636342	    -53.39953645	      0.18322852	     27.90944730	     -1.02504078	     -3.62251845	     -7.57230041	    -38.30556768	      0.45083012	     46.29402075	     -0.08614672	    -72.40636014	      0.03193132	     -0.05684881
      5.25666670	     43.06614039	      8.68222052	      8.25166821	     -6.94672250	    285.74204943	     19.88392650	      7.44415455	     -5.99059495	      0.70903793	     18.01054789	    -51.55398569	      0.28108826	     35.32193984	      0.16701667	     -1.15713725	     -7.01757737	    -36.69592057	      0.38673699	     44.44736768	     -0.06344355	    -69.08340875	      0.02763652	     -0.04782306
      5.26500000	     35.80785391	      7.64032146	      6.02705715	      0.69593981	    301.19552889	     15.38852987	      7.57653738	     -5.37995463	      1.12331482	     17.29606346	    -48.79483844	      0.05258239	     31.07328382	     -0.27516702	     -2.95969264	     -7.28648625	    -35.05553953	      0.43571122	     42.39196082	     -0.10009838	    -65.96709156	      0.03140821	     -0.05768802
      5.27333330	     36.90398421	      9.97131168	      7.11145921	     -4.83102190	    309.40338920	     14.34478282	      8.21746883	     -7.54867065	      0.97395429	     16.14084083	    -49.63031207	      0.74120945	     32.51983317	      0.63169080	     -0.60303620	     -7.22576512	    -33.95276297	      0.40603822	     39.30963922	     -0.06012467	    -61.92563817	      0.03064490	     -0.03789769
      5.28166670	     36.44310764	      8.22038986	     10.19853788	     13.14478150	    330.67140059	     26.97652349	     10.48330027	     -3.68133138	      1.47037404	     14.84330467	    -42.10349881	     -0.70200819	     32.31516241	      2.19649237	     -1.92176533	     -5.88885752	    -31.23933844	      0.47807250	     38.17244705	     -0.17817747	    -59.49939665	      0.03126155	     -0.08089166
      5.29000000	     38.30750193	     13.20834415	      0.97687720	    -25.58554458	    331.34885428	     -8.62068361	      8.20293723	    -11.67877238	      1.03227897	     15.75293727	    -52.16204577	      1.71227625	     35.76647579	      1.37630950	     -1.80875956	     -7.19150362	    -31.35230995	      0.43101471	     36.05072046	     -0.00260917	    -56.42872789	      0.03407444	     -0.00173993
      5.29833330	     29.39224383	      8.62561445	     12.50980980	     16.49593278	    354.76863844	     35.39023771	     11.71782413	     -1.93089863	      1.44800100	     11.36943679	    -36.65097056	     -0.69435573	     29.74371342	      2.79548670	     -0.82957894	     -5.15467371	    -27.79269979	      0.52810159	     34.05527920	     -0.22329309	    -53.14873721	      0.03343760	     -0.10121912
      5.30666670	     39.43048677	     18.32047598	     -0.69757056	    -43.68503527	    363.98681225	      1.35565331	      9.65189996	    -13.56700523	      0.42630080	     11.07895999	    -48.70699444	      2.23380773	     41.87594726	      7.90020948	     -1.88757722	     -5.80038238	    -29.29801635	      0.48188216	     30.57389971	      0.00769720	    -49.36409786	      0.03524498	      0.00214179
      5.31500000	     17.22737338	      5.83302656	     10.36748021	     23.33723287	    380.73474542	     -0.76961469	     11.20018842	     -1.15423474	      1.57426893	      9.56127232	    -36.25026155	      0.52663022	     23.11534855	     -5.94551815	      0.13654351	     -4.75181211	    -25.51562249	      0.55065226	     28.63869513	     -0.19047449	    -46.38677477	      0.03572665	     -0.08103387
      5.32333330	     33.27537040	     26.14464336	      1.34525747	    -36.11495615	    397.04182542	     23.08257408	     11.09761668	     -9.12547860	     -0.06523464	      6.60627320	    -41.02401392	      1.83270383	     41.18164114	     14.62373485	     -1.42915987	     -3.98434892	    -26.11448948	      0.56380971	     25.68759644	     -0.04301983	    -42.72110871	      0.03628125	     -0.03597516
      5.33166670	     21.57588365	      4.96068769	      4.78666821	    -32.81700800	    405.69918725	      3.65984565	     10.86441454	     -8.15289332	     -0.53683623	      3.93052216	    -37.00006733	      1.45907154	     35.12181093	     -3.96548004	     -0.75146336	     -4.07679213	    -23.68591441	      0.32959319	     22.61325385	     -0.33072748	    -38.44994089	      0.03628498	     -0.05372235
      5.34000000	     17.38052323	     35.22212140	      0.74327091	      0.50614526	    437.97779216	     -1.91858877	     10.33963138	     -1.15833149	      0.55150895	      6.31467341	    -34.34054011	      2.22944718	     30.48715443	     15.04327245	     -0.09823874	     -2.56870237	    -22.04720504	      0.63049580	     21.34448653	     -0.08521579	    -36.20303377	      0.03700368	     -0.04445407
      5.34833330	     21.75765761	     11.94685158	      2.40708520	    -48.28847456	    434.89431116	      2.71106969	     11.88337338	     -8.39110587	     -2.48623019	      1.06550549	    -35.16046014	      2.06801236	     39.05606374	     -1.02435670	      0.38688278	     -1.98874409	    -20.31807987	      0.61285852	     17.78248199	      0.04375152	    -31.74816263	      0.03642182	     -0.05736525
      5.35666670	     12.26856657	     30.48511455	     -0.79330522	    -22.46112278	    476.15030172	     -0.31983482	     11.03133402	     -2.34372894	     -1.53566425	      0.55743917	    -30.28827144	      2.18767078	     34.14522783	     11.75320512	     -0.70906460	     -0.90365929	    -19.18821177	      0.64392434	     14.64700253	      0.01780039	    -27.40531055	      0.03488071	     -0.02688592
      5.36500000	     17.28198828	     19.10436417	     -0.85080632	    -27.29125441	    479.02855523	     -3.74484436	     11.59311422	     -4.51295413	     -3.38587583	      3.45464941	    -29.63974168	      2.35824755	     35.74553522	      1.47216962	      0.64312142	     -0.42841592	    -13.54746481	      0.62848355	     12.28849828	      0.07448066	    -23.54894374	      0.03370072	     -0.15006724
      5.37333330	      5.69219593	     28.07681920	     -0.35761106	    -51.17121302	    503.77696156	     19.54063215	     11.56946181	     -6.36996797	     -3.75835840	     -5.46115931	    -26.04479174	      0.76562845	     36.66286830	     13.77504461	      0.48600983	      0.19039384	    -17.11400335	      0.61988122	      8.60552399	      0.15217380	    -18.98045792	      0.03238727	      0.09029697
      5.38166670	     13.46672472	     24.68681250	     -0.94049884	      1.61683512	    527.46113503	    -55.65928295	     11.24571633	      7.23095519	     -3.22329561	      5.43153322	    -19.51416844	      0.66478754	     33.31278879	     -2.31538496	     -0.89664827	      1.75407474	     -8.81054291	      0.72759169	      7.29502013	      0.03136379	    -15.94302222	      0.03306531	     -0.09351019
      5.39000000	     13.73409553	     20.04509100	      0.57177283	    -45.52280622	    542.50237493	     58.85868017	     12.63502928	     -8.08806211	     -5.42478733	      1.00982225	    -17.02671725	     -0.86134348	     39.74511973	     14.74120396	      2.13406148	      0.89805738	     -5.57757080	      0.54731909	      5.46877026	      0.22376122	    -12.45085084	      0.02716893	     -0.11577884
      5.39833330	      6.49050994	     21.76622423	     -3.74552868	    -13.60695436	    547.31520259	    -39.25340388	     12.04453835	      0.38248778	     -5.14393944	      1.96994785	    -17.98960862	      0.10505791	     32.36615868	      1.48245962	     -0.50904909	      2.10997204	     -6.99620455	      0.61472448	      4.10686346	      0.17128962	    -10.02234354	      0.02743899	      0.05843469
      5.40666670	     14.83182046	     24.86983449	      2.52988467	    -34.48754174	    571.18813685	     23.63882185	     12.25728862	      0.93033312	     -5.33770795	      0.97241695	     -9.69522634	     -1.48407821	     42.06456756	     12.14384974	      1.94621740	      2.36237772	     -2.14907060	      0.60901838	      2.53840160	      0.16472027	     -7.60738009	      0.02652474	     -0.09520575
      5.41500000	     -0.17819456	     14.94067447	     -1.15118545	     18.43965416	    583.62672844	      0.17024033	     13.67156785	      0.14327494	     -5.57793869	      3.32708719	     -9.45931197	     -1.14001548	     26.60359198	      3.09659465	      0.32012460	      1.80708876	     -0.28020868	      0.48355506	      1.87703703	      0.18529962	     -5.78948159	      0.02106970	     -0.07632048
      5.42333330	     17.83162452	     16.67420962	     -0.14412831	    -59.33217410	    583.11412783	     11.69053368	     11.58738276	     -1.60457770	     -6.23792958	      0.76194885	     -7.39773370	     -1.58203281	     47.22063190	      7.66010143	      1.19872481	      2.31879040	      0.32616649	      0.57116363	      0.87127013	      0.25370271	     -3.63191931	      0.02646633	     -0.01747325
      5.43166670	     -2.30608434	     15.77005343	      1.41529920	     19.54603347	    607.48555582	      9.47458184	     13.56347794	      2.05273459	     -5.05182713	      1.81279313	     -2.18505399	     -1.52177092	     27.74709082	      7.23830453	      1.25453127	      1.56190758	      4.25896313	      0.42977287	      0.36837876	      0.15621148	     -1.74302723	      0.01875428	     -0.07240501
      5.44000000	     13.12127600	     10.07343239	     -0.52493472	    -29.28347205	    613.77914235	     21.05123187	     12.68163595	     -1.27352738	     -6.36921729	      0.10188207	      0.20283722	     -0.50112753	     44.64779927	      6.93691145	      1.82318828	      1.22427204	      5.69431490	      0.44223545	      0.21166958	      0.24251459	     -0.53574452	      0.02222114	     -0.04042447
      5.44833330	     -4.09149307	      8.00994231	      0.16531077	     -4.77856954	    624.03502320	     12.77517425	     12.74099558	      0.35609491	     -5.31072259	     -2.03321036	      1.31100583	     -0.15121588	     32.52413688	      4.61125116	      0.76518921	      0.72975881	      6.05348673	      0.39844982	     -0.12460525	      0.18730291	     -0.14754422	      0.02014979	     -0.05613039
      5.45666670	      3.10846174	     11.89238638	      0.59769792	    -16.37871920	    621.71675762	     19.29478791	     11.99675443	      0.20102772	     -5.42529842	     -1.75573892	      0.51609344	      0.09480177	     38.85101183	      6.98246442	      2.14876615	      0.10044198	      5.85121942	      0.37315487	     -0.15418734	      0.19155291	     -0.13885465	      0.02074678	     -0.04635821
      5.46500000	     -2.65801771	      3.22730989	      0.72468699	    -10.69790119	    631.69107685	     24.08316431	     12.13107009	     -0.55090282	     -5.31083996	     -2.66403137	      2.86672866	     -0.33003178	     35.95258268	      3.44929029	      0.77795849	     -0.76507877	      6.03176341	      0.33819076	     -0.11234200	      0.18324968	     -0.14574522	      0.02074446	     -0.05921877
      5.47333330	      2.80008829	     16.16794329	     -1.87371796	    -11.48923925	    618.82722352	      4.60647402	     11.07976913	     -0.30060507	     -4.49860493	     -1.24399236	     -2.76968529	      0.88802060	     38.39158937	      8.00654151	      2.38529558	     -1.13645520	      5.58887297	      0.34333044	     -0.21535721	      0.14992872	     -0.13040120	      0.02151988	     -0.02887707
      5.48166670	     -9.86512984	    -15.34630849	      5.07211477	    -17.90850271	    666.27469773	     68.60931978	     11.96919013	     -1.78084732	     -5.70349225	     -5.54572996	     14.26297360	     -2.52208261	     36.81198578	      1.21999576	     -1.07650200	     -2.37060970	      7.28268772	      0.26572263	      0.05362894	      0.19563949	     -0.18536317	      0.02055809	     -0.11570525
      5.49000000	      5.27588437	     34.61166544	     -5.23685921	     -8.98947118	    596.65922798	    -28.58357692	      9.31866685	      0.60859597	     -3.53604055	     -0.82999103	    -15.28179299	      3.80482734	     38.75061641	      9.08635404	      6.30668402	     -2.56876755	      3.19055414	      0.35342729	     -1.82535934	      0.06633977	      1.42475199	      0.02407761	      0.04656638
      5.49833330	    -12.46234843	    -21.88274463	      3.00532168	     -4.69381168	    660.67394700	     46.95511886	     11.29293560	     -2.01592139	     -4.55938580	     -5.42080383	     15.67921852	     -2.66024713	     34.54193362	     -2.53172188	     -3.75402055	     -4.07471097	      7.88453891	      0.25759990	      0.05797138	      0.16526892	     -0.22650046	      0.02348072	     -0.11978517
      5.50666670	      4.85509798	     29.18720641	     -3.40713008	     -7.69197869	    599.64878349	     -4.09392810	      8.76758790	      0.03598363	     -3.91765848	     -0.07105425	    -13.01924772	      3.07398723	     38.83281528	      7.74084171	      6.25066079	     -3.73006354	      4.28283673	      0.33705492	     -0.34098797	      0.07497152	     -0.07366489	      0.02591911	      0.01088209
      5.51500000	    -11.94519307	    -11.52843923	      2.98860603	    -28.36190476	    668.27414493	     63.40566541	      9.28187834	     -2.10507955	     -4.05283732	     -5.40108255	     11.10519988	     -1.40199392	     37.77458942	      3.23433756	      0.19033423	     -5.34282252	      6.42204718	      0.23549858	     -1.26246143	      0.08700385	      1.24090363	      0.02281705	     -0.09801476
      5.52333330	     -5.27807089	      5.27557635	     -3.72804980	     13.68634849	    619.62603569	    -19.12361451	      9.04337829	     -1.27858908	     -3.79581931	     -2.98605494	      0.28778107	      0.42546979	     35.20835148	     -0.85956843	      1.06382560	     -5.49096824	      5.61035067	      0.34531881	     -0.26014301	      0.10687989	     -0.15664325	      0.03023964	     -0.01368489
      5.53166670	     -4.44200443	      5.64574427	     -0.25109976	    -17.86030822	    625.91195000	     40.24635017	      8.30861093	     -1.49333736	     -3.37683799	     -2.59517310	     -2.64569637	      1.07256523	     37.71924757	      4.36730187	      2.48808138	     -6.04388978	      5.39388050	      0.28256460	     -0.14689384	      0.03926402	     -0.11530546	      0.02617380	     -0.05106472
      5.54000000	     -5.98086970	      2.86846707	     -1.63384471	     -5.32110988	    634.14616607	     14.58463974	      8.12633947	     -1.47728097	     -3.52789336	     -2.45267134	      1.62071765	      0.21044690	     36.90067241	      2.01064354	      1.98648660	     -6.71489352	      5.98979375	      0.30252985	     -0.10945968	      0.07509962	     -0.15984271	      0.02907414	     -0.05609550
      5.54833330	     -7.80796969	      1.81111285	     -1.94144411	     -6.41941776	    623.93630018	     17.53254655	      7.93154643	     -1.84362271	     -3.21999099	     -3.03610400	      0.12753546	      0.52678909	     35.58654931	      1.14319366	      1.52846417	     -6.96571164	      5.63627262	      0.32641812	     -0.15627045	      0.03862992	     -0.14854436	      0.02991533	     -0.04390298
      5.55666670	     -5.53960274	      2.94273687	     -1.65925328	    -22.30494452	    625.67752990	     24.58795734	      7.82340996	     -2.17723000	     -3.40508686	     -3.39478972	     -1.12786840	      0.64024246	     38.28053818	      2.00824927	      2.40966410	     -7.73774584	      5.58480266	      0.29874336	     -0.13548500	      0.05868017	     -0.12936676	      0.03006759	     -0.05484428
      5.56500000	    -10.33617506	      2.72127049	     -2.01759124	      5.60625200	    627.80804707	      3.88987129	      7.18406271	     -0.27273206	     -2.70077336	     -2.66405004	      1.41525271	      0.47941355	     33.76972592	      0.58508662	      1.47575912	     -7.38445686	      5.62858079	      0.37025727	     -0.12679564	      0.01480209	     -0.16778390	      0.03229192	     -0.04212722
      5.57333330	     -6.33810574	      3.02090103	     -1.26201772	    -10.27299598	    623.82322116	     10.59341716	      6.34691602	     -0.53669691	     -2.54342274	     -3.06714864	     -0.92230924	      0.55179675	     37.83288155	      0.36297266	      2.10594461	     -9.24005565	      5.46594090	     -0.50198744	     -0.15745169	     -0.37028175	     -0.13297301	      0.03275674	     -0.04519590
      5.58166670	    -11.75926376	      4.85576524	     -1.67965618	     -5.67659940	    621.87654765	     16.87067659	      6.82519659	     -1.04502785	     -2.33547677	     -3.63842599	     -0.28063856	      0.80942265	     33.70970550	      2.75012158	      2.42913194	     -7.88916753	      5.47270874	      0.37757591	     -0.11684575	     -0.00425952	     -0.15164894	      0.03294603	     -0.04988982
      5.59000000	     -8.33858777	      0.40522367	     -2.01423331	     -9.82636143	    620.31993390	      7.60015597	      7.24776517	     -1.13022144	     -2.65951371	     -3.49143166	     -0.36333545	      0.53927145	     35.94357580	     -0.99307857	      1.68171519	     -8.04627247	      5.43908219	      0.38611128	     -0.12539481	      0.01113942	     -0.14838168	      0.03398632	     -0.04896931
      5.59833330	    -11.38841721	      4.08750296	     -2.07281692	    -18.14359792	    625.00474446	     17.79499737	      6.58994834	     -1.88662216	     -2.25374408	     -4.35834285	      0.28949304	      0.50266235	     35.46237835	      3.12540480	      2.58734017	     -8.14601848	      5.41735642	      0.39652654	     -0.13722568	     -0.00068603	     -0.14505289	      0.03415554	     -0.04673064
      5.60666670	    -10.52238468	      0.16850505	     -2.16221008	     -1.62411979	    616.30102018	      0.83544053	      6.25085084	     -0.22247313	     -1.93454924	     -3.33955003	     -1.40224748	      0.98952998	     34.31161363	     -2.72158044	      1.59821615	     -8.15821668	      5.28309319	      0.42151899	     -0.10911548	     -0.03129227	     -0.15474604	      0.03553419	     -0.04826142
      5.61500000	    -14.80344626	      3.64331929	     -3.45813168	    -30.38240214	    622.76354607	     14.37436173	      5.24429988	     -2.97107173	     -1.77455799	     -5.06568816	      0.54730454	      0.40315679	     34.83840353	      3.13780976	      2.73332135	     -8.50832351	      5.25685183	      0.39960131	     -0.14295657	     -0.00249146	     -0.14074223	      0.03485086	     -0.04333896
      5.62333330	    -12.00527517	      3.02654710	     -2.44763611	      5.25861789	    614.59655117	      4.24001571	      4.86808566	     -0.05331112	     -1.17437725	     -3.16715848	     -1.96671467	      1.26997618	     33.65779926	     -0.81873231	      1.88958523	     -8.03259408	      5.38811143	      0.45351427	     -0.09306611	     -0.08536937	     -0.16521090	      0.03641168	     -0.05250217
      5.63166670	    -17.26809968	      2.18197901	     -5.83620330	    -34.26307528	    621.38084443	      0.10037999	      3.19207828	     -3.51290242	     -1.22481334	     -4.72639357	     -0.12246279	      0.66771700	     34.48724649	      0.74058148	      2.31930488	     -8.94936357	      5.17310807	      0.40743222	     -0.12957860	     -0.02739088	     -0.14322842	      0.03608672	     -0.04237475
      5.64000000	    -17.50694654	      6.68404432	      2.44375517	      6.29198115	    611.42599795	     37.54327327	      2.17432459	      2.36393736	      0.80495824	     -4.89707738	     -1.62976510	      1.01462961	     32.32491549	      3.37073034	      3.03262081	     -9.20143748	      5.40933541	      0.38358541	     -0.08725849	     -0.14763396	     -0.16016145	      0.03524330	     -0.06432696
      5.64833330	    -18.55867208	     -0.80886302	    -13.53841327	    -56.06287525	    624.37500713	    -33.70312372	     -0.07806259	     -7.21597288	     -1.32044145	     -3.37588954	     -0.90726507	      1.02814461	     36.44601311	     -3.16501153	      1.36227613	     -9.73335843	      5.13685847	      0.40701317	     -0.12485733	     -0.01588666	     -0.15811361	      0.03816292	     -0.03219736
      5.65666670	    -24.48726381	      4.38569900	      0.06895011	     -2.57572601	    616.55741427	     20.52663274	     -1.48327709	      1.81832044	      1.78869665	     -5.37190835	     -0.60323142	      0.86352974	     31.12998236	      1.07033096	      2.34739166	    -10.42428591	      5.07985888	      0.35198717	     -0.10874247	     -0.18240562	     -0.14389265	      0.03649232	     -0.05189568
      5.66500000	    -25.86210237	      1.05934963	     -9.79008407	    -40.13640219	    630.07514182	    -23.09346488	     -3.59209159	     -4.08342427	      0.77862066	     -4.10653495	      0.31045171	      0.96300023	     33.56436139	     -1.82674519	      1.98818491	    -11.13387608	      4.95358531	      0.32249599	     -0.14353030	     -0.12003794	     -0.12998902	      0.03675237	     -0.02949891
      5.67333330	    -26.28566202	     10.30586540	     -1.87005283	    -25.12637775	    618.32855142	     27.29542347	     -6.23535104	      0.90314604	      3.54448808	     -6.91709505	     -1.55991370	      1.44698803	     35.75596128	      5.50261396	      3.16546835	    -11.79128851	      4.79819995	      0.29991541	     -1.35025931	     -0.22636970	      0.98183553	      0.03767041	     -0.06032576
      5.68166670	    -34.42621193	      1.28443053	     -5.10635254	     -8.84272459	    617.76017947	     11.25174818	     -8.03169196	     -0.75394098	      4.10154392	     -4.14123433	     -2.18289986	      1.39883842	     28.19171858	     -2.01903625	      1.94228802	    -12.76240462	      5.34473273	      0.23624058	     -0.08694636	     -0.22119146	     -0.19115202	      0.03738711	     -0.05264931
      5.69000000	    -29.21268569	      4.56525369	     -9.50755210	    -56.94423993	    637.32900589	    -25.27568292	     -9.77477351	     -2.60654734	      3.71709808	     -5.43309318	     -0.39809181	      1.13160089	     38.02772728	     -0.61020051	      2.50187972	    -13.15050924	      4.49929368	      0.23883384	     -0.67462452	     -0.21973064	      0.39256164	      0.03860991	     -0.03624906
      5.69833330	    -37.22187116	      2.86220438	     -3.07211594	     -4.94020097	    625.75681526	     15.80146917	    -11.15850684	      0.67397209	      6.20912973	     -4.95191255	     -0.54975310	      1.37214098	     29.54351465	      0.50125612	      2.04422649	    -13.40807909	      5.35385562	      0.19381657	     -0.10183605	     -0.32058180	     -0.17727822	      0.03773108	     -0.05056176
      5.70666670	    -34.27442197	      2.17487971	     -6.01853881	    -29.73848606	    643.49685152	     -4.74677563	    -11.95263106	     -0.95795207	      6.09740491	     -5.23855213	      0.32584643	      0.81437917	     35.04894257	     -0.54603786	      1.77487949	    -13.59560999	      4.74364564	      0.21097683	     -0.11792488	     -0.30199586	     -0.10254151	      0.04005428	     -0.04154051
      5.71500000	    -37.01066926	      1.96885460	     -4.39443009	    -15.78653462	    628.03215897	     11.40191818	    -12.86684566	     -0.61398117	      7.41410367	     -4.49267432	     -1.97754228	      1.56976240	     31.39413553	     -0.92058125	      3.00981016	    -13.60391517	      5.40638993	      0.17256639	     -0.09750277	     -0.33877947	     -0.19573255	      0.03884680	     -0.05112386
      5.72333330	    -34.35442737	      3.63625374	     -5.09246376	    -11.62982489	    648.56754891	    -14.42998149	    -11.41575197	      1.34974145	      8.40953909	     -4.67029645	     -1.53075124	      1.53365000	     33.43780944	      0.21883137	      0.34857021	    -13.24577316	      4.88746623	      0.18828218	     -0.09402320	     -0.39122435	     -0.17237198	      0.03937739	     -0.04031406
      5.73166670	    -40.27596163	     -6.22570090	     -3.84740781	    -12.43735205	    652.97748204	     35.33422864	    -11.48639503	     -4.84621355	      6.59695644	     -8.50754358	      0.93937887	      1.36645004	     32.92629679	     -3.31339728	      4.55010670	    -12.07079200	      4.29662116	      0.20934718	     -2.28352009	     -0.31326901	      2.07132381	      0.03883198	     -0.05361191
      5.74000000	    -32.21680321	      4.47743413	     -4.73814540	      1.86479233	    650.99853434	    -23.91031849	     -9.18630269	      2.37658587	      9.05984533	     -3.90121684	     -2.59604756	      2.16212140	     32.42948810	     -0.21871544	      0.48965061	    -11.46832637	      4.96167975	      0.28277154	     -0.09891001	     -0.42100607	     -0.21940103	      0.04129669	     -0.03181219
      5.74833330	    -31.59950698	    -13.42531078	     -3.12462026	     20.03099092	    671.18811052	     44.34892735	     -4.65615729	     -7.01979323	      6.45437711	     -6.95659652	      0.35469211	      0.70147084	     32.82272093	     -3.64916567	      1.63041005	    -10.40598827	      4.98411076	      0.18680472	     -0.10546880	     -0.29143775	     -0.09748616	      0.03495867	     -0.06004694
      5.75666670	    -27.84794191	     -5.39928550	     -4.14265794	     -8.66582765	    663.44009797	      6.44190532	     -4.64584578	     -2.35511002	      6.86906004	     -4.64028797	     -0.59310867	      1.64920185	     34.58490828	     -2.58614929	      2.15714025	     -8.77498450	      5.07593694	      0.35989088	     -0.10872413	     -0.33401403	     -0.18029760	      0.03953091	     -0.03936675
      5.76500000	    -26.32519807	     -9.60508923	     -5.71426605	     28.56444301	    676.69893907	     19.97827303	      0.06107886	     -6.09168826	      5.78572060	     -6.53250188	     -2.53940421	      2.06333790	     32.91190437	     -4.22303981	      1.05188470	     -7.37667040	      4.59109898	      0.35025987	     -1.25199934	     -0.27771290	      0.96381597	      0.03655663	     -0.05025238
      5.77333330	    -24.54962180	    -12.09612422	     -1.76770383	     23.54906886	    679.92632188	     31.96122856	      4.19805599	     -6.52971491	      5.17215895	     -8.57881422	      1.25270992	      1.45050557	     32.92860741	     -1.66141532	      3.10832250	     -6.29304945	      4.01173753	      0.44478801	     -1.53310143	     -0.24049657	      1.27878777	      0.03919699	     -0.02536687
      5.78166670	    -17.34087066	    -17.05170466	     -8.13895373	     23.70527662	    694.50503985	     18.52158349	      4.88122382	     -7.02958883	      3.43866806	     -4.59632466	     -3.94608181	      2.21996991	     36.10992852	    -10.16946219	     -1.37946388	     -4.37468242	      5.41570289	      0.40855478	     -0.07440768	     -0.20592465	     -0.15542768	      0.03159263	     -0.06607202
      5.79000000	    -18.18494083	    -19.67402714	     -2.80337042	     19.15772872	    682.42736819	     53.51473270	     10.96738362	    -12.50780664	      2.48258655	     -9.05116924	      1.18175063	      0.94378774	     33.30705599	     -2.69098234	      3.43975393	     -3.83076053	      4.83102097	      0.50614269	     -0.72771549	     -0.12931965	      0.46607995	      0.03687932	     -0.05040768
      5.79833330	    -12.15907599	    -22.32464288	     -8.76568867	     29.18905082	    699.70597551	     30.27551442	     10.12491068	     -9.64879987	      1.84241802	     -5.37411898	     -2.00185785	      2.06089094	     36.83128572	    -10.38173238	     -0.82908648	     -2.72216023	      4.63056528	      0.49644199	     -0.16009552	     -0.08303668	     -0.17304684	      0.03286887	     -0.02403926
      5.80666670	    -17.73132043	    -15.63189461	     -4.10840671	     28.80628823	    692.77682942	     45.50703695	     13.08967573	    -11.66496320	      1.08956678	     -6.92389140	     -1.08031489	      1.31745547	     30.23373558	     -2.75080558	      3.56541637	     -1.80228612	      5.38642806	      0.54568713	     -0.10036931	     -0.08577972	     -0.15816558	      0.03307694	     -0.06095404
      5.81500000	     -6.60425113	    -24.09742948	     -8.64783135	     11.79321779	    694.67627388	     38.63230715	     13.96355816	    -11.28633151	     -0.07251050	     -6.98979419	     -1.43417194	      1.85508319	     39.43391448	     -9.94100051	     -0.71824607	     -1.61914864	      5.06988659	      0.53515875	     -0.15202447	     -0.01910470	     -0.17013136	      0.03209017	     -0.04008900
      5.82333330	    -11.37094180	    -23.88234460	     -7.58782088	     23.20516416	    695.69065346	     28.13480999	     14.20376221	    -11.10103025	     -0.52117925	     -6.92647502	     -1.16092898	      1.48722582	     34.70021462	    -11.39502938	      0.24241571	     -0.99330863	      5.29093222	      0.57394423	     -0.07312264	      0.00862777	     -0.15393134	      0.03269595	     -0.06447172
      5.83166670	    -12.17857128	    -16.78949200	     -7.92395823	     -1.47935919	    697.62064762	     48.16243528	     13.62443335	    -11.16683297	     -0.23703121	     -7.21960523	     -3.82079056	      1.98045048	     35.48303004	     -6.04343911	      2.25897030	     -1.88446126	      4.44855971	      0.43006732	     -0.26367170	      0.03959249	     -0.20958729	      0.02608802	     -0.00105927
      5.84000000	     -6.78203248	    -26.60441307	     -8.19258620	     20.49910097	    686.82825001	      8.53451794	     14.37114573	     -8.67614726	     -1.87183527	     -6.86375597	     -0.14193303	      1.46951593	     37.29695041	    -16.76072471	     -1.32926937	     -0.78787886	      6.42634371	      0.61683182	      0.05738449	      0.05221622	     -0.12399624	      0.03452039	     -0.12060454
      5.84833330	    -12.99480117	    -16.88752434	     -7.71602072	    -15.69442448	    695.78042157	     43.33032841	     13.71508486	     -9.76129928	     -1.67366649	     -8.75841199	     -3.54703884	      1.71135600	     35.95915391	     -7.59419337	      1.46417781	     -2.09475135	      3.80000017	      0.38879412	     -0.32628164	      0.08352292	     -0.18169358	      0.02385752	      0.02020290
      5.85666670	     -8.02041963	    -19.60486950	    -10.17415124	     -0.18472437	    685.54857234	      8.12941347	     12.03732753	     -7.46652419	     -1.60566816	     -6.26455637	     -3.23129053	      1.91587172	     38.09251979	    -14.40647893	     -0.24543252	     -2.10049993	      5.73563635	      0.46373076	     -0.04736220	      0.10326358	     -0.18597009	      0.02866468	     -0.07635664
      5.86500000	    -13.25707163	    -16.32929963	     -7.39562373	    -16.83345801	    686.80647273	     20.99004942	     12.62346383	     -6.72503802	     -2.52268081	     -8.53552987	     -2.63393830	      1.55650556	     35.34069832	    -11.05529093	      0.83708468	     -2.54809148	      4.85425760	      0.38582336	     -0.21119536	      0.12543054	     -0.16186144	      0.02486959	     -0.02828558
      5.87333330	     -7.71434748	    -16.31696264	     -9.78789278	    -17.04111176	    674.90393868	      4.35305368	     11.17247200	     -5.62661296	     -2.21304923	     -6.89186465	     -4.44553008	      1.88202942	     38.88720115	    -14.52648645	     -0.02053014	     -2.98433583	      5.43433993	      0.39412328	     -0.11532360	      0.14089918	     -0.19297997	      0.02675357	     -0.05727691
      5.88166670	    -10.48707356	    -17.03747520	     -9.04708671	    -26.61282272	    689.63035134	      4.71563419	     10.68457784	     -4.65763045	     -2.70965661	     -7.60916075	     -2.97588874	      1.37947239	     38.76465788	    -14.58657136	     -0.23228906	     -3.12590381	      4.62603483	      0.32523636	     -0.18951667	      0.13341844	     -0.14597078	      0.02234104	     -0.02855322
      5.89000000	    -12.37478906	    -11.41656129	     -7.57842924	     -5.30719233	    656.71189420	     -4.60985514	     10.96013864	     -3.24756822	     -2.32727040	     -7.25687810	     -5.69724577	      2.09797740	     33.37704499	    -13.54566439	      0.90161547	     -4.04248526	      5.41739128	      0.33768151	     -0.18091499	      0.14658535	     -0.19838792	      0.02626413	     -0.04257377
      5.89833330	    -10.06880772	    -12.45244244	     -9.99037435	    -29.24577078	    672.16361591	     -5.75291757	      9.48593144	     -3.16077208	     -2.53902982	     -6.65128051	     -4.16502187	      1.51834267	     38.11094019	    -13.53526276	     -0.33863393	     -3.69428663	      5.07360976	      0.31423143	     -0.13669781	      0.14345627	     -0.16418503	      0.02310214	     -0.04597173
      5.90666670	     -1.83043930	    -15.55552114	     -7.27255050	    -26.22053746	    662.91124758	     -6.86824665	      9.42157212	     -1.74346515	     -2.18096345	     -6.00013403	     -5.32029259	      1.62883624	     42.81623159	    -17.90627740	      0.43638466	     -4.15668966	      5.74484135	      0.29873656	     -0.12511725	      0.14115326	     -0.21733887	      0.02371599	     -0.05733933
      5.91500000	    -17.29535519	     -9.61352411	    -12.76136761	     -8.15319040	    659.91255760	    -36.62366298	     11.02605566	     -2.64989935	     -3.07638124	     -6.99676844	     -6.89700908	      1.74878138	     29.44503612	    -14.48700326	     -2.07104333	     -4.37337722	      3.05916707	      0.27002245	     -0.39485688	      0.13390193	     -0.05983094	      0.02202755	      0.03783186
      5.92333330	     -2.33438380	    -10.62725836	     -6.91023948	    -24.11703659	    641.53644234	     -9.54061969	      8.65806563	     -1.14850389	     -1.82270809	     -4.40904259	     -6.88221281	      1.91778885	     40.15292973	    -15.82032952	      1.95303868	     -3.97909074	      6.25332886	      0.32268542	     -0.08426261	      0.13628857	     -0.25387984	      0.02442198	     -0.06739569
      5.93166670	     -3.83091846	    -12.88268399	    -11.56281200	    -17.04969694	    649.50421586	    -34.61232512	      9.51320376	     -1.63563142	     -2.19811065	     -4.25384633	     -7.83192878	      1.26021094	     38.35573851	    -18.27843184	     -1.89186324	     -4.65426089	      4.26323837	      0.26814295	     -0.29489052	      0.11392480	     -0.12170803	      0.02256751	     -0.00123096
      5.94000000	     -8.16907874	     -6.05492667	     -8.38527146	     -4.99148890	    631.54355815	    -16.09171797	     10.00004272	     -1.39956879	     -2.12137976	     -4.39089095	     -7.82542118	      2.10254841	     33.24000881	    -12.59810675	      1.41745028	     -3.90114168	      4.93779615	      0.32183153	     -0.18265775	      0.11737947	     -0.18393303	      0.02367116	     -0.02265450
      5.94833330	      2.06612672	    -11.46530707	    -12.49879214	    -15.55214326	    629.44567286	    -38.64892026	      9.77556704	     -1.85412209	     -1.99772727	     -2.37403109	    -10.35180377	      1.42538917	     39.65882333	    -18.66815575	     -1.75741934	     -4.45479048	      3.93751100	      0.28581188	     -0.36417838	      0.11176328	     -0.11766673	      0.02301757	      0.02121808
      5.95666670	     -3.52649581	     -7.00861059	    -10.63813520	     -3.97817144	    621.10523621	    -31.80746057	      9.69473338	     -1.36578656	     -1.77617928	     -1.57180688	    -10.12960895	      1.79446033	     33.82163808	    -15.35334026	      0.46076462	     -4.11046038	      4.57324697	      0.31843280	     -0.26179369	      0.09685248	     -0.15361749	      0.02367244	      0.00025731
      5.96500000	      2.94391429	    -10.09249009	    -12.73925520	     -3.21931525	    617.64218060	    -39.20169177	      9.93791102	     -1.98101658	     -1.78050647	     -0.19754172	    -12.00615957	      1.61766119	     37.20736948	    -18.74274034	     -0.97136403	     -4.13602249	      3.48157723	      0.30846771	     -0.36612616	      0.09763817	     -0.10473468	      0.02320872	      0.03586373
      5.97333330	      0.88331133	     -5.80831582	    -12.99245693	     -1.84822512	    608.52692851	    -39.24089864	     10.00838176	     -1.58755118	     -1.70947845	     -0.89477359	    -12.86791923	      2.19068374	     35.38811559	    -16.45907848	     -0.33307836	     -4.10393274	      3.31394310	      0.32284987	     -1.09083911	      0.09495985	      1.24722644	      0.02379232	      0.04870205
      5.98166670	      3.65832429	     -6.72506934	    -13.78514912	     11.65065514	    604.23575762	    -39.50382461	      9.68947962	     -1.97495951	     -1.48861588	      3.53342775	    -13.86958767	      1.40870788	     33.41183640	    -17.31212281	     -0.50884776	     -4.01927173	      2.95566501	      0.32296675	     -0.43102110	      0.07695633	     -0.04980737	      0.02340739	      0.05730609
      5.99000000	     14.62069954	     -0.74434438	    -16.81246444	    -18.08149049	    584.31081574	    -75.81792054	      9.89288327	      0.20010105	     -0.99443490	      5.19148160	    -20.24025280	      1.70405396	     40.39572158	    -20.55749773	     -1.06681866	     -4.23399413	     -1.06922796	      0.35852567	     -0.84174384	      0.07155574	      0.15089764	      0.02572285	      0.17438844
      5.99833330	      3.86437930	     -1.74307576	    -16.65251867	     56.45471376	    592.58545584	    -25.39981300	     10.63134467	     -2.94803154	     -2.14776415	      9.96414641	    -18.11882605	      1.01766035	     25.28897450	    -14.49930422	     -0.98570184	     -3.73636478	      0.60552347	      0.29517634	     -0.69307140	      0.06577494	      0.09379204	      0.02083274	      0.12461774
      6.00666670	     22.36251185	     -5.99062920	    -15.25625093	    -22.51400276	    582.10496057	    -35.28603950	      7.77023725	     -2.83071977	     -0.88336523	      9.33533847	    -17.53636709	     -0.22654893	     45.17397851	    -19.70175552	      0.31121961	     -4.14475518	      0.51855228	      0.38579466	     -0.65237697	      0.11987149	      0.12330867	      0.02747493	      0.09062604
      6.01500000	      7.55267363	    -13.31907952	    -15.66100187	     72.15655685	    619.75741489	    -51.49733561	     12.52730725	     -0.65281395	     -2.36346349	     13.80602560	     -8.24016647	     -1.20560437	     23.75808899	    -20.09631341	     -3.40049735	     -4.32838881	      4.66975613	      0.24754255	     -0.22830061	      0.04807481	     -0.11057898	      0.01890515	     -0.00429197
      6.02333330	     10.59903245	    -27.15651381	     -1.89947528	    -43.08332206	    591.50927611	     19.14691069	      6.98871772	     -3.99424949	     -0.57248963	      1.57228245	      2.83739571	     -3.70188513	     42.93525653	    -18.51532377	      0.77539680	     -4.04456707	      9.55699215	      0.41970288	      0.25286719	      0.12523031	     -0.37868078	      0.02925227	     -0.15457844
      6.03166670	    -10.34023763	    -32.95000674	      5.17132445	     38.09536300	    623.02083598	     38.54924970	     11.54435495	     -1.27102614	     -1.94625367	     -2.84265759	      6.99952527	     -4.06275986	     24.01132840	    -17.95215815	     -2.21796365	     -3.62427219	     10.21190148	      0.32023350	      0.39620050	      0.04662370	     -0.42764673	      0.02175274	     -0.16896111
      6.04000000	     -5.56226890	    -43.42984669	      1.10036041	    -28.66797651	    634.23427351	    -11.62703632	     10.42513712	     -2.28802497	     -1.78864292	     -6.40345260	     14.37997402	     -3.51411843	     33.91728732	    -23.99434471	     -2.04596252	     -4.72335095	     14.73104708	      0.27708254	      0.95744840	      0.09685842	     -0.69057454	      0.02170412	     -0.22475379
      6.04833330	     -5.52126799	    -21.00958895	      4.15040985	    -25.40854310	    588.88835094	     38.51122031	      8.42065137	     -2.25628409	     -0.75101530	     -4.00665347	     -2.79946662	     -3.17106671	     31.94222140	    -15.06898560	     -0.60091438	     -3.71608649	      6.07138633	      0.40979851	     -0.06368164	      0.06194311	     -0.18384366	      0.02714869	     -0.06402532
      6.05666670	    -13.14373800	    -37.94188492	      1.71250143	     -9.90817889	    627.05376756	     12.85869663	      9.45421290	     -2.48567322	     -1.74113083	     -7.85945997	      7.00300400	     -2.58473485	     29.01782028	    -22.18598550	     -2.67413741	     -4.10016056	     11.60912721	      0.32697364	      0.63025906	      0.07393109	      0.07297886	      0.02290039	     -0.13986233
      6.06500000	     -1.19717724	    -21.15211794	     -2.56948779	    -33.24366572	    606.69979104	    -22.09083306	      8.76595574	     -1.74147353	     -0.96570472	      0.64935045	     -5.32535655	     -2.62528166	     32.30739566	    -21.41237583	     -0.99848291	     -4.73089769	      4.81896284	      0.33254051	     -0.11568505	      0.06975910	     -0.11782521	      0.02438692	     -0.02944712
      6.07333330	     -7.18664892	    -25.49507160	     -2.23165585	    -25.73615035	    612.10567005	      0.79366309	      8.59567045	     -2.69098399	     -1.46142971	     -3.47510613	     -1.60340078	     -2.50941758	     31.09017178	    -19.27811887	     -2.84748974	     -4.15015113	      7.47944500	      0.34667405	      0.20741443	      0.07885058	      0.28149043	      0.02381282	     -0.07042825
      6.08166670	     -6.20676034	    -28.44600708	     -0.44891502	    -28.16886419	    615.74352315	     -9.27182020	      7.21378604	     -2.44068794	     -1.02373284	      0.36462635	     -4.09495834	     -3.74131258	     29.96859982	    -24.45527765	     -1.00368810	     -4.75406291	      4.91787057	      0.33525822	     -0.01159355	      0.06641788	     -0.11720456	      0.02440091	     -0.05356261
      6.09000000	     -2.48986271	    -24.22056382	     -3.84138829	    -18.37125009	    619.67700478	    -19.90542093	      8.78400132	     -2.17927934	     -1.36261496	      1.90018772	     -4.01163672	     -3.80191493	     30.45987489	    -21.32583914	     -3.18570280	     -4.49018828	      4.72782013	      0.32120006	     -0.01613751	      0.06264535	     -0.10110317	      0.02262365	     -0.05091533
      6.09833330	     -7.01910703	    -24.60622825	     -0.86453061	    -35.72728557	    611.13167690	     -1.41579109	      6.47590870	     -3.07360954	     -1.07024002	      1.77851801	     -5.77961523	     -4.78796573	     29.06779650	    -21.22281694	     -1.53988656	     -4.61503776	      3.63038939	      0.35767904	     -0.10469417	      0.07756268	     -0.05994840	      0.02507750	     -0.05880428
      6.10666670	     -0.98321804	    -24.94886777	     -2.63428019	    -41.16701964	    615.78723785	     -6.54825541	      6.63412516	     -2.96134247	     -1.14617583	      1.73404916	     -6.63786269	     -4.23785633	     34.25276381	    -22.76785486	     -2.52142981	     -4.68871956	      3.66994263	      0.34815913	      0.08888263	      0.07664169	      0.45205503	      0.02460054	     -0.05772969
      6.11500000	     -6.24356427	    -25.35887865	     -3.53981858	    -20.57501336	    624.47508099	    -23.09383234	      7.11992783	     -2.45966826	     -1.14033783	      3.06860021	     -6.20908464	     -4.44053451	     28.36900053	    -23.24121864	     -2.99319383	     -4.74209978	      3.56673261	      0.32256399	      0.13751662	      0.06138399	      0.43971830	      0.02286137	     -0.05913102
      6.12333330	     -1.36112319	    -25.82053667	     -3.20140674	    -24.58792266	    624.09658016	    -22.14136100	      6.47828381	     -2.39307067	     -1.19217296	      6.54081836	     -6.20456497	     -5.73218884	     30.06227783	    -24.36499124	     -2.08378683	     -4.78130013	      1.75003768	      0.34301453	     -0.16794834	      0.06074666	      0.02402040	      0.02401697	     -0.06039596
      6.13166670	     -4.23417844	    -24.19016462	     -1.90569740	    -39.55175614	    613.56469854	     -7.19431948	      6.18005692	     -3.04978401	     -1.11149210	      4.73332749	     -6.83948308	     -6.34492761	     29.42306319	    -20.57898372	     -2.94766555	     -4.99582779	      1.82300477	      0.33487451	     -0.17254365	      0.08100615	      0.01225036	      0.02402552	     -0.07520730
      6.14000000	      2.44606178	    -28.48651316	     -3.85205757	    -24.91082072	    637.97400044	    -23.78238288	      5.38495807	     -1.74124582	     -1.13536812	      8.03086013	     -5.38728326	     -5.98997030	     33.95082968	    -26.80633652	     -1.92878926	     -4.78599634	      1.38071533	      0.31183441	     -0.15513900	      0.05272619	      0.02302144	      0.02198245	     -0.06179035
      6.14833330	    -10.74672255	    -25.12621523	     -2.71882166	    -22.09535567	    608.73292942	    -16.40585372	      6.50594253	     -3.07802896	     -0.88454297	      5.90306843	     -7.00975926	     -6.46059202	     21.94168222	    -20.66295371	     -3.91065113	     -5.17635180	      1.40070063	      0.35765935	     -0.18042242	      0.07478353	      0.05204900	      0.02549085	     -0.07603685
      6.15666670	      4.07518634	    -25.15997728	     -4.67753782	    -44.82441669	    631.71759802	    -41.90317548	      3.17356690	     -2.29635987	     -0.44846806	      5.21769965	     -7.87152127	     -5.29764099	     39.76420221	    -26.29870797	     -3.10419558	     -6.54056876	      1.73025433	     -0.91191182	      0.13178989	     -1.37412199	      0.48245851	      0.02586764	     -0.06587463
      6.16500000	     -8.99928433	    -27.54414305	     -0.59718565	    -28.75286728	    630.21431788	      6.15775485	      5.11609104	     -1.99259228	     -1.03278257	      5.72765514	     -4.42955081	     -6.44876561	     26.37240372	    -20.85874875	     -1.49416458	     -5.75094727	      2.24775824	      0.25145206	     -0.06188586	      0.09856632	     -0.02541081	      0.02060951	     -0.07968459
      6.17333330	     -7.70072299	    -36.70302969	     -3.40005058	    -43.06031225	    632.26957155	    -30.32238295	      5.71314552	     -2.99734139	     -1.47990542	      1.62002056	     -4.47167971	     -5.34816001	     30.66208461	    -29.30850387	     -5.56585117	     -4.35515441	      4.05347852	      0.38950229	      0.49161005	      0.02813574	      0.29584061	      0.02474193	     -0.08609114
      6.18166670	      3.33399930	    -13.76950386	     -4.22600052	     -3.88974004	    618.55510561	    -32.47633157	      5.86403314	     -1.31120304	     -0.14224379	     10.97679734	     -8.71215289	     -5.10018405	     30.41657393	    -18.24577376	      0.28956481	     -5.85291794	     -0.11922554	      0.32232421	     -0.49284769	      0.08617944	      0.19305090	      0.02504662	     -0.03381367
      6.19000000	    -11.91027898	    -39.47172118	      0.85163865	    -47.62392349	    640.07034044	      6.06247536	      4.91238003	     -1.25241734	     -1.68687320	     -1.24169973	     -0.92058128	     -6.08217729	     31.02261549	    -26.09356139	     -5.81691348	     -4.20269261	      5.03262746	      0.34611992	      0.27970034	      0.03857401	     -0.17997880	      0.02199608	     -0.10123513
      6.19833330	     -6.82527519	    -22.97520522	     -4.47052692	    -25.50136253	    632.00274618	    -61.55363208	      6.13161701	     -2.35424612	     -0.75472894	      4.65250818	     -7.90890223	     -4.83220766	     28.62044064	    -24.71825859	     -2.16658939	     -5.72130838	      2.18340731	      0.32798495	     -0.24992325	      0.06824230	      0.07904693	      0.02431453	     -0.05371309
      6.20666670	      8.41291301	    -31.71981544	     -2.74158593	    -54.39746027	    609.17888096	      3.44334428	      5.22766259	     -2.41025560	     -1.11986805	      7.07647185	     -3.51398942	     -4.81656626	     38.34978821	    -24.19312128	     -2.10900894	     -5.16103364	      2.69277351	      0.36342737	     -0.12270198	      0.06395684	     -0.06349184	      0.02530293	     -0.04447801
      6.21500000	    -19.57640989	    -26.46478249	      0.81367359	     -9.17016113	    641.48957455	    -22.43908868	      6.51157231	     -0.55783941	     -0.97373819	     -3.09303725	     -2.26113510	     -4.17522800	     24.55107213	    -19.33856801	     -3.68251861	     -4.64828015	      6.59235806	      0.33054021	      0.18995495	      0.01908892	     -0.08240579	      0.02180065	     -0.08023986
      6.22333330	      1.80710045	    -33.38094891	     -5.19753539	    -51.24710759	    621.69444435	    -35.08675809	      4.30506251	     -2.21488393	     -0.79518931	      6.22248322	     -6.76677875	     -4.28698829	     35.66662578	    -30.48934301	     -3.70316500	     -5.68911517	      1.63882013	      0.34986672	     -0.32718217	      0.09602535	     -0.01771818	      0.02583767	     -0.02824485
      6.23166670	    -13.88064171	    -23.60320102	      0.41520503	    -19.41940400	    631.10895213	    -10.61662274	      6.34014246	     -1.00668043	     -0.92113005	     -2.76709890	     -3.03474519	     -2.35300285	     28.64396740	    -17.79844023	     -2.28013794	     -4.74606787	      7.41576343	      0.34404365	      0.63412263	      0.01879111	      0.29989367	      0.02273429	     -0.05632845
      6.24000000	     -5.42904968	    -29.07559956	     -1.64246468	    -37.47111276	    623.16246238	    -21.34856662	      6.26478257	     -1.44178100	     -0.78612853	      0.37810199	     -4.30526358	     -3.68195468	     32.69849671	    -22.70154287	     -4.71090885	     -5.40912044	      4.80673629	      0.34474686	     -0.09666468	      0.05983655	     -0.09148598	      0.02456050	     -0.04417216
      6.24833330	     -7.15778211	    -29.68569948	     -2.33032756	    -27.04500503	    627.11691878	    -21.38741761	      4.67810413	     -1.65670573	     -1.16451938	      2.15244897	     -2.96967594	     -2.91124269	     31.45538277	    -25.43751871	     -0.50194829	     -4.85252971	      5.55414630	      0.34957544	     -0.03576292	      0.05116174	     -0.08202520	      0.02338067	     -0.03316497
      6.25666670	    -10.09631048	    -28.87074573	      1.89296685	    -28.35217025	    622.42430977	      6.82481151	      6.50863390	     -1.57135828	     -0.77631978	     -2.27184577	     -3.11203583	     -3.53193104	     30.65125676	    -18.70287979	     -4.38686527	     -5.31320613	      6.07145093	      0.32829170	     -0.01425319	      0.04061338	     -0.13731041	      0.02323625	     -0.05010688
      6.26500000	     -1.83314678	    -26.97712043	     -6.37031130	    -39.54561361	    618.28552938	    -56.17725619	      5.55211106	     -0.98836164	     -0.59412246	      2.52052820	     -2.96246172	     -2.43160305	     34.44020952	    -25.45457257	     -3.36377080	     -5.22904382	      6.01296059	      0.38416266	     -0.06021152	      0.05737107	     -0.07833735	      0.02623120	     -0.02508971
      6.27333330	    -15.37891397	    -29.24069731	      1.56041537	    -20.67435186	    629.10363432	     11.49220941	      5.45222860	     -2.10424351	     -1.09028885	     -3.65098388	     -2.24139110	     -2.06751335	     28.90205388	    -19.88756946	     -1.70874197	     -4.97836737	      7.78646918	      0.33038770	      0.50360195	      0.04225607	      0.27152342	      0.02237586	     -0.04452913
      6.28166670	     -8.60283924	    -33.32438890	      1.08082263	    -23.65237444	    615.52166207	     13.78957396	      6.24192774	     -1.43084954	     -0.87691756	     -2.33826401	      0.86670474	     -3.13388953	     31.44769063	    -20.09502272	     -3.66328972	     -5.13161664	      7.87737886	      0.33531960	      0.12624755	      0.04063880	     -0.21834651	      0.02320665	     -0.05467605
      6.29000000	     -5.96739341	    -27.95970704	     -3.50422872	    -34.83749943	    621.02920184	    -28.87732368	      5.30672559	     -1.72388893	     -0.69799554	      1.38447318	     -2.15566667	     -2.85715128	     32.42401723	    -22.95852438	     -2.46597298	     -5.34036043	      6.27116967	      0.35567227	     -0.07779765	      0.05541919	     -0.10641803	      0.02455009	     -0.03124027
      6.29833330	    -11.16653290	    -37.42791388	     -1.64861103	    -19.13310005	    610.72244936	      6.28432320	      5.48768010	     -1.59921301	     -0.75893304	     -3.86970243	      6.73645645	     -2.77210955	     30.89630473	    -20.49306812	     -3.39250511	     -4.64389886	     11.08039983	      0.40180425	      0.60519008	      0.03466837	     -0.02276630	      0.02592386	     -0.09126221
      6.30666670	     -8.02191374	    -34.76874209	      0.13890314	    -29.59810871	    622.10289778	      4.32417091	      5.73128731	     -2.16190925	     -1.01430034	      0.00194069	      0.38358541	     -3.57853480	     31.05356841	    -23.32513489	     -1.99647853	     -5.54124969	      7.07969127	      0.29835159	     -0.03504173	      0.05800505	     -0.17087731	      0.02155272	     -0.05432301
      6.31500000	     -9.61977050	    -34.72220336	     -1.78457622	    -17.59610682	    616.63813093	     28.70045724	      4.97637255	     -1.61174702	     -0.45908047	     -2.74663127	      8.35815381	     -3.29668847	     32.61227445	    -15.73272568	     -3.44926537	     -4.95094614	     10.25075365	      0.39187790	      0.37528569	      0.03383493	     -0.03775835	      0.02585374	     -0.10485741
      6.32333330	    -12.25258845	    -51.49156821	     -1.63094418	    -39.41187330	    624.40357997	     21.30886112	      5.90138469	     -2.63580793	     -1.17591112	     -2.18319630	     14.94476813	     -4.95249754	     29.18951966	    -24.08619132	     -2.00049599	     -6.31886062	     13.18364463	      0.24017793	      0.64223492	      0.08029885	     -0.52506346	      0.01963481	     -0.17933683
      6.33166670	     -1.29088658	    -42.65243023	     -1.83694430	     10.52155961	    617.42661847	     30.36792177	      4.90832866	     -1.63029296	     -0.45823025	      3.69951957	     11.00339478	     -5.50544864	     32.92588408	    -21.39377428	     -2.96915885	     -4.28657908	      9.81576604	      0.43502818	      0.25740647	      0.01541714	     -0.36387289	      0.02693391	     -0.14165833
      6.34000000	     -6.23977127	    -35.62139654	     -6.10544552	      6.77658555	    622.35646023	     29.98698297	      5.29972335	     -2.08495737	     -1.05591546	      7.25615918	     10.38699266	     -5.12015720	     26.84399869	    -17.17123538	     -3.06224425	     -5.21630544	     10.35071957	      0.33459628	      0.27142309	      0.05640101	     -0.35943950	      0.02270046	     -0.15225280
      6.34833330	     10.93998385	    -26.45659123	     -8.61829684	     31.75946471	    625.69488369	      0.40217596	      4.70509686	     -2.07919445	     -0.40767290	     15.65418627	     -1.17749748	     -3.84824932	     33.61731374	    -22.72194980	     -2.40034273	     -5.16023947	      5.49192764	      0.36730938	     -0.23762249	      0.02765292	     -0.08789644	      0.02469376	     -0.03697985
      6.35666670	     10.37461875	    -10.50735119	    -11.28675136	     29.89219218	    619.64565411	    -25.33620630	      4.73780199	     -2.18876617	     -0.58937782	     16.93582184	    -12.27316938	     -1.63854537	     32.46807033	    -20.51376598	     -2.66267003	     -5.42717045	      1.79584601	      0.32783591	     -0.58519797	      0.04321692	      0.09995870	      0.02286970	      0.07279760
      6.36500000	      6.11725507	     -4.74316982	     -8.18998874	     56.13418295	    603.04098866	    -23.10385975	      4.41207655	     -2.01088717	     -0.32877001	     14.20541177	    -18.36586852	     -0.02770492	     29.90566629	    -19.97727675	     -2.67204099	     -4.10424277	     -1.22113926	      0.45742666	     -0.87110677	     -0.00085229	      0.19347411	      0.02775101	      0.17354836
      6.37333330	      3.06958073	     -5.90868816	    -10.98567506	    -11.92118456	    633.49542766	    -66.95860692	      5.30979711	     -0.66610599	      0.03931747	      6.04664936	    -16.35908997	      2.41212012	     36.93589540	    -23.17728110	     -2.26829679	     -6.74843214	      0.55508830	      0.23014151	     -2.26828494	      0.04695673	      3.01428668	      0.01971036	      0.11138888
      6.38166670	     -4.17203635	    -15.01321737	     -8.49814061	     65.45361201	    616.94617745	     14.93703662	      3.92032921	     -5.57574184	     -1.27433727	      8.58305390	    -11.30451004	      1.20218993	     27.57351385	    -17.38129954	     -2.54988147	     -4.21792320	      3.93201661	      0.41486176	     -0.19133099	      0.04811886	     -0.16835003	      0.02555245	      0.03161887
      6.39000000	     -6.21448414	     -7.48691945	     -6.21853620	     23.12862597	    625.90611719	    -33.85849668	      5.23154415	     -1.75036503	     -0.50959465	      2.61729135	    -17.37496152	      2.58807952	     31.18718186	    -19.82675807	     -2.77678425	     -5.73882167	     -0.10932425	      0.27400469	     -0.54886970	      0.02102563	     -0.03028541	      0.02016365	      0.15017113
      6.39833330	    -12.47439682	     -6.56474833	     -7.38257490	     13.48108586	    615.36662792	    -64.70067088	      3.49929630	     -3.24647884	     -0.08658455	     -2.64994712	    -17.93353061	      3.13171065	     32.08771895	    -22.05241407	     -2.02446383	     -4.25115460	     -1.74018733	      0.50966041	     -0.65811805	      0.03841762	      0.07479392	      0.03079009	      0.18534545
      6.40666670	    -13.45124037	    -12.62685128	     -5.31512394	     15.46747660	    645.09170381	    -25.86138071	      5.58256304	     -0.88690523	     -0.42934511	     -2.04159609	    -10.80190106	      3.72600522	     30.45669526	    -19.05541209	     -2.14005651	     -6.30029551	      3.27588029	      0.23450498	     -0.01804611	      0.02139675	     -0.23800829	      0.01878612	      0.01839743
      6.41500000	    -21.71422483	    -10.63855680	     -5.83889248	     26.37502253	    632.50991866	    -44.13163171	      4.70793449	     -2.99469149	     -0.42365447	     -7.55124202	    -15.29276348	      5.24392148	     28.42665703	    -20.31331261	     -2.70482467	     -4.77664338	      0.34972989	      0.40964839	     -1.23334723	      0.02105900	      0.96159186	      0.02575133	      0.07319861
      6.42333330	    -20.86936942	     -8.68583865	     -5.99454887	      1.06124835	    651.30915550	    -55.73917256	      4.59141128	     -0.91221134	     -0.40933350	     -8.97211907	    -11.45123019	      4.93831679	     32.32082546	    -18.79925070	     -1.68133419	     -5.38631948	      0.89834515	      0.34950470	     -0.09100838	      0.02724215	     -0.17700319	      0.02333504	      0.06233359
      6.43166670	    -32.18348719	    -12.00969496	     -5.13660244	     13.13914279	    645.08164141	    -48.55491705	      4.80896538	     -2.11782804	     -0.29032909	    -14.52727061	    -13.24878452	      6.56139316	     26.85367643	    -19.69836864	     -2.97317201	     -5.58171365	     -1.32031537	      0.34507536	     -2.51374498	      0.02565837	      2.03098632	      0.02343134	      0.05082527
      6.44000000	    -27.83650335	    -11.25640121	     -5.39287353	     -0.78923028	    654.93085538	    -62.89432515	      4.21002389	     -1.97501416	     -0.66510403	    -14.32895371	    -12.92462272	      6.36438011	     31.95504687	    -21.04674058	     -1.39531678	     -5.00479968	     -0.71007377	      0.38672045	     -0.04976361	      0.02076689	     -0.20844596	      0.02433140	      0.08000752
      6.44833330	    -32.50290326	     -9.96712935	     -5.01230438	      1.83211781	    659.27124762	    -54.36037924	      5.43908134	      0.47840197	     -0.01785687	    -14.92382825	     -8.12942404	      6.76593896	     27.55020055	    -16.01265311	     -3.42450712	     -5.70557720	      0.15356817	      0.33194028	     -2.29604332	     -0.00527239	      2.02896316	      0.02254241	     -0.04130766
      6.45666670	    -39.63112734	    -11.80548384	     -4.11278654	     -2.42594827	    630.80009670	    -72.84668668	      2.62697059	     -4.84259811	     -0.50078324	    -21.10122810	    -19.18327949	      7.15051356	     28.38571619	    -24.65055177	     -0.44710602	     -4.79980153	     -3.88658645	      0.45233140	     -0.28338240	      0.07209342	     -0.18632507	      0.02790709	      0.16641746
      6.46500000	    -30.56163778	    -11.22730157	     -5.58078714	     -7.16511347	    679.53767637	    -54.20222805	      5.74855388	      1.99461805	     -0.31698370	    -12.17994563	     -4.70749830	      6.21068004	     28.16357440	    -14.74881958	     -4.18091008	     -5.87583678	      2.13453527	      0.28868315	      0.50863656	     -0.03941650	     -0.32761985	      0.01959493	     -0.07899041
      6.47333330	    -37.16150215	    -12.48557638	     -1.82648401	    -14.70838204	    636.98897650	    -64.87259472	      3.04315509	     -2.83828739	     -0.19717384	    -21.21904066	    -13.81138239	      6.59146492	     30.66506653	    -21.26695168	     -0.10035021	     -5.40373954	     -3.43348846	      0.41477144	     -0.21098776	      0.05456772	     -0.15871234	      0.02677008	      0.13865238
      6.48166670	    -32.58011550	     -6.64274723	     -4.95160139	      2.78533882	    660.80017863	    -74.30435437	      4.53592587	     -0.26441577	     -0.18058211	    -12.94728853	    -12.57909139	      6.72898062	     27.25018500	    -18.12115196	     -2.55268161	     -5.68994812	      0.91580576	      0.35455769	      0.33502882	      0.00383661	     -0.33259415	      0.02330518	     -0.03098582
      6.49000000	    -37.24378383	    -17.03879041	     -3.10594064	    -12.89591459	    667.22820502	    -55.68974226	      3.73390773	     -0.67313435	     -0.40116617	    -16.72169435	     -6.36656686	      4.57225831	     28.01492068	    -19.52181210	     -2.47393975	     -5.47993939	     -1.85425104	      0.36320918	     -0.10018511	      0.01355306	     -0.08380117	      0.02299689	      0.08198681
      6.49833330	    -25.24158314	     -7.79792771	     -6.45619375	     -0.42368403	    660.78573295	    -64.55981490	      2.49161351	     -3.35227229	     -0.55143460	     -7.82951431	     -9.92426531	      4.84469998	     31.15602012	    -16.02546188	     -0.81465256	     -5.68195373	      2.82699808	      0.37662653	      0.39027080	      0.04187608	     -0.30126782	      0.02442524	     -0.08228623
      6.50666670	    -37.11467711	    -16.89367252	     -0.27362742	      8.98649454	    671.51406010	    -44.42295275	      4.29948259	      1.93354349	      0.00301903	    -12.43235690	     -5.48276506	      3.34588488	     24.01490055	    -19.44748022	     -3.04383906	     -5.27154538	     -0.52805998	      0.36188743	     -0.13141163	     -0.02544527	     -0.14408426	      0.02229814	      0.07559111
      6.51500000	    -26.82640912	     -3.94486946	     -1.00433453	      6.48091454	    658.45430276	    -43.75063059	      4.18673754	     -0.31717056	      0.48371767	     -8.61918367	     -8.55509235	      3.30020539	     28.15479876	    -10.98527753	     -1.33155877	     -6.04509880	     -0.47779070	      0.42844818	     -3.07848446	      0.00277182	      2.05849902	      0.02771193	      0.00140222
      6.52333330	    -23.25960909	     -8.22113251	     -1.20488495	     -8.05698910	    659.53894111	   -105.02725108	      3.50190372	     -0.11071936	     -0.05994080	     -6.54234144	    -18.12820615	      3.30694356	     30.84165440	    -27.22453216	     -1.02075708	     -5.59702270	      0.79806113	      0.34297229	     -0.22463756	     -0.02754420	     -0.16467472	      0.02182636	      0.06868381
      6.53166670	    -18.76397378	     -2.90206487	     -6.89710682	     28.91959086	    677.86399767	    -37.27061232	      0.02217867	     -1.38221865	      0.40902028	      6.91852345	     -5.20682102	      0.93832823	     26.56424482	     -8.36589405	     -2.37932791	     -6.55940151	      7.30756973	     -0.34023256	      0.50368223	     -0.76645026	     -0.18526608	      0.02581053	     -0.19511807
      6.54000000	    -30.73008635	    -20.33194806	      3.32829925	     13.15872996	    681.58507053	    -15.52230569	      2.66522308	     -1.76830080	     -0.42007658	     -5.19881784	     -5.42997762	     -1.58136681	     25.33490933	    -18.33504552	     -0.96610424	     -6.65615055	      0.30298194	      0.30737589	     -0.50540972	      0.03266376	     -0.04341910	      0.02125477	      0.12626389
      6.54833330	     -6.85288163	      3.75427451	     -5.12087004	      5.38985746	    661.75591690	    -91.73105426	      2.42378206	      0.68477434	      0.67507944	      9.97426103	    -13.05563062	      0.74505231	     30.90597595	    -15.06830049	     -1.59081166	     -4.45635323	      6.94076483	      0.50945014	      0.26099244	     -0.05474107	     -0.16170964	      0.02875042	     -0.13687150
      6.55666670	    -24.07639870	    -11.42575555	     -0.77291122	     36.66642936	    684.20328787	    -13.99620002	      1.88849263	     -2.74469867	     -0.28143800	      5.17264210	     -7.09479619	     -2.32845979	     22.41798237	    -12.81893909	     -1.96014860	     -6.78945238	      5.17642208	      0.29989826	     -0.03415401	      0.02077060	     -0.11266057	      0.02076087	     -0.05849409
      6.56500000	    -13.53823235	     -7.10894306	      0.38847944	      5.99171896	    684.54399199	    -36.21511243	      1.72432645	     -0.67732746	      0.05017075	      6.75363195	     -6.57290558	     -2.42568983	     30.37984990	    -13.52181236	      0.06610763	     -5.38918840	      4.95202870	      0.40597728	     -0.09171661	     -0.01377607	     -0.07013134	      0.02405353	     -0.04058632
      6.57333330	    -21.23279582	     -5.35518622	     -1.42570576	     31.48255171	    683.80304184	    -38.36596384	      1.06492038	     -1.25702496	      0.52442942	      5.71417769	     -9.82303999	     -0.60058868	     24.81345484	    -13.90840934	     -1.47718036	     -6.72742782	      5.04557513	      0.33289165	     -4.55627896	     -0.00396631	      3.58435093	      0.02282868	     -0.16426553
      6.58166670	    -21.28178042	     -3.74435617	     -0.94059192	     -5.54717963	    678.03417841	    -48.00444972	      1.45106365	     -1.55410882	      0.23247914	      3.83566079	     -8.04750737	     -3.44158035	     26.65297557	    -10.80260343	     -2.27754276	     -4.98489460	      1.61567270	      0.48078850	     -0.53877916	     -0.04870825	      0.05950114	      0.02663907	      0.09865881
      6.59000000	    -12.34471006	    -10.27250636	      0.14487787	     30.40372457	    675.80337230	     -6.78053013	     -0.03308037	     -2.80633140	      0.31356980	     13.01121349	     -6.91735877	     -2.10074163	     26.31561885	    -13.35527171	      1.19087194	     -6.51346555	     10.40348780	      0.33767289	      0.52284672	      0.01729754	     -0.28763682	      0.02248454	     -0.25231325
      6.59833330	    -23.62833651	     -3.87703075	     -0.56596671	     -1.81357307	    685.24239861	    -51.61259943	      1.42625895	     -0.67805266	      0.31677642	      4.11146240	     -6.60244700	     -3.37885078	     24.68839195	    -10.36644207	     -2.41357111	     -5.67148122	      2.36172038	      0.40945567	     -0.47369910	     -0.06149620	      0.06338065	      0.02372770	      0.06906417
      6.60666670	    -15.42558246	     -8.53097030	     -2.84712242	     15.61652225	    670.84462698	     -2.60152530	     -0.91772813	     -4.09285742	      0.43256705	     10.37632904	     -5.59387940	     -2.34272750	     26.99791396	     -8.86034608	     -0.92868617	     -5.96001365	      8.82139015	      0.39933241	      0.31482780	     -0.00202925	     -0.25926206	      0.02427086	     -0.18032557
      6.61500000	    -21.30045140	     -6.95171626	      0.98385071	     -1.16112307	    669.49151373	    -33.14173974	      0.92422711	     -1.74612522	      0.32552452	      4.56403202	     -7.25920825	     -2.33248003	     25.32987983	    -11.68219324	     -0.54791349	     -6.73311362	      4.92336204	      0.34522021	     -0.17802486	     -0.02923295	     -0.04762654	      0.02238465	     -0.03375559
      6.62333330	    -30.39685154	    -18.54678991	      1.42789221	      6.64385459	    694.86370702	     37.28143159	     -3.50179073	     -4.39497870	      0.40938680	      4.60923456	      7.09453445	     -5.00970666	     24.07158984	     -4.71198637	      1.14331590	     -4.06473087	      4.71678658	      0.50727933	     -0.18171106	     -0.03140964	     -0.09838779	      0.02612886	     -0.01571196
      6.63166670	     -2.88270217	     16.78029704	     -8.73483177	     -6.17607636	    625.55294026	   -110.35238012	      3.07071746	      0.70419898	      1.62266938	     12.32250560	    -25.53527981	      3.35548195	     27.79081234	    -12.12540346	     -4.84801116	     -8.92262044	      9.27600546	      0.23055022	      0.34774162	     -0.04225165	     -0.24833384	      0.02078005	     -0.18973720
      6.64000000	    -39.97722461	    -33.83944427	      6.84092178	     -4.48854443	    693.41780279	     79.29563188	     -3.12895660	     -6.81175673	     -0.87151645	     -4.29609134	     16.05232654	     -7.16296803	     24.19356186	     -4.97143869	      2.11696869	     -3.14549501	      1.71841504	      0.57556569	     -0.56880731	     -0.03330401	     -0.00446210	      0.02723919	      0.09577335
      6.64833330	     -8.36684441	      9.23960073	     -5.75036721	     -2.78244954	    631.65621703	    -60.19258341	      0.46111663	     -2.23779154	      1.74257221	     11.75352341	    -15.36177915	      1.68560815	     26.55047763	     -7.08592335	     -0.36664749	     -8.89520953	     10.78575184	      0.24668313	      0.46838892	     -0.00839116	     -0.23126659	      0.02168445	     -0.24837803
      6.65666670	    -34.43204846	    -16.68267680	      0.17815233	    -13.23048183	    683.07583887	     26.87452997	     -3.61568992	     -2.10090713	     -0.07079108	     -0.85700339	      3.74777370	     -3.36386681	     25.02880437	     -5.71447742	     -1.62345159	     -3.23272367	      0.53353922	      0.51063178	     -0.62932992	     -0.10329510	     -0.04402697	      0.02418274	      0.15184140
      6.66500000	    -12.53192959	     -8.26604748	     -3.73561577	     -6.86049829	    625.23303248	    -34.44036125	      1.74636814	     -5.15543624	      1.07697335	      6.35558621	     -5.16060297	     -0.23199983	     26.34599607	     -8.93053832	     -1.22651912	     -8.45847539	     10.80884188	      0.33795213	      0.43526905	      0.02883561	     -0.21310242	      0.02544905	     -0.25307669
      6.67333330	    -44.48768876	      0.22559487	      1.04671855	     -4.01688175	    682.71751042	     34.27962060	     -9.64583819	      0.49169888	      2.32988455	     -3.51485097	     -2.38579205	     -0.85974146	     23.18086885	      1.88100790	     -0.16946347	     -9.18812416	     -1.24716503	     -1.93806730	     -3.49979383	     -1.72204673	      2.93897314	      0.02054998	      0.14330500
      6.68166670	    -14.15471260	    -18.05822293	     -2.75075868	    -28.34507023	    627.76191055	    -26.66726494	     -0.49559246	     -7.42456068	     -0.06921780	      4.98301437	     -0.92953928	     -1.14096622	     29.35759311	    -13.48263654	      2.08692328	     -5.70610710	      9.07596030	      0.47648701	      0.22741132	     -0.03429168	     -0.17544708	      0.02721573	     -0.17790169
      6.69000000	    -23.21238166	      1.14004221	     -5.35875133	      0.32602737	    648.98797477	     17.81268907	     -1.49603624	     -0.95339154	      1.11179804	      3.43767588	     -2.10121842	     -0.62261754	     24.97197048	      3.99283428	     -4.97791490	     -7.22678627	      5.85548091	      0.33769959	     -0.04203290	     -0.01207825	     -0.19697091	      0.02344351	     -0.05237827
      6.69833330	    -32.00528145	     -7.19809539	      3.09293814	     -1.27313764	    652.09551676	     -0.29526167	     -3.29827180	     -1.02693096	      1.22107068	      0.34849462	     -4.47405258	     -1.05552073	     21.88384259	     -8.05409568	      2.59956349	     -5.93653797	      2.39260292	      0.35667193	     -0.44683287	     -0.07318073	      0.01899108	      0.02197703	      0.05985440
      6.70666670	    -14.18731743	    -10.68103156	     -6.41576562	    -30.95871937	    623.44012951	      0.61000304	     -1.28715077	     -6.44794058	      0.31819367	      3.87524503	      1.26158929	     -1.35306022	     30.86445636	     -2.63096768	     -2.95963689	     -7.47018091	      8.72677243	     -0.11689588	      0.23005490	     -0.44817640	     -0.25240128	      0.02831190	     -0.16101704
      6.71500000	    -32.59200279	     -4.79080245	      0.11288109	     -5.55635183	    653.43870019	      7.98372842	     -9.08777273	     -1.64651199	      2.65965271	      2.10688473	     -4.07366100	     -0.62394733	     24.75161975	     -4.56474607	      1.63609328	    -10.03519729	      3.80110615	     -2.03055638	     -1.01795524	     -1.64711605	      0.72728984	      0.02176827	     -0.00134861
      6.72333330	    -26.37150665	      1.81532870	     -3.56433208	     10.76855370	    641.07613310	     10.96885407	     -1.34231168	     -1.79197885	      0.89291557	      1.06834677	     -4.43518196	     -0.26787315	     23.18482457	      1.68095191	     -2.49778540	     -6.72616484	      3.95658044	      0.37227592	     -0.24401194	     -0.00839786	     -0.07403656	      0.02468796	      0.00272674
      6.73166670	    -13.91007540	    -14.51432791	     -1.24411512	    -44.56598474	    623.43266280	      0.65700406	     -1.61265930	     -6.01124129	      0.57580829	      3.22678973	      1.15549783	     -2.01209186	     31.94264452	     -7.04544613	      0.49436226	     -6.12595919	      7.60353666	      0.44897443	     -0.51800208	     -0.08852083	      0.45036622	      0.02680301	     -0.13917302
      6.74000000	    -26.34485323	     -3.05497408	     -1.03863654	     21.14438432	    643.08410973	     15.94517764	     -1.03045578	     -1.03807290	      0.91810487	      2.01393336	     -3.90808514	     -0.36863130	     21.36562818	     -1.69189011	     -1.66407475	     -7.04401626	      3.96007130	      0.35713465	     -0.24509054	     -0.01853821	     -0.06978250	      0.02463915	      0.00266934
      6.74833330	    -20.00634856	     -1.33268171	     -2.64875471	    -19.02821908	    630.95616876	      6.05249734	     -1.77833205	     -5.10284060	      1.00000890	      1.06921588	     -3.67923899	     -0.80759061	     28.84655128	      1.05897101	     -0.77738502	     -5.96818108	      4.95271624	      0.41179035	     -0.79525038	     -0.06303203	      0.58506018	      0.02486443	     -0.04848488
      6.75666670	    -18.57020864	     -9.00940600	     -0.66413748	      0.54060823	    641.48338087	      2.89063967	     -1.70797232	     -2.45110049	      0.87874489	      3.23476843	     -1.29029122	     -1.01552630	     28.16381419	     -7.46568779	      0.98414225	     -6.17106903	      5.94523377	      0.39616255	     -0.64733025	     -0.07981509	      0.52870087	      0.02493521	     -0.07434339
      6.76500000	    -19.61855158	     -0.43401418	     -1.29244459	     -5.00412724	    628.04038579	     25.40792442	      0.45946719	     -4.69581325	      0.97780419	      1.69620482	     -3.49229920	     -1.11609014	     25.39202323	      4.89839145	     -2.71459585	     -7.11023323	      4.60007441	      0.40061933	     -0.19074886	     -0.03670850	     -0.07631294	      0.02643371	     -0.02800026
      6.77333330	    -22.62371226	    -12.17247066	     -0.81955258	     13.47315615	    642.88980222	     -4.52162500	     -1.01537873	     -3.91022557	      1.05070231	     -1.16332276	     -3.14901217	      0.15231140	     27.47455609	    -10.34518370	      0.07833949	     -6.07962598	      3.78523590	      0.40944500	     -3.08347880	     -0.07549042	      3.17304490	      0.02554823	     -0.05399612
      6.78166670	    -14.62321744	      7.03173344	      0.95793975	      4.83003874	    630.64938079	     20.96835570	      2.48107516	     -1.87775211	      1.86773031	      3.08042144	     -0.42664146	     -1.41340646	     26.44170416	      9.77029940	     -1.28316138	     -6.56374815	      5.75002717	      0.46336554	     -0.08279962	     -0.11764581	     -0.12321812	      0.02847975	     -0.06138931
      6.79000000	    -24.89566218	    -21.88410246	     -7.46275527	     14.39917096	    656.99480220	     24.14050888	     -3.87304619	    -14.63065309	     -1.30990127	      1.67536164	    -10.85510968	      0.33901544	     26.93990010	    -11.18764486	     -2.02372929	     -7.72287007	      3.35343364	      0.19681523	     -0.34639424	      0.12613175	     -0.06318728	      0.01718554	      0.02625172
      6.79833330	      0.05230494	     13.44243635	     13.23890054	     -5.94196484	    598.61905335	     -4.08693864	      9.18349088	      9.47168187	      4.72550092	      2.96026987	      9.83762151	     -3.00628135	     30.31472567	     10.06472317	      1.59050693	     -5.16590663	      8.75027647	      0.73659681	      0.21631378	     -0.38578832	     -0.22020873	      0.04021418	     -0.16692855
      6.80666670	    -22.47413659	    -18.58784972	     -6.15636092	     22.26473287	    663.11858577	     33.99061319	     -1.86298952	    -14.06070038	     -0.99543175	      1.61092997	     -9.82256080	      0.20461045	     27.33600216	     -6.74659414	     -2.77697539	     -7.88774742	      3.66927112	      0.19498855	     -0.34151794	      0.11167765	     -0.07454649	      0.01723568	      0.02015453
      6.81500000	     -7.88735539	     -4.81727501	      2.36880209	     20.40440878	    622.03251334	      0.65128804	      5.01164412	     -4.15931058	      1.95023053	      2.61966285	     -1.47511944	     -0.77937257	     28.60446114	     -0.71600495	     -0.50575571	     -6.64683219	      5.38032449	      0.51249987	     -0.70233597	     -0.14112934	      0.53816473	      0.03134082	     -0.06092362
      6.82333330	    -21.38552206	      3.27493900	      4.04850501	     39.19762378	    658.73859294	     51.25500025	      4.06640803	     -6.13219598	      1.11002791	      1.42609053	     -1.72042973	     -0.93933170	     22.73689234	     10.32135016	      0.41224543	     -6.99084829	      5.69692395	      0.38615960	     -0.14343002	     -0.08448732	     -0.12547911	      0.02501752	     -0.05071987
      6.83166670	     36.80711991	    -40.82730693	     -4.17099380	    -64.72553508	    566.46673010	    -83.79551239	      5.69122723	     -7.62807732	      1.48014008	      2.69417737	     -6.06670737	     -0.31614785	     60.34636117	    -31.57255164	     -7.07574543	     -6.75701110	      5.09923532	      0.45501350	     -0.13019130	     -0.10286268	     -0.14683733	      0.02925106	     -0.04084842
      6.84000000	    -52.72256985	     23.96601897	     12.16487498	    114.91468549	    710.09987073	    132.55072183	      6.26751282	     -4.81222095	      1.42719288	      0.48087972	      2.95777358	     -1.49765371	     -0.69323596	     32.84445820	      5.03580183	     -7.16400641	      6.25577451	      0.42282100	     -0.10691593	     -0.14331812	     -0.11279596	      0.02646842	     -0.06992264
      6.84833330	      4.48532781	    -13.13079696	     -2.67922178	      6.26559542	    613.29484104	    -37.04628221	      6.26149715	     -9.16336212	      1.68813869	      4.21852443	     -6.99095937	     -0.01841697	     35.56917389	     -9.36203249	     -2.73610279	     -7.22808794	      5.13112700	      0.47225500	     -0.15342865	     -0.08935708	     -0.15080440	      0.03103932	     -0.02647524
      6.85666670	    -16.22539012	     -3.85036926	      6.52209777	     32.17313377	    653.75690678	     53.60971076	      7.54929319	     -7.27525440	      1.27581463	     -3.78941875	     -0.11312424	      0.19430382	     27.34467604	      7.91931053	      0.32182719	     -7.16457528	      3.85016180	      0.43235332	     -3.10635231	     -0.13064421	      3.12994161	      0.02810099	     -0.05936936
      6.86500000	     -2.09227336	     -6.94626040	      3.77353282	     27.29391781	    628.15662893	      9.56502998	      8.45302501	     -7.47655900	      1.73928192	      1.93089058	     -3.16027677	     -0.47757211	     31.19464747	      0.45015676	     -0.94347042	     -6.64810614	      5.47834262	      0.47260234	     -0.13043412	     -0.14386986	     -0.13955547	      0.02976154	     -0.04517815
      6.87333330	     -8.98348758	     -3.84766321	      8.39948265	     33.15989314	    641.80443762	     63.38311559	      8.97064015	     -6.82768317	      1.48066807	     -0.73811746	      0.87001490	     -1.24037103	     28.68045425	      9.76794200	     -0.37870476	     -6.52662457	      5.86537231	      0.46477474	     -0.11278449	     -0.18785543	     -0.11963047	      0.02879727	     -0.06857148
      6.88166670	      1.09945016	     -8.91075820	     -3.12899121	      9.13301251	    632.59254564	    -27.64877889	      8.18192493	    -12.68392453	      1.35928619	      4.30254422	     -8.05166467	      0.60862665	     32.64033371	     -4.25426607	     -0.85387874	     -6.81499833	      5.04263152	      0.48285389	     -0.17483665	     -0.04658534	     -0.16149732	      0.03246917	     -0.01316088
      6.89000000	     -8.08621037	      5.74754671	     10.12397518	     32.82822537	    627.86861842	     69.50162066	     10.09329324	     -4.73863380	      1.44575889	     -1.72718070	      1.73720376	     -1.00798211	     28.50348751	     16.17376366	      1.03823139	     -5.63327568	      5.95744269	      0.49561611	     -0.47453902	     -0.21689499	      0.29378858	      0.02955799	     -0.07539745
      6.89833330	     -1.98034485	    -15.89580143	      0.36477990	      4.76795355	    638.87929874	      8.04614846	      8.93951281	    -11.78388337	      0.92611405	      0.95878929	     -4.09008318	     -0.14286144	     33.07424959	     -4.08767366	     -1.86524606	     -6.51749563	      5.14612842	     -0.00637247	     -0.14401353	     -0.36723533	     -0.13829867	      0.03170988	     -0.03587899
      6.90666670	     -4.66507009	      3.83240947	      6.15899785	     22.13899128	    624.28311595	     44.24502017	     10.23643327	     -7.44478000	      1.05778753	      0.24793738	     -1.49951160	     -0.62858864	     29.45205307	     11.53490882	      1.17195834	     -4.62831025	      5.67288234	      0.51749871	     -0.12484274	     -0.13830596	     -0.13459592	      0.03071619	     -0.05500307
      6.91500000	    -15.38050853	     -4.78293054	      0.63350779	      4.41169470	    640.19816365	     24.19225950	      4.26499642	     -9.21580024	      2.26141042	     -6.08948747	     -2.38090039	      1.34068646	     32.29130759	      4.06199760	     -1.01808947	     -9.89469503	      2.75432189	     -3.17488881	     -4.36771467	     -2.27321037	      4.53323556	      0.03195553	     -0.04889479
      6.92333330	     -2.97428432	      2.81260502	      3.94742000	      6.98800311	    623.62405102	     33.88518960	     10.57115304	     -8.92919794	      0.15316621	      0.56462247	     -2.38141333	     -0.39140586	     30.66823465	      9.78726569	      2.00494673	     -3.15414504	      5.43782403	      0.54975656	     -0.13715586	     -0.05726913	     -0.13258752	      0.03127887	     -0.04532676
      6.93166670	     -7.78632096	      0.08676039	      0.67405141	      1.03272002	    628.81131074	     28.31334963	     11.50653857	     -7.83043361	     -0.96365335	     -5.57221325	     -2.18101961	      0.92324717	     31.79012016	      5.94017861	     -0.78902671	     -2.23041774	      3.25093263	      0.56740869	     -3.63700591	     -0.01573445	      3.91717894	      0.03127627	     -0.05192170
      6.94000000	     -0.72321398	      3.12524329	      2.31800360	     -5.28196980	    618.14039407	     31.48378505	     12.04972656	     -7.34982269	     -1.44784971	     -0.80565603	     -1.66531799	     -0.24124302	     32.73560570	      8.46472852	      0.84912729	     -1.11121467	      5.45330237	      0.58232196	     -0.13164959	      0.02516692	     -0.13550312	      0.03038690	     -0.04742216
      6.94833330	     -1.23855272	      4.87328670	      0.93467088	     -9.17038328	    611.32877141	     23.64519643	     12.31703338	     -6.87749199	     -2.26430529	     -0.91028606	     -2.61937547	     -0.25781915	     32.02222272	      7.20525575	      0.65980118	     -0.15330089	      5.62969281	      0.61964906	     -0.13323413	      0.05217924	     -0.14765752	      0.03089562	     -0.05059708
      6.95666670	     -0.97682195	      2.52105181	      1.40528557	     -8.21777162	    615.26167032	     32.29287561	     12.29092145	     -6.65900701	     -2.54480686	     -0.64508535	     -1.42849252	     -0.33093167	     32.37642150	      6.78465243	      1.01970477	      0.79584306	      5.49543317	      0.59979988	     -0.14335229	      0.09369322	     -0.12927323	      0.02814144	     -0.04682741
      6.96500000	     -4.60379966	     15.04788500	      0.90746928	      0.60673002	    615.20709300	     22.64635887	     12.99939856	     -2.87955694	     -3.20816156	     -1.01703421	     -0.73430622	     -0.26148793	     29.19961991	     12.86092613	      1.01994742	      1.56743354	      5.73669921	      0.63445911	     -0.10793016	      0.11027635	     -0.14526157	      0.02864401	     -0.05463825
      6.97333330	      4.58871131	      4.47730664	      0.04266680	    -27.26867901	    608.46441900	     25.10875921	     13.64067508	     -5.63209041	     -4.23892036	     -1.80037800	     -3.24438926	      0.13049468	     36.97638497	      4.49596320	      0.57842031	      2.42525379	      5.01389366	      0.62423899	     -0.41440752	      0.16320188	      0.15053719	      0.02674536	     -0.03584904
      6.98166670	     -8.53313623	     10.24872422	      3.23524791	     22.07543518	    625.42102102	     29.34667441	     13.26385595	     -0.41618746	     -3.90254393	     -0.69703412	      6.06430176	     -1.44331222	     26.00352691	     11.27032176	      1.62272034	      3.17961826	      6.96695737	      0.63007095	      0.00533589	      0.15863100	     -0.15462625	      0.02520643	     -0.09848202
      6.99000000	      8.78146573	     14.43927728	     -2.95354332	    -48.92692587	    583.71219043	      5.59566176	     14.75191897	     -5.34694431	     -5.49401878	     -2.02609524	    -10.68422966	      1.57122681	     38.65386350	      5.34590389	      0.73104300	      3.24387073	      3.96591212	      0.62613459	     -0.32396186	      0.19004269	     -0.13006619	      0.02534870	      0.01835558
      6.99833330	     -4.04136968	     15.97507492	      3.81934757	      1.91185683	    620.05729963	     38.20281310	     13.62085796	     -0.05920855	     -4.71937388	     -1.45796799	      2.82325681	     -0.75149853	     30.27261948	     12.93267775	      2.72209822	      3.81442615	      6.16438966	      0.60263205	     -0.22721892	      0.20360700	      0.05361645	      0.02298944	     -0.07421149
      7.00666670	      5.43629023	      4.78993728	     -0.44704160	     -3.03773150	    607.28272276	     -0.02098902	     15.84986038	     -1.96029403	     -5.58591795	     -1.53683869	      0.30157343	     -0.35710727	     35.37842993	      2.35947788	     -0.19105057	      3.31485423	      6.04776187	      0.58664946	     -0.08733244	      0.16833310	     -0.16003119	      0.02286722	     -0.06324685
      7.01500000	     -5.26500945	     17.30818965	      2.90937888	     -8.24791417	    612.25021114	     40.20573481	     14.05247159	     -1.14355666	     -5.44444788	     -2.11269992	     -1.99860762	      0.28343583	     29.43553201	     11.36998783	      3.14746149	      3.60566909	      5.38083831	      0.55705616	     -0.18866918	      0.23954182	     -0.13171859	      0.02191931	     -0.03409121
      7.02333330	      1.15384922	      7.02591597	      1.80447293	      0.89407309	    613.88533650	     14.05273347	     15.42556950	     -0.46691019	     -5.08624840	     -1.81690986	      1.35458961	     -0.52295921	     33.09182737	      4.61912467	      0.60284435	      2.68438136	      6.06193766	      0.51750449	     -0.08920420	      0.16461877	     -0.15540690	      0.02084019	     -0.06422603
      7.03166670	      6.65743303	     16.63862941	      0.80878903	     -7.93830557	    605.44806226	     21.89765920	     14.89855784	     -2.04521680	     -5.31113390	     -1.43980802	     -4.31202287	      0.85865106	     37.07067990	      8.90916374	      3.00483078	      2.35198746	      5.27346123	      0.49668322	     -0.34678113	      0.21669399	      0.01548454	      0.02177134	     -0.02580255
      7.04000000	     -7.50786235	      0.67465139	      5.75475838	    -18.75340832	    633.72664712	     52.19386090	     14.17074565	     -0.02045553	     -5.05020225	     -4.50870986	      7.95954369	     -1.62313496	     32.18885543	      7.33438117	      0.41419818	      1.60767858	      6.12895568	      0.47073017	     -0.15581898	      0.15654897	      0.01230436	      0.02085351	     -0.08398659
      7.04833330	      7.93203630	     20.46470945	     -4.89950144	     13.79556936	    589.83219687	    -22.92137631	     14.95993852	     -3.57372709	     -4.53041019	      0.86316359	    -13.26447267	      2.57559075	     34.02983208	      3.21164173	      3.15424261	      0.44980019	      4.69603793	      0.43155760	     -0.31099947	      0.19320867	     -0.13935357	      0.02277458	      0.01000251
      7.05666670	     -8.30937174	     -2.13755150	     10.74377384	    -14.11203494	    651.12945639	     76.85718050	     13.03867609	      2.64752417	     -4.31602189	     -4.91929991	     13.56618054	     -2.50936299	     34.13818102	      9.31264527	      0.86140199	      0.37685320	      7.09588345	      0.42078384	      0.06161616	      0.08622335	     -0.16805205	      0.02018459	     -0.11651999
      7.06500000	      8.35171292	     14.93434788	     -7.41653998	     -1.73635622	    590.56803493	    -32.53092173	     13.80500717	     -5.58366106	     -3.74562290	      0.43062580	    -13.83016318	      2.48623973	     36.35476597	     -0.67118994	      2.31214276	     -1.65948487	      4.52178493	      0.39022185	     -0.34460925	      0.17433004	     -0.11160142	      0.02505115	      0.01453457
      7.07333330	    -11.60967926	     -2.03643478	     10.53859842	     -0.88771011	    655.99430520	     90.91284683	     12.41674056	      0.68852452	     -3.79897523	     -4.84766175	     12.13318398	     -1.80929862	     32.05219135	     11.13153114	      2.58564256	     -1.30624961	      6.62355339	      0.37267574	      0.03551566	      0.06848757	     -0.16934017	      0.02104473	     -0.09970799
      7.08166670	      0.27052244	      9.28771383	     -4.08567727	     -4.55716967	    605.33346216	    -14.10601556	     12.03209768	     -3.72311488	     -2.73578627	     -1.76064280	     -7.49405517	      1.24989980	     34.78889252	      0.34252629	      1.10026818	     -3.26488563	      4.94908342	      0.37619033	     -0.26537671	      0.09618163	     -0.11602341	      0.02651961	     -0.01275486
      7.09000000	     -1.66337962	      1.67871828	      3.36938267	    -14.44153613	    635.64672817	     42.27866116	     11.24055011	     -1.93747167	     -2.84752647	     -2.62279864	      2.19455259	     -0.15344304	     37.46039911	      4.58238732	      2.77116584	     -3.37810183	      6.07202895	      0.35974831	     -0.09667528	      0.05562793	     -0.15869880	      0.02477703	     -0.06234893
      7.09833330	     -7.99111856	      5.30285693	     -2.01873181	      2.65099498	    623.05157978	     16.54639684	      9.84844098	     -3.08893123	     -1.62461955	     -2.35631805	     -2.87837545	      0.81036314	     32.22474456	      3.30797831	      1.03351985	     -4.24871081	      5.07650171	      0.38121199	     -0.16567363	      0.02179566	     -0.10215179	      0.02746127	     -0.03805120
      7.10666670	     -1.07999796	     -8.50322641	      3.35521355	    -30.79309852	    631.02081924	     45.47555469	     11.02105491	     -5.02654623	     -3.47376403	     -4.19060806	      3.45832704	     -0.54083748	     39.39876851	     -1.53923257	      3.57220357	     -5.12876461	      6.58121499	      0.34593278	     -0.13714985	      0.07008815	     -0.17660885	      0.02779149	     -0.06521100
      7.11500000	    -11.67066520	     14.27169065	     -2.83377373	     16.19730396	    631.66793084	     16.33004300	      7.57116877	     -0.83630266	      0.08771922	     -1.48048514	     -4.58001633	      1.39470990	     30.80497835	      8.75029086	      0.75128131	     -5.39500395	      4.67863807	      0.37620568	     -0.13018916	     -0.03799149	     -0.11144428	      0.02876228	     -0.03290356
      7.12333330	     -6.80416816	    -16.18704969	      2.48567170	    -38.47346693	    639.68260837	     30.44846522	      9.25149616	     -5.56251429	     -2.64721255	     -5.58637634	      6.91142208	     -1.34933212	     38.49553181	     -5.94044478	      2.89454238	     -6.34369422	      5.87596974	      0.37644139	     -0.19972744	      0.03568558	     -0.15159675	      0.03108179	     -0.03763005
      7.13166670	     -7.66978024	     14.55248391	     -3.85167109	      9.34601761	    614.00424481	     24.59785991	      6.40250366	     -1.46535999	      0.35113462	     -0.33269450	    -10.01535160	      2.49781810	     32.65497626	      6.32020167	      1.27122383	     -6.38967267	      5.43628263	      0.37835566	     -0.06576145	     -0.06180421	     -0.13579947	      0.03108483	     -0.06692725
      7.14000000	     -8.47775422	    -16.38655652	     -2.12364330	    -45.92737649	    656.58181807	     48.47366622	      8.64011827	    -10.07398298	     -2.84113673	     -5.15313804	      6.71342041	     -1.09909186	     39.23290833	     -1.74194524	      2.72455540	     -7.73225298	      6.11253519	      0.30796098	     -0.10952795	      0.08708302	     -0.17929989	      0.03042762	     -0.05600385
      7.14833330	    -12.90180339	      6.11349544	     -0.96840102	      6.18792727	    624.38915001	     10.34063359	      5.01152889	      1.18258471	      0.92387169	     -3.09495635	     -3.70880751	      1.38799605	     32.80335466	      1.43233504	      0.49930532	     -7.37689756	      4.95755270	      0.40867039	     -0.14541808	     -0.08732515	     -0.11781893	      0.03453257	     -0.03912026
      7.15666670	    -19.43629148	    -11.23301473	     -1.28531405	    -23.41017788	    646.36246256	     21.71615941	      5.51240005	     -6.14957529	     -1.10414359	    -10.03724219	      4.65794885	      0.41642964	     35.14157606	     -4.72143260	      3.68799632	     -8.15570435	      2.62045700	      0.39512000	     -3.99338124	      0.02609696	      4.25564455	      0.03632124	     -0.02096802
      7.16500000	     -9.54755768	     10.55395744	     -2.06883225	    -13.46182232	    623.86413262	     48.48464967	      4.48228109	     -1.03946248	      0.54082435	     -2.22787637	     -7.30688178	      2.03143956	     35.83475232	      6.84631771	      1.15236807	     -8.45201985	      5.99817910	      0.31253707	     -0.01039129	     -0.06406065	     -0.16778296	      0.03226914	     -0.09088607
      7.17333330	    -15.98834289	    -16.02515166	     -7.95250415	    -41.74137219	    657.07510399	      5.60849828	      5.37301790	     -8.31119484	     -1.64765838	     -4.70937112	      4.49974027	     -0.00382092	     35.59996316	     -6.36475580	      0.78876082	     -9.51643927	      5.29008793	      0.32412310	     -0.26211817	      0.09226868	     -0.00557055	      0.03592339	     -0.03237742
      7.18166670	    -10.98973093	      1.95810017	      2.10911525	    -19.97428100	    627.65826701	     31.64956086	      2.42676884	     -1.57400641	      1.02272185	     -3.63374785	     -2.16154729	      0.30504728	     37.73480212	     -0.08608988	      4.77671326	     -8.93826680	      5.40894291	      0.36491898	     -0.14936219	     -0.05190021	     -0.13823409	      0.03686654	     -0.04919098
      7.19000000	    -19.36437747	     -5.62607705	     -5.28309182	    -14.83588456	    642.37944618	     17.33933899	      3.47723131	     -2.52629961	      0.22232901	     -4.47004632	      0.43170819	      0.75210817	     32.20512003	     -2.14348376	     -0.88320892	     -9.82142507	      5.13313613	      0.32070450	     -0.12579318	      0.02220144	     -0.14435732	      0.03732483	     -0.03943421
      7.19833330	    -14.02036319	      1.27928808	     -0.74804106	    -23.61271884	    635.41624536	     22.26056645	      1.88299280	     -1.69478088	      0.96096758	     -3.87199552	     -0.05070339	      0.78352658	     36.93415353	      1.37245813	      3.66999963	     -9.90199863	      5.87333623	      0.30325416	     -0.13339722	     -0.01782105	     -0.15334241	      0.03679465	     -0.05265247
      7.20666670	    -15.86303452	     -7.55525716	     -3.44008703	    -29.41863075	    643.11281602	     19.88615033	      2.63807293	     -2.73241804	      0.16800104	     -4.16258476	     -0.54575684	      0.51041894	     35.61803091	     -5.05303685	      1.07318032	     -9.86205889	      5.14134832	      0.30541501	     -0.10028202	      0.02878648	     -0.13717721	      0.03748055	     -0.04962611
      7.21500000	    -18.06597618	     -2.75120486	     -2.86461580	    -22.95171148	    636.83905619	     13.01163379	      1.63209709	     -1.51721158	      1.22365680	     -4.15340007	     -0.48986163	      0.79503940	     34.13967995	     -2.31924571	      1.76620834	    -10.30786732	      5.49148561	      0.27985863	     -0.13082314	      0.01698218	     -0.15380773	      0.03779706	     -0.04556347
      7.22333330	    -23.61432863	      0.56051177	     -1.30614971	    -25.10861467	    642.10053501	     16.04102512	     -6.44184724	      0.10334953	      3.78884378	     -4.61248856	     -0.04741398	      0.68354020	     36.92168752	      0.32935844	      2.14482686	    -17.65450225	      5.50020086	     -5.61063363	     -0.11275510	     -2.89575726	     -0.14387658	      0.03864293	     -0.05286556
      7.23166670	    -27.77842771	     -9.21489079	     -4.63026664	    -30.36065608	    648.89431989	      7.31495368	     -6.43740484	     -2.49405673	      4.01587398	     -4.48749422	     -0.14523948	      0.85030220	     33.94537729	     -6.01991166	      1.19470098	    -18.70251874	      5.28251318	     -6.43476923	     -0.12705309	     -2.87447485	     -0.15155883	      0.03697492	     -0.04156233
      7.24000000	    -16.86371157	      3.92275226	      3.34522274	      1.80289833	    628.35133062	     12.18681662	      0.29130355	      3.76116691	      2.10222196	     -3.71897148	     -0.57367395	      0.85996397	     34.32673757	     -1.24799686	      3.50508683	     -8.54371597	      5.50127712	      0.39680142	     -0.09714658	     -0.05053520	     -0.13982300	      0.04205815	     -0.05549300
      7.24833330	    -13.86963940	     -8.36414646	     -6.64107052	    -64.99619524	    649.48162697	     -1.12961047	      3.84263455	     -2.57230189	      1.38078580	     -5.65764182	      0.06387942	      0.86733919	     38.81306991	     -3.40000881	     -0.72719494	    -11.09515859	      5.35966268	      0.13880218	     -0.12808782	      0.11510879	     -0.16017732	      0.03431580	     -0.04337329
      7.25666670	    -19.07179073	      2.87961061	      5.60106314	     -3.95498378	    627.34478484	     11.22748533	      1.03305080	      4.84013798	      2.42094141	     -5.03204048	     -0.93815902	      0.77766205	     33.07578773	     -2.89102372	      4.15611627	     -8.43941437	      5.10267451	      0.36833885	     -0.11310987	     -0.03347655	     -0.13765023	      0.04132165	     -0.04777526
      7.26500000	    -16.15886564	     -6.34808838	     -1.44260852	    -36.39899387	    642.84167766	      7.30458353	      3.81527082	      1.06941430	      1.98479879	     -5.55347618	      0.16177989	      0.82294939	     35.29151289	     -3.82266429	      0.12491572	     -9.81503485	      5.34283971	      0.19298718	     -0.12613397	      0.07117675	     -0.15298344	      0.03524650	     -0.04593345
      7.27333330	    -14.71260344	     -9.33618652	     -4.37451158	    -50.92672400	    648.35610040	      5.18671704	      5.08681079	     -0.25895271	      1.62058560	     -5.84776058	      0.43409242	      0.83573787	     36.38171198	     -4.08321611	     -1.41947557	    -10.29164453	      5.36937433	      0.11223673	     -0.12953140	      0.13863203	     -0.15832837	      0.03251965	     -0.04461314
