Coordinates
version=1
nRows=874
nColumns=24
inDegrees=yes

Units are S.I. units (second, meters, Newtons, ...)
Angles are in degrees.

endheader
time	pelvis_tilt	pelvis_list	pelvis_rotation	pelvis_tx	pelvis_ty	pelvis_tz	hip_flexion_r	hip_adduction_r	hip_rotation_r	knee_angle_r	ankle_angle_r	subtalar_angle_r	mtp_angle_r	hip_flexion_l	hip_adduction_l	hip_rotation_l	knee_angle_l	ankle_angle_l	subtalar_angle_l	mtp_angle_l	lumbar_extension	lumbar_bending	lumbar_rotation
     -0.00166667	    -13.68780109	     10.41161717	     -5.63695052	     -0.88746761	      0.74713719	     -0.28805353	     36.04290299	    -26.31697245	    -46.75716615	    -55.71536965	     39.57870336	     25.61205861	      0.00000000	     31.93058050	     -2.39024471	    -16.07509794	    -57.11946112	   -132.28832766	   -226.30394303	      0.00000000	    -10.58003969	      2.63474065	     -3.54872114
      0.00666667	    -13.74079168	     10.31544325	     -5.47800053	     -0.88566908	      0.74689502	     -0.28664308	     35.76582694	    -26.25153162	    -47.09016649	    -55.74398922	     39.80236927	     25.73977500	      0.00000000	     32.75091786	     -2.68572343	    -15.98212038	    -57.97262924	   -132.29561512	   -226.60972074	      0.00000000	    -10.54357929	      2.61586089	     -3.25224082
      0.01500000	    -13.80220878	     10.23998712	     -5.32573161	     -0.88388227	      0.74666637	     -0.28529283	     35.51234482	    -26.20799986	    -47.41206808	    -55.77728290	     39.99590236	     25.86095509	      0.00000000	     33.55805157	     -2.94671233	    -15.95067183	    -58.65990216	   -132.26769312	   -226.90425624	      0.00000000	    -10.49706834	      2.57432163	     -2.95999131
      0.02333333	    -13.86070180	     10.17884138	     -5.18112023	     -0.88209551	      0.74646694	     -0.28399087	     35.26594610	    -26.16940006	    -47.70631391	    -55.79817882	     40.19425245	     25.98691993	      0.00000000	     34.33912343	     -3.18609254	    -15.98902697	    -59.18737611	   -132.19544757	   -227.16842180	      0.00000000	    -10.45575407	      2.51632451	     -2.67571628
      0.03166667	    -13.92185440	     10.12276590	     -5.04154373	     -0.88031821	      0.74628367	     -0.28273075	     35.03085331	    -26.12789993	    -47.97874363	    -55.81067430	     40.38331802	     26.09445371	      0.00000000	     35.10372903	     -3.41026869	    -16.08067229	    -59.56234368	   -132.07216922	   -227.39118867	      0.00000000	    -10.41536556	      2.45082115	     -2.39731310
      0.04000000	    -13.98670257	     10.07539786	     -4.90972274	     -0.87856019	      0.74611483	     -0.28151549	     34.81359909	    -26.08529544	    -48.22496012	    -55.81825979	     40.57595795	     26.19069768	      0.00000000	     35.85237875	     -3.61658401	    -16.23542007	    -59.78519727	   -131.90361641	   -227.57649762	      0.00000000	    -10.37335127	      2.37443180	     -2.12225249
      0.04833333	    -14.05299931	     10.03941743	     -4.78363963	     -0.87680017	      0.74597519	     -0.28034002	     34.59857656	    -26.04268733	    -48.45491980	    -55.79924247	     40.76996744	     26.28601095	      0.00000000	     36.57238083	     -3.80717926	    -16.45971030	    -59.84703962	   -131.70982135	   -227.73692727	      0.00000000	    -10.33003760	      2.28332102	     -1.85358345
      0.05666667	    -14.12132018	     10.00902116	     -4.66287515	     -0.87505195	      0.74584148	     -0.27920999	     34.39732062	    -26.00214646	    -48.66469837	    -55.78225141	     40.96730845	     26.36999801	      0.00000000	     37.27147467	     -3.98279491	    -16.74452272	    -59.76425206	   -131.49020593	   -227.86451600	      0.00000000	    -10.28713168	      2.18647554	     -1.58978065
      0.06500000	    -14.19409696	      9.97961354	     -4.54017087	     -0.87332013	      0.74572001	     -0.27812852	     34.20253070	    -25.95979219	    -48.86789536	    -55.75487861	     41.15813602	     26.43887948	      0.00000000	     37.95004988	     -4.15021750	    -17.09103747	    -59.53602722	   -131.23800614	   -227.96757088	      0.00000000	    -10.24302053	      2.08722109	     -1.33943311
      0.07333333	    -14.27251918	      9.95710311	     -4.42476695	     -0.87160590	      0.74560636	     -0.27708578	     34.02429598	    -25.91798494	    -49.05259393	    -55.72297651	     41.35346047	     26.49052844	      0.00000000	     38.60313735	     -4.29887719	    -17.49487801	    -59.15920364	   -130.98308706	   -228.03497283	      0.00000000	    -10.19853763	      1.97675670	     -1.08950724
      0.08166667	    -14.35742374	      9.93481064	     -4.30725445	     -0.86990031	      0.74551035	     -0.27608432	     33.84746937	    -25.86590230	    -49.23397786	    -55.66670046	     41.53296495	     26.53524738	      0.00000000	     39.22686345	     -4.43464886	    -17.95702571	    -58.62841557	   -130.67554634	   -228.08489455	      0.00000000	    -10.14619989	      1.86427478	     -0.85586154
      0.09000000	    -14.44690715	      9.91870135	     -4.19082838	     -0.86820730	      0.74542075	     -0.27513516	     33.68478757	    -25.81954406	    -49.39833294	    -55.61035940	     41.71673864	     26.56630865	      0.00000000	     39.81560991	     -4.54885762	    -18.47786257	    -57.94853335	   -130.37164646	   -228.09711795	      0.00000000	    -10.09210825	      1.74548390	     -0.63006080
      0.09833333	    -14.53822935	      9.91593053	     -4.07227307	     -0.86651676	      0.74535279	     -0.27426461	     33.53070707	    -25.79234564	    -49.55635508	    -55.55473452	     41.88292820	     26.57781717	      0.00000000	     40.35969449	     -4.62040747	    -19.04916442	    -57.10911461	   -130.02146995	   -228.02852684	      0.00000000	    -10.03781734	      1.61769087	     -0.41712542
      0.10666667	    -14.64387222	      9.92143522	     -3.95796876	     -0.86485328	      0.74527486	     -0.27343317	     33.40594247	    -25.75902608	    -49.67513118	    -55.48668079	     42.07013505	     26.58499114	      0.00000000	     40.87267216	     -4.67047093	    -19.68294159	    -56.12575230	   -129.70403003	   -227.90243454	      0.00000000	     -9.97232430	      1.47437357	     -0.21369685
      0.11500000	    -14.74910494	      9.93086000	     -3.84691304	     -0.86318489	      0.74521099	     -0.27264691	     33.28591157	    -25.72518655	    -49.77902403	    -55.41176303	     42.25528329	     26.56772694	      0.00000000	     41.32957484	     -4.69759120	    -20.37828944	    -54.99568642	   -129.42594895	   -227.85964420	      0.00000000	     -9.90805070	      1.32745733	     -0.01499315
      0.12333333	    -14.86515474	      9.95533757	     -3.73466096	     -0.86152722	      0.74514862	     -0.27193282	     33.19005757	    -25.70530026	    -49.85529292	    -55.33541333	     42.44152135	     26.54166063	      0.00000000	     41.74004525	     -4.67678418	    -21.12108515	    -53.71173471	   -129.16524061	   -227.74232038	      0.00000000	     -9.83384338	      1.16587410	      0.17119472
      0.13166667	    -14.98479734	      9.99097548	     -3.62605162	     -0.85986764	      0.74509147	     -0.27127418	     33.10655889	    -25.69439679	    -49.91388617	    -55.25620649	     42.63322709	     26.51160700	      0.00000000	     42.09248727	     -4.61522079	    -21.91682158	    -52.28055511	   -128.93620969	   -227.61270869	      0.00000000	     -9.75642955	      0.99161825	      0.34861853
      0.14000000	    -15.11025633	     10.03983586	     -3.51620062	     -0.85820241	      0.74504187	     -0.27068988	     33.03750839	    -25.69854311	    -49.94997938	    -55.17526564	     42.82652915	     26.48156375	      0.00000000	     42.38346641	     -4.50262000	    -22.75987962	    -50.69427272	   -128.74867920	   -227.47018290	      0.00000000	     -9.67360827	      0.80645188	      0.51205189
      0.14833333	    -15.23774042	     10.10487169	     -3.41111900	     -0.85652475	      0.74499873	     -0.27016902	     32.97939833	    -25.72429608	    -49.97920494	    -55.10042813	     43.01430514	     26.44318054	      0.00000000	     42.60347623	     -4.33344817	    -23.64872184	    -48.95056698	   -128.60701255	   -227.33868179	      0.00000000	     -9.58910156	      0.60299574	      0.67024016
      0.15666667	    -15.36601322	     10.19686875	     -3.30716204	     -0.85483038	      0.74497565	     -0.26973511	     32.93592589	    -25.78149426	    -49.97804804	    -55.02730306	     43.21905585	     26.41300563	      0.00000000	     42.74474411	     -4.07914249	    -24.56547185	    -47.03092537	   -128.50933138	   -227.15397358	      0.00000000	     -9.50415447	      0.37179188	      0.81226350
      0.16500000	    -15.49413422	     10.31136985	     -3.20806307	     -0.85310853	      0.74496615	     -0.26938304	     32.90462030	    -25.87367519	    -49.96538856	    -54.97074300	     43.39029856	     26.38509854	      0.00000000	     42.79955556	     -3.75583650	    -25.53911048	    -44.93773751	   -128.46496206	   -227.05137355	      0.00000000	     -9.41835975	      0.12014665	      0.94523474
      0.17333333	    -15.61894054	     10.46408613	     -3.11122252	     -0.85135747	      0.74499210	     -0.26913661	     32.88447360	    -26.01723811	    -49.93376766	    -54.92446114	     43.56197906	     26.36996857	      0.00000000	     42.75574570	     -3.30428993	    -26.49755244	    -42.62975309	   -128.47735968	   -226.87048658	      0.00000000	     -9.33819115	     -0.17219304	      1.06045095
      0.18166667	    -15.74638206	     10.66481788	     -3.02554707	     -0.84956761	      0.74504463	     -0.26900832	     32.89448074	    -26.22073460	    -49.85744022	    -54.89634735	     43.71074167	     26.38688261	      0.00000000	     42.60461076	     -2.72572506	    -27.48161360	    -40.08779611	   -128.54926992	   -226.72429195	      0.00000000	     -9.25013048	     -0.50583699	      1.17451363
      0.19000000	    -15.86298103	     10.92678351	     -2.93564100	     -0.84772143	      0.74515390	     -0.26904349	     32.90640050	    -26.52386931	    -49.78587612	    -54.89663998	     43.84856873	     26.43449478	      0.00000000	     42.32038765	     -1.95711745	    -28.41331031	    -37.25995436	   -128.66120210	   -226.45504960	      0.00000000	     -9.17342720	     -0.89880579	      1.25451112
      0.19833333	    -15.96710901	     11.26377589	     -2.86587393	     -0.84580986	      0.74532939	     -0.26922317	     32.94379359	    -26.92286632	    -49.66501406	    -54.92676779	     43.96242345	     26.51991459	      0.00000000	     41.87334202	     -0.97440904	    -29.26783135	    -34.08064480	   -128.84040918	   -226.14603337	      0.00000000	     -9.10785248	     -1.36653313	      1.33215767
      0.20666667	    -16.05601798	     11.72334068	     -2.81078211	     -0.84380796	      0.74560603	     -0.26964152	     33.00938203	    -27.49400596	    -49.50977158	    -55.00131729	     44.07127545	     26.70127396	      0.00000000	     41.20676238	      0.34536783	    -29.92133144	    -30.38682669	   -129.04460578	   -225.57197689	      0.00000000	     -9.05376033	     -1.95145897	      1.39238524
      0.21500000	    -16.10272508	     12.40990925	     -2.78187291	     -0.84165716	      0.74612813	     -0.27045142	     33.13013560	    -28.36522480	    -49.24828571	    -55.15325798	     44.09586955	     26.98136944	      0.00000000	     40.12224597	      2.26478545	    -30.11097909	    -25.73669742	   -129.33031876	   -224.51955102	      0.00000000	     -9.04111301	     -2.75436459	      1.41693051
      0.22333333	    -13.65126575	      9.93217881	     -4.80881644	     -0.83120439	      0.74193894	     -0.26563012	     29.10869840	    -25.78810914	    -50.71286616	    -55.53348339	     45.89327471	     28.66635016	      0.00000000	     14.19309722	    -16.91390908	     65.85521736	     47.93568043	   -116.40836372	   -126.99136539	      0.00000000	    -10.64741467	     -0.74280825	      3.44338609
      0.23166667	    -13.75460640	      9.80591361	     -4.78558983	     -0.82908456	      0.74134441	     -0.26539612	     28.99646471	    -25.63004803	    -50.72012536	    -55.50818846	     46.17767190	     28.62551047	      0.00000000	     14.03382139	    -15.58582228	     61.96364774	     46.63263861	   -115.73343111	   -130.25265683	      0.00000000	    -10.54053729	     -0.75959139	      3.60891536
      0.24000000	    -13.84499769	      9.62322923	     -4.75616460	     -0.82690071	      0.74071633	     -0.26514925	     28.82179407	    -25.42562143	    -50.81057478	    -55.46854568	     46.45587873	     28.60582168	      0.00000000	     13.98843175	    -14.37202866	     58.30432459	     45.43333155	   -115.24727152	   -133.35819164	      0.00000000	    -10.44748598	     -0.72026918	      3.76485897
      0.24833333	    -13.91929513	      9.40795638	     -4.72024198	     -0.82464427	      0.74007000	     -0.26491640	     28.59430820	    -25.19870680	    -50.95698815	    -55.41423433	     46.77828010	     28.60501568	      0.00000000	     14.03007330	    -13.24178420	     54.86392413	     44.24742781	   -115.64357817	   -136.50315567	      0.00000000	    -10.36980216	     -0.64926114	      3.90561869
      0.25666667	    -13.99387226	      9.15640039	     -4.70139179	     -0.82234523	      0.73938442	     -0.26464693	     28.37806575	    -24.90700120	    -51.05251418	    -55.35377145	     47.04031985	     28.52394870	      0.00000000	     14.14501514	    -12.24832423	     51.65692008	     43.19471544	   -116.06372618	   -139.48066528	      0.00000000	    -10.28981513	     -0.54690145	      4.06019802
      0.26500000	    -14.06159259	      8.90880196	     -4.70419436	     -0.81997710	      0.73866898	     -0.26437932	     28.16033619	    -24.61614808	    -51.12817388	    -55.29370264	     47.36632127	     28.48675679	      0.00000000	     14.30058608	    -11.33879377	     48.66372680	     42.21989028	   -116.84568053	   -142.34287241	      0.00000000	    -10.21080117	     -0.45522866	      4.22669628
      0.27333333	    -14.11917877	      8.64651358	     -4.73260103	     -0.81753466	      0.73794208	     -0.26408110	     27.93615868	    -24.29820334	    -51.17905839	    -55.23375507	     47.66988066	     28.45727690	      0.00000000	     14.47056035	    -10.56573446	     45.93375406	     41.37785517	   -117.70829200	   -145.02038391	      0.00000000	    -10.13806937	     -0.35587330	      4.41136489
      0.28166667	    -14.15173268	      8.38120402	     -4.76646760	     -0.81499413	      0.73725206	     -0.26380574	     27.67433327	    -23.97810241	    -51.23336707	    -55.16213183	     47.96739064	     28.39746993	      0.00000000	     14.63070011	     -9.90206918	     43.49781272	     40.64904345	   -118.57715055	   -147.45769463	      0.00000000	    -10.08951229	     -0.25675213	      4.58624934
      0.29000000	    -14.16290419	      8.12243883	     -4.81572602	     -0.81235487	      0.73658987	     -0.26354115	     27.38754812	    -23.66037990	    -51.27229384	    -55.07847297	     48.29371833	     28.33481750	      0.00000000	     14.76357907	     -9.35475693	     41.37582742	     40.04857513	   -119.38679550	   -149.60880978	      0.00000000	    -10.05905621	     -0.17027578	      4.76345350
      0.29833333	    -14.15440696	      7.86324497	     -4.88025520	     -0.80962246	      0.73595956	     -0.26327710	     27.07526244	    -23.33351623	    -51.29590106	    -54.97801017	     48.63327508	     28.26615080	      0.00000000	     14.85976442	     -8.94835737	     39.61526176	     39.58687377	   -120.07566824	   -151.44588590	      0.00000000	    -10.04649141	     -0.08949991	      4.94499883
      0.30666667	    -14.12643823	      7.60470685	     -4.93461222	     -0.80680389	      0.73538962	     -0.26307153	     26.73420415	    -23.00667623	    -51.30618286	    -54.86144963	     48.95338242	     28.14188678	      0.00000000	     14.92316557	     -8.65710676	     38.22996258	     39.23317867	   -120.56848148	   -152.93705027	      0.00000000	    -10.05436003	     -0.00697160	      5.09963034
      0.31500000	    -14.08389023	      7.35896023	     -5.02016375	     -0.80389564	      0.73484425	     -0.26284543	     26.38077848	    -22.68617977	    -51.29930372	    -54.73818857	     49.30059287	     28.06265017	      0.00000000	     14.92580789	     -8.50393590	     37.20295373	     39.00015435	   -121.14372096	   -154.10589564	      0.00000000	    -10.07259503	      0.05142963	      5.28007628
      0.32333333	    -14.02811683	      7.11510975	     -5.11191091	     -0.80091195	      0.73433678	     -0.26264260	     26.01627027	    -22.36052092	    -51.26234685	    -54.60606301	     49.63646457	     27.95730864	      0.00000000	     14.88412899	     -8.49971931	     36.59984382	     38.90234262	   -121.47133350	   -154.83761930	      0.00000000	    -10.10293585	      0.10527855	      5.45839006
      0.33166667	    -13.94722267	      6.91328049	     -5.20809290	     -0.79783243	      0.73391664	     -0.26251147	     25.62900739	    -22.08909847	    -51.20922170	    -54.47242028	     49.96368684	     27.85103663	      0.00000000	     14.78259856	     -8.52031716	     36.24034308	     38.83569464	   -121.80207773	   -155.19858691	      0.00000000	    -10.15864191	      0.11309864	      5.61759064
      0.34000000	    -13.84189131	      6.75668965	     -5.30632768	     -0.79465722	      0.73356269	     -0.26246921	     25.20919745	    -21.90268400	    -51.19230347	    -54.36381511	     50.28914706	     27.82522770	      0.00000000	     14.62636963	     -8.57715912	     36.15704102	     38.84427266	   -121.85936143	   -155.17910853	      0.00000000	    -10.23553047	      0.07261433	      5.76133508
      0.34833333	    -13.71951992	      6.61566661	     -5.41420980	     -0.79140224	      0.73328441	     -0.26245070	     24.78063613	    -21.71550932	    -51.12458613	    -54.23196138	     50.60267898	     27.73178135	      0.00000000	     14.41211697	     -8.67740908	     36.23701115	     38.88907342	   -121.95260070	   -155.13036340	      0.00000000	    -10.32963046	      0.01107318	      5.90465354
      0.35666667	    -13.61582336	      6.46216608	     -5.50970249	     -0.78815097	      0.73301204	     -0.26246643	     24.41370653	    -21.45273812	    -50.88965725	    -54.05441553	     50.93663010	     27.43128971	      0.00000000	     14.23379146	     -8.95731847	     36.82082379	     39.02388760	   -121.92443400	   -154.41262748	      0.00000000	    -10.40771608	     -0.03314258	      6.03523972
      0.36500000	    -13.49362466	      6.35023272	     -5.59641596	     -0.78480879	      0.73280628	     -0.26257373	     23.99796152	    -21.28649933	    -50.75229271	    -53.90085159	     51.26765727	     27.26153165	      0.00000000	     14.01500256	     -9.21689046	     37.50364319	     39.17313316	   -121.88551999	   -153.69973844	      0.00000000	    -10.50143707	     -0.12136446	      6.14123266
      0.37333333	    -13.35154407	      6.26034626	     -5.68718500	     -0.78139698	      0.73267080	     -0.26272944	     23.56878579	    -21.15098149	    -50.59521306	    -53.75625689	     51.55823720	     27.07915980	      0.00000000	     13.76409753	     -9.50929841	     38.34931651	     39.38239184	   -121.52702065	   -152.60168624	      0.00000000	    -10.61678465	     -0.23440504	      6.24049824
      0.38166667	    -13.19730662	      6.19065328	     -5.77210952	     -0.77791711	      0.73260020	     -0.26295118	     23.12378344	    -21.04522223	    -50.43305001	    -53.60816129	     51.81609406	     26.89572582	      0.00000000	     13.48787207	     -9.80611175	     39.27429426	     39.61318197	   -121.16739920	   -151.44809627	      0.00000000	    -10.74367473	     -0.36734091	      6.32066966
      0.39000000	    -13.04558626	      6.14305661	     -5.84572826	     -0.77440501	      0.73256313	     -0.26324032	     22.68632067	    -20.97136842	    -50.26053753	    -53.46656483	     52.08421009	     26.72257810	      0.00000000	     13.22091494	    -10.10543880	     40.29156307	     39.85434879	   -120.77347349	   -150.22253457	      0.00000000	    -10.86839895	     -0.52154374	      6.38541639
      0.39833333	    -12.90557459	      6.12696876	     -5.90294544	     -0.77088012	      0.73255496	     -0.26362813	     22.26659102	    -20.94643805	    -50.08895691	    -53.33291575	     52.35284552	     26.54783870	      0.00000000	     12.98469825	    -10.37573214	     41.36434474	     40.06168704	   -120.54923963	   -149.06029494	      0.00000000	    -10.98189610	     -0.70287371	      6.42159219
      0.40666667	    -12.73744012	      6.11227054	     -5.95706548	     -0.76726702	      0.73262772	     -0.26404587	     21.80373895	    -20.93107815	    -49.92735603	    -53.19556298	     52.55564972	     26.38973432	      0.00000000	     12.69128540	    -10.64902017	     42.41219790	     40.34496530	   -119.94651997	   -147.70729972	      0.00000000	    -11.12517554	     -0.88715826	      6.45007749
      0.41500000	    -12.58211064	      6.12330861	     -6.00069758	     -0.76364656	      0.73272667	     -0.26454515	     21.35813282	    -20.96029702	    -49.77604741	    -53.07136248	     52.75033864	     26.24076897	      0.00000000	     12.42237964	    -10.87818641	     43.43674871	     40.58800055	   -119.50679677	   -146.49880270	      0.00000000	    -11.25770469	     -1.09182520	      6.46150040
      0.42333333	    -12.43508733	      6.15844802	     -6.03132719	     -0.76001023	      0.73285055	     -0.26512431	     20.92449036	    -21.03097137	    -49.62891939	    -52.95899811	     52.93586576	     26.12192390	      0.00000000	     12.16495335	    -11.06652297	     44.42803341	     40.81852627	   -119.14002895	   -145.39480179	      0.00000000	    -11.38289880	     -1.31625558	      6.45343841
      0.43166667	    -12.29408521	      6.20792026	     -6.03189095	     -0.75635903	      0.73302143	     -0.26580225	     20.48064614	    -21.14065175	    -49.53246915	    -52.85152436	     53.07188853	     25.99723850	      0.00000000	     11.92169140	    -11.19676164	     45.36108532	     41.00698271	   -118.85635640	   -144.39480424	      0.00000000	    -11.50584100	     -1.54802507	      6.40684586
      0.44000000	    -12.15197472	      6.26831555	     -6.03181039	     -0.75267548	      0.73322770	     -0.26652429	     20.03615545	    -21.27102848	    -49.43568657	    -52.75254460	     53.17503179	     25.90879365	      0.00000000	     11.65623041	    -11.29482352	     46.20388708	     41.21564847	   -118.47446262	   -143.44491562	      0.00000000	    -11.63134909	     -1.78628555	      6.35725372
      0.44833333	    -12.01867018	      6.34518242	     -6.02180715	     -0.74898401	      0.73346036	     -0.26731400	     19.60032669	    -21.43496147	    -49.35382318	    -52.66557079	     53.25237304	     25.83802228	      0.00000000	     11.39030490	    -11.33780002	     46.94705453	     41.40643148	   -118.09196929	   -142.64453119	      0.00000000	    -11.75189848	     -2.03606434	      6.29564381
      0.45666667	    -11.87704431	      6.43447203	     -6.00963259	     -0.74525657	      0.73376290	     -0.26814405	     19.14871954	    -21.60999641	    -49.26521257	    -52.55767486	     53.33439772	     25.80952288	      0.00000000	     11.08215998	    -11.29416142	     47.48677058	     41.53806146	   -117.89728469	   -142.10660953	      0.00000000	    -11.88613212	     -2.29647230	      6.22165683
      0.46500000	    -11.77638629	      6.53526777	     -5.97055502	     -0.74157751	      0.73400535	     -0.26907560	     18.74484807	    -21.84014723	    -49.23674200	    -52.51212768	     53.35361104	     25.77846243	      0.00000000	     10.84863265	    -11.27526393	     48.15607886	     41.71591175	   -117.53701710	   -141.48031109	      0.00000000	    -11.97983701	     -2.55749298	      6.12131492
      0.47333333	    -11.67679963	      6.65642479	     -5.92763244	     -0.73787651	      0.73431520	     -0.27006204	     18.34265638	    -22.07809844	    -49.18471520	    -52.43293771	     53.38363835	     25.68357745	      0.00000000	     10.57744788	    -11.12985310	     48.56013937	     41.80227647	   -117.34816162	   -141.24859530	      0.00000000	    -12.07578890	     -2.83536293	      6.01074716
      0.48166667	    -11.59146355	      6.76390189	     -5.87190730	     -0.73419172	      0.73461109	     -0.27109690	     17.94744126	    -22.33405080	    -49.17880978	    -52.40111851	     53.32833920	     25.71787546	      0.00000000	     10.33305146	    -11.03743670	     49.06797223	     41.94754991	   -117.01673738	   -140.78847244	      0.00000000	    -12.16502812	     -3.08879600	      5.88917788
      0.49000000	    -11.52337800	      6.87316032	     -5.79135613	     -0.73051649	      0.73492657	     -0.27220787	     17.58922564	    -22.57200997	    -49.10796058	    -52.36156106	     53.27578117	     25.58268209	      0.00000000	     10.07660534	    -10.85793688	     49.37754945	     42.01630153	   -116.93637320	   -140.76628977	      0.00000000	    -12.24363646	     -3.33262606	      5.73407389
      0.49833333	    -11.46187937	      6.99156492	     -5.71395245	     -0.72684271	      0.73525939	     -0.27334778	     17.23056509	    -22.83378876	    -49.07398959	    -52.32672150	     53.21210241	     25.51101168	      0.00000000	      9.82257515	    -10.66307204	     49.67772584	     42.08758328	   -116.79051049	   -140.67735168	      0.00000000	    -12.31980097	     -3.58668293	      5.58378908
      0.50666667	    -11.41300933	      7.10449525	     -5.64549149	     -0.72316990	      0.73557388	     -0.27450903	     16.88230371	    -23.12712707	    -49.09459449	    -52.34857821	     53.07503765	     25.57608557	      0.00000000	      9.57183601	    -10.49030180	     49.98990674	     42.21099461	   -116.38108446	   -140.47479608	      0.00000000	    -12.38276497	     -3.82680256	      5.44231657
      0.51500000	    -11.37850612	      7.18673133	     -5.56391880	     -0.71952126	      0.73590904	     -0.27567471	     16.57370872	    -23.33431711	    -48.99940381	    -52.33607770	     52.91869189	     25.43544962	      0.00000000	      9.32402877	    -10.32456070	     50.24389694	     42.28164378	   -116.35300660	   -140.50976351	      0.00000000	    -12.44210899	     -4.03058358	      5.28984712
      0.52333333	    -11.35829933	      7.28779855	     -5.45677164	     -0.71588268	      0.73625317	     -0.27694954	     16.27276300	    -23.58802949	    -48.94764440	    -52.34048969	     52.78994142	     25.31537747	      0.00000000	      9.09518834	    -10.09122845	     50.45648479	     42.31601326	   -116.18367778	   -140.54326903	      0.00000000	    -12.49275351	     -4.24128265	      5.10388547
      0.53166667	    -11.34194872	      7.37024789	     -5.36400548	     -0.71225007	      0.73660299	     -0.27819847	     15.99745502	    -23.82083312	    -48.86154507	    -52.38027558	     52.58067202	     25.19792809	      0.00000000	      8.84904056	     -9.88267758	     50.63060371	     42.36885687	   -116.00363860	   -140.61186036	      0.00000000	    -12.54489979	     -4.43120809	      4.93821551
      0.54000000	    -11.33523941	      7.44465907	     -5.27111284	     -0.70862209	      0.73693878	     -0.27947469	     15.75779252	    -24.05374693	    -48.74066272	    -52.46608206	     52.34948648	     25.05267747	      0.00000000	      8.59405993	     -9.66910613	     50.75394027	     42.42752509	   -115.77956283	   -140.72824563	      0.00000000	    -12.58893894	     -4.60783827	      4.76000931
      0.54833333	    -11.33303257	      7.50070965	     -5.18107097	     -0.70499924	      0.73728234	     -0.28074783	     15.54481830	    -24.25959406	    -48.57307780	    -52.57401971	     52.07625395	     24.85849641	      0.00000000	      8.33439933	     -9.47413443	     50.86564968	     42.48451839	   -115.60404475	   -140.86419945	      0.00000000	    -12.63421478	     -4.76247656	      4.58824400
      0.55666667	    -11.33812772	      7.54947500	     -5.10039502	     -0.70138861	      0.73761596	     -0.28201669	     15.38299947	    -24.45528841	    -48.33436326	    -52.73063249	     51.77166237	     24.59219538	      0.00000000	      8.06498842	     -9.28057499	     50.92710607	     42.54482218	   -115.41878731	   -141.05136008	      0.00000000	    -12.67387480	     -4.90767779	      4.42489069
      0.56500000	    -11.34481408	      7.57621592	     -5.01543935	     -0.69778432	      0.73796322	     -0.28329224	     15.25620357	    -24.62427865	    -48.03362093	    -52.93322684	     51.41007615	     24.27090182	      0.00000000	      7.79098737	     -9.10331212	     50.97854872	     42.59490960	   -115.27559873	   -141.24761275	      0.00000000	    -12.71929585	     -5.02488146	      4.25158659
      0.57333333	    -11.34312807	      7.59202656	     -4.94170578	     -0.69417233	      0.73832545	     -0.28455675	     15.17718931	    -24.77159644	    -47.61881914	    -53.19035973	     51.01344983	     23.86276395	      0.00000000	      7.49517812	     -8.93146392	     50.99681180	     42.64076195	   -115.13774835	   -141.48571308	      0.00000000	    -12.77757589	     -5.12974461	      4.08068539
      0.58166667	    -11.34399581	      7.58790529	     -4.86594857	     -0.69057041	      0.73868575	     -0.28582460	     15.14859010	    -24.90320617	    -47.13644131	    -53.52224792	     50.54140665	     23.38034514	      0.00000000	      7.19391973	     -8.77950079	     51.00171315	     42.68884616	   -115.02932586	   -141.72706713	      0.00000000	    -12.83864659	     -5.20874737	      3.90559824
      0.59000000	    -11.34723845	      7.56773855	     -4.79701638	     -0.68698142	      0.73903938	     -0.28707956	     15.19118907	    -25.02393973	    -46.55680450	    -53.95100149	     49.98543344	     22.81365633	      0.00000000	      6.88635927	     -8.64716225	     50.98897732	     42.74155024	   -114.92764814	   -141.97370337	      0.00000000	    -12.90003138	     -5.26802191	      3.73123934
      0.59833333	    -11.34245696	      7.52931473	     -4.73385508	     -0.68338992	      0.73940302	     -0.28831766	     15.29714663	    -25.12173550	    -45.86320478	    -54.47023751	     49.35011170	     22.13845481	      0.00000000	      6.55831079	     -8.53341129	     50.95448898	     42.79985930	   -114.83373093	   -142.23444885	      0.00000000	    -12.97377673	     -5.30635706	      3.55514151
      0.60666667	    -11.33487636	      7.47558817	     -4.67820623	     -0.67980798	      0.73976258	     -0.28954134	     15.48401247	    -25.20794513	    -45.05320652	    -55.10522504	     48.61892037	     21.36355052	      0.00000000	      6.21993950	     -8.43915393	     50.90606442	     42.86339072	   -114.74728337	   -142.50026962	      0.00000000	    -13.05447968	     -5.32545978	      3.37859151
      0.61500000	    -11.32057547	      7.40638933	     -4.62888703	     -0.67623290	      0.74012205	     -0.29074622	     15.75449284	    -25.27742193	    -44.11636467	    -55.86082085	     47.78777495	     20.47594096	      0.00000000	      5.86631497	     -8.36503946	     50.84405819	     42.93580090	   -114.66599485	   -142.77265908	      0.00000000	    -13.14647414	     -5.32646374	      3.20076915
      0.62333333	    -11.29813419	      7.32137199	     -4.58603339	     -0.67266455	      0.74048071	     -0.29192921	     16.11293521	    -25.32931952	    -43.05368988	    -56.74470782	     46.85155328	     19.47369052	      0.00000000	      5.49627377	     -8.31207325	     50.77016108	     43.01642738	   -114.59019443	   -143.05070699	      0.00000000	    -13.25080810	     -5.30816963	      3.02134578
      0.63166667	    -11.27076312	      7.22385989	     -4.55205279	     -0.66911050	      0.74082764	     -0.29308694	     16.57015902	    -25.36697474	    -41.86839511	    -57.76677224	     45.80579331	     18.36071293	      0.00000000	      5.11546825	     -8.27957745	     50.68882670	     43.10688090	   -114.51718164	   -143.33001504	      0.00000000	    -13.36333057	     -5.27435123	      2.84158161
      0.64000000	    -11.23204322	      7.09347820	     -4.51935091	     -0.66556044	      0.74117718	     -0.29420065	     17.10569924	    -25.35711159	    -40.57959898	    -58.90760220	     44.64667452	     17.10952571	      0.00000000	      4.70413061	     -8.28577820	     50.57244555	     43.21740289	   -114.45642745	   -143.62510500	      0.00000000	    -13.49294993	     -5.20334284	      2.65841965
      0.64833333	    -11.19294626	      6.97365809	     -4.49858734	     -0.66204348	      0.74149646	     -0.29530881	     17.76071099	    -25.36331855	    -39.17958126	    -60.20517788	     43.38110045	     15.80705045	      0.00000000	      4.30287332	     -8.29181389	     50.48214126	     43.32778857	   -114.38632152	   -143.89826921	      0.00000000	    -13.62509956	     -5.14046892	      2.47172550
      0.65666667	    -11.15088921	      6.84247895	     -4.48390658	     -0.65855502	      0.74179196	     -0.29638724	     18.51379729	    -25.34905232	    -37.69827569	    -61.62995404	     42.01843304	     14.43755024	      0.00000000	      3.89612970	     -8.32282387	     50.39644125	     43.45450261	   -114.31116148	   -144.16535095	      0.00000000	    -13.76446480	     -5.06245242	      2.28347412
      0.66500000	    -11.10574456	      6.70264339	     -4.47459803	     -0.65509406	      0.74205882	     -0.29743579	     19.35765058	    -25.31717550	    -36.16073887	    -63.16948062	     40.57113406	     13.03018422	      0.00000000	      3.48510765	     -8.37514346	     50.31703528	     43.59483086	   -114.23174673	   -144.42211654	      0.00000000	    -13.91054772	     -4.97188282	      2.09127158
      0.67333333	    -11.06727837	      6.58342171	     -4.47161934	     -0.65168781	      0.74227558	     -0.29849307	     20.30791654	    -25.31697260	    -34.59579714	    -64.83073692	     39.06512074	     11.67984653	      0.00000000	      3.10438132	     -8.42204466	     50.29592102	     43.73190937	   -114.14414250	   -144.65194226	      0.00000000	    -14.05308252	     -4.89629894	      1.89102474
      0.68166667	    -11.02050303	      6.43263630	     -4.46909207	     -0.64830006	      0.74247272	     -0.29948479	     21.31052655	    -25.25132406	    -33.02298303	    -66.53863356	     37.51281783	     10.27864332	      0.00000000	      2.69448184	     -8.51126719	     50.23699859	     43.89904991	   -114.04861186	   -144.87550112	      0.00000000	    -14.20763691	     -4.78628990	      1.68667894
      0.69000000	    -10.96728521	      6.27720168	     -4.46986152	     -0.64494047	      0.74264234	     -0.30044756	     22.36161222	    -25.17351831	    -31.48351894	    -68.28888851	     35.96312769	      8.94600031	      0.00000000	      2.27885401	     -8.61665065	     50.18849366	     44.07826259	   -113.94921218	   -145.08933465	      0.00000000	    -14.37309608	     -4.66556637	      1.47707626
      0.69833333	    -10.92158298	      6.12808226	     -4.46908462	     -0.64163085	      0.74276149	     -0.30139528	     23.46779130	    -25.10629804	    -30.01325317	    -70.06393370	     34.44408364	      7.73328488	      0.00000000	      1.88104689	     -8.72758222	     50.16383514	     44.26185297	   -113.84651911	   -145.28409404	      0.00000000	    -14.53474605	     -4.54448591	      1.25467632
      0.70666667	    -10.86067124	      5.95794626	     -4.47376305	     -0.63832941	      0.74286340	     -0.30228094	     24.57783982	    -24.99437933	    -28.61610065	    -71.80094037	     33.01046121	      6.59795969	      0.00000000	      1.44586819	     -8.86885164	     50.10120741	     44.47628537	   -113.72471796	   -145.47742045	      0.00000000	    -14.71464336	     -4.39726947	      1.03571581
      0.71500000	    -10.81759333	      5.82603872	     -4.47039085	     -0.63510598	      0.74290535	     -0.30320539	     25.74257860	    -24.94674215	    -27.32689575	    -73.52045079	     31.69070473	      5.69792347	      0.00000000	      1.07304661	     -8.98086552	     50.12885979	     44.66259468	   -113.61512441	   -145.64146092	      0.00000000	    -14.87965085	     -4.28055022	      0.78968818
      0.72333333	    -10.77128997	      5.68525242	     -4.46775606	     -0.63190706	      0.74291916	     -0.30409218	     26.90236202	    -24.88345060	    -26.15965601	    -75.15057266	     30.52667687	      4.93675435	      0.00000000	      0.68722723	     -9.10927406	     50.13867814	     44.86789414	   -113.49295537	   -145.79139864	      0.00000000	    -15.05138957	     -4.14634392	      0.53990697
      0.73166667	    -10.72754539	      5.55267766	     -4.46000232	     -0.62874729	      0.74289781	     -0.30497225	     28.06014485	    -24.83660642	    -25.13141226	    -76.67619045	     29.55075305	      4.36112844	      0.00000000	      0.31211970	     -9.23434983	     50.16353276	     45.07406413	   -113.36691132	   -145.92972270	      0.00000000	    -15.22337314	     -4.01015565	      0.27716620
      0.74000000	    -10.68494199	      5.43075929	     -4.44923660	     -0.62562448	      0.74285199	     -0.30583400	     29.21129654	    -24.79737511	    -24.23295786	    -78.07167419	     28.78610050	      3.95517150	      0.00000000	     -0.05336955	     -9.35046606	     50.19905533	     45.27378940	   -113.23180300	   -146.05899487	      0.00000000	    -15.39636818	     -3.87958193	      0.00416783
      0.74833333	    -10.64382664	      5.31889504	     -4.43267892	     -0.62253526	      0.74278259	     -0.30669771	     30.34328687	    -24.77718981	    -23.48701204	    -79.31356911	     28.24338303	      3.72124095	      0.00000000	     -0.40975810	     -9.45712571	     50.24473402	     45.47163488	   -113.09224054	   -146.17928878	      0.00000000	    -15.57081826	     -3.74614487	     -0.28326239
      0.75666667	    -10.61880996	      5.21067684	     -4.40340909	     -0.61949546	      0.74266784	     -0.30755558	     31.46255923	    -24.77644029	    -22.91690580	    -80.38947782	     27.92180971	      3.64974417	      0.00000000	     -0.74036695	     -9.56466929	     50.30251806	     45.66654603	   -112.97785825	   -146.28996405	      0.00000000	    -15.72953842	     -3.60320888	     -0.58538451
      0.76500000	    -10.58487626	      5.12654474	     -4.37376267	     -0.61647458	      0.74256015	     -0.30842031	     32.55304802	    -24.78622241	    -22.45980957	    -81.27505040	     27.83139365	      3.68203420	      0.00000000	     -1.06770076	     -9.63881724	     50.37289049	     45.84227051	   -112.84331080	   -146.39939878	      0.00000000	    -15.90231008	     -3.47515619	     -0.89740644
      0.77333333	    -10.55387475	      5.05553829	     -4.33592474	     -0.61347785	      0.74243825	     -0.30927725	     33.61330159	    -24.81170518	    -22.15476538	    -81.96728807	     27.94270471	      3.81266577	      0.00000000	     -1.38390631	     -9.69620790	     50.44869453	     46.00642705	   -112.70178653	   -146.50803656	      0.00000000	    -16.07183525	     -3.35138530	     -1.22577826
      0.78166667	    -10.52328885	      4.99917871	     -4.28947496	     -0.61049625	      0.74230954	     -0.31013816	     34.63861864	    -24.85125922	    -21.99175142	    -82.45981961	     28.22730618	      4.01351523	      0.00000000	     -1.69030428	     -9.73239934	     50.53287612	     46.15555360	   -112.55117858	   -146.61811708	      0.00000000	    -16.24029765	     -3.23076172	     -1.56820893
      0.79000000	    -10.49032911	      4.93166012	     -4.23675244	     -0.60752595	      0.74218244	     -0.31096473	     35.60684396	    -24.85928370	    -21.97067405	    -82.73028899	     28.68985063	      4.26388142	      0.00000000	     -2.00389354	     -9.78308285	     50.60922548	     46.30634407	   -112.47322187	   -146.70556053	      0.00000000	    -16.41459637	     -3.08566260	     -1.91204085
      0.79833333	    -10.47126701	      4.92082106	     -4.17679520	     -0.60459397	      0.74202387	     -0.31184350	     36.58195550	    -24.94776991	    -22.07566049	    -82.83225023	     29.24062028	      4.53245063	      0.00000000	     -2.27244758	     -9.76445887	     50.72662711	     46.42849430	   -112.30615724	   -146.84585901	      0.00000000	    -16.57068768	     -2.98703508	     -2.27428006
      0.80666667	    -10.44761247	      4.89695179	     -4.10881081	     -0.60165474	      0.74187924	     -0.31267849	     37.48909023	    -24.99373566	    -22.30681754	    -82.71376934	     29.91264130	      4.79792213	      0.00000000	     -2.55588123	     -9.75238866	     50.81325710	     46.54302862	   -112.18326089	   -146.96083916	      0.00000000	    -16.73168432	     -2.86542757	     -2.64176984
      0.81500000	    -10.43144367	      4.88440485	     -4.02860012	     -0.59872871	      0.74173644	     -0.31351044	     38.35884356	    -25.02878739	    -22.64074103	    -82.39614259	     30.64130416	      5.03659182	      0.00000000	     -2.82458396	     -9.71632595	     50.89364461	     46.63102868	   -112.09248915	   -147.06518637	      0.00000000	    -16.88358553	     -2.74263564	     -3.02598236
      0.82333333	    -10.41109248	      4.88942081	     -3.94496190	     -0.59579708	      0.74158131	     -0.31433665	     39.18463714	    -25.09197624	    -23.10031314	    -81.91782844	     31.39582977	      5.28206191	      0.00000000	     -3.09027984	     -9.66474632	     50.99613413	     46.71794999	   -111.97833472	   -147.21369723	      0.00000000	    -17.03712942	     -2.62593014	     -3.40527004
      0.83166667	    -10.39277127	      4.90276512	     -3.85330219	     -0.59286083	      0.74143374	     -0.31514107	     39.96242801	    -25.14029122	    -23.65110675	    -81.26118128	     32.14016409	      5.49586672	      0.00000000	     -3.35510804	     -9.59476971	     51.08195550	     46.78958263	   -111.87625745	   -147.36414796	      0.00000000	    -17.18429344	     -2.51036233	     -3.79651491
      0.84000000	    -10.37543686	      4.91971596	     -3.75514662	     -0.58991306	      0.74128825	     -0.31591380	     40.68433409	    -25.18933719	    -24.31808788	    -80.44822896	     32.85115296	      5.69641465	      0.00000000	     -3.61918983	     -9.51687109	     51.16025403	     46.85088779	   -111.77213313	   -147.54928005	      0.00000000	    -17.32692821	     -2.39110047	     -4.18570050
      0.84833333	    -10.35999571	      4.94903633	     -3.65593944	     -0.58695311	      0.74113680	     -0.31665767	     41.36552983	    -25.22735992	    -25.05314609	    -79.49355502	     33.52364799	      5.86393634	      0.00000000	     -3.88386507	     -9.41799323	     51.22213572	     46.89628801	   -111.69174004	   -147.73303322	      0.00000000	    -17.46035193	     -2.27706918	     -4.57566789
      0.85666667	    -10.34958435	      4.97893204	     -3.54658529	     -0.58398296	      0.74098453	     -0.31737606	     41.99646168	    -25.26119168	    -25.88555455	    -78.41306251	     34.10353422	      6.02478949	      0.00000000	     -4.14914604	     -9.31069061	     51.26154849	     46.93302953	   -111.62229959	   -147.95311104	      0.00000000	    -17.58615803	     -2.15098116	     -4.96416536
      0.86500000	    -10.33699882	      5.02414275	     -3.44195332	     -0.58098904	      0.74082725	     -0.31805286	     42.58194786	    -25.28959242	    -26.77751042	    -77.21980808	     34.62492546	      6.17661093	      0.00000000	     -4.41980080	     -9.18064892	     51.28632065	     46.95411432	   -111.57609858	   -148.19036049	      0.00000000	    -17.70531728	     -2.03884344	     -5.34519796
      0.87333333	    -10.31231415	      5.08931647	     -3.34309597	     -0.57795689	      0.74066990	     -0.31868559	     43.11429432	    -25.31123597	    -27.71123261	    -75.92384935	     35.10982645	      6.30271744	      0.00000000	     -4.70560719	     -9.03437396	     51.32086915	     46.97468818	   -111.53969961	   -148.38868386	      0.00000000	    -17.82931208	     -1.94607637	     -5.71641948
      0.88166667	    -10.31813869	      5.13955278	     -3.22970036	     -0.57493688	      0.74047538	     -0.31927742	     43.61057582	    -25.34635468	    -28.79071728	    -74.56066520	     35.41501394	      6.51875300	      0.00000000	     -4.97415852	     -8.88600273	     51.28345535	     46.98007955	   -111.52600042	   -148.72318048	      0.00000000	    -17.91337560	     -1.82757168	     -6.09014405
      0.89000000	    -10.30743015	      5.20880854	     -3.12466619	     -0.57186596	      0.74028795	     -0.31982144	     44.04497979	    -25.37273344	    -29.90639225	    -73.11682186	     35.68755850	      6.73527375	      0.00000000	     -5.26542931	     -8.71648588	     51.24437259	     46.97854276	   -111.53228387	   -149.02898130	      0.00000000	    -18.00654223	     -1.72913120	     -6.44863621
      0.89833333	    -10.29865005	      5.28664162	     -3.02099707	     -0.56876363	      0.74008318	     -0.32032025	     44.42851277	    -25.40690004	    -31.10298614	    -71.61912090	     35.87574357	      7.01791985	      0.00000000	     -5.56186130	     -8.53812886	     51.19269464	     46.97410446	   -111.54431691	   -149.35242223	      0.00000000	    -18.08808700	     -1.63632168	     -6.79470618
      0.90666667	    -10.29034068	      5.37615329	     -2.91784349	     -0.56562952	      0.73986367	     -0.32077180	     44.76008566	    -25.44945055	    -32.37558290	    -70.08247625	     35.98389358	      7.38108915	      0.00000000	     -5.86286562	     -8.34271497	     51.12451737	     46.95953664	   -111.56632411	   -149.69494158	      0.00000000	    -18.15961417	     -1.55425798	     -7.13520486
      0.91500000	    -10.28255967	      5.46495141	     -2.81686764	     -0.56245710	      0.73962310	     -0.32116270	     45.03313767	    -25.48662880	    -33.72710553	    -68.51628502	     36.01733739	      7.84018828	      0.00000000	     -6.17234689	     -8.15574060	     51.04975670	     46.95354349	   -111.57967386	   -150.02756196	      0.00000000	    -18.22049777	     -1.47106489	     -7.45744834
      0.92333333	    -10.27509764	      5.56981468	     -2.71434618	     -0.55925031	      0.73936752	     -0.32151916	     45.25393171	    -25.54645389	    -35.15996396	    -66.94732148	     35.96645152	      8.43048357	      0.00000000	     -6.48487048	     -7.94466839	     50.95978374	     46.93287591	   -111.60481966	   -150.38777555	      0.00000000	    -18.27120799	     -1.40122065	     -7.77419414
      0.93166667	    -10.26820326	      5.67571712	     -2.61370514	     -0.55600022	      0.73908985	     -0.32181731	     45.41728673	    -25.60459922	    -36.66557645	    -65.38654655	     35.83840015	      9.16166736	      0.00000000	     -6.80398797	     -7.73738599	     50.86469766	     46.91580982	   -111.62691545	   -150.75032512	      0.00000000	    -18.31001831	     -1.33306044	     -8.07549026
      0.94000000	    -10.26380412	      5.78959872	     -2.51436506	     -0.55270758	      0.73878600	     -0.32206670	     45.53155617	    -25.66919347	    -38.22827858	    -63.85506774	     35.63715523	     10.04720412	      0.00000000	     -7.12518106	     -7.52973238	     50.77407243	     46.90296919	   -111.64158808	   -151.11172087	      0.00000000	    -18.33611860	     -1.27252011	     -8.36154411
      0.94833333	    -10.26027038	      5.90935660	     -2.41394489	     -0.54937186	      0.73846361	     -0.32227383	     45.59784742	    -25.73802645	    -39.83243850	    -62.37457188	     35.35390155	     11.07898228	      0.00000000	     -7.44687804	     -7.31711524	     50.68529694	     46.88367744	   -111.65161095	   -151.47245907	      0.00000000	    -18.34986869	     -1.21716262	     -8.63849132
      0.95666667	    -10.24612868	      5.99715361	     -2.31682149	     -0.54598285	      0.73813844	     -0.32237949	     45.59627514	    -25.75050519	    -41.44772753	    -60.94572773	     34.96251524	     12.19057298	      0.00000000	     -7.79927694	     -7.16084916	     50.58528543	     46.90186199	   -111.63015888	   -151.79514272	      0.00000000	    -18.36592075	     -1.13145287	     -8.88122371
      0.96500000	    -10.25557733	      6.14241579	     -2.21091299	     -0.54257308	      0.73776120	     -0.32253103	     45.60276733	    -25.85664144	    -43.07273658	    -59.65088976	     34.49795043	     13.51259478	      0.00000000	     -8.09802317	     -6.93195023	     50.53453443	     46.87041212	   -111.61545189	   -152.15162577	      0.00000000	    -18.34387686	     -1.09947166	     -9.13809559
      0.97333333	    -10.25669873	      6.28300830	     -2.10592873	     -0.53910202	      0.73738535	     -0.32262701	     45.57326911	    -25.93681313	    -44.62319348	    -58.45907971	     33.96173901	     14.87248486	      0.00000000	     -8.41380575	     -6.71268038	     50.47958247	     46.84061278	   -111.60828690	   -152.50350582	      0.00000000	    -18.32062668	     -1.06338731	     -9.37658576
      0.98166667	    -10.26228704	      6.43685261	     -1.99517792	     -0.53559104	      0.73699803	     -0.32270529	     45.53617038	    -26.03079191	    -46.08007011	    -57.40718584	     33.35285465	     16.26467778	      0.00000000	     -8.71469430	     -6.48289704	     50.45198395	     46.79399432	   -111.59799233	   -152.85865681	      0.00000000	    -18.28328182	     -1.03974769	     -9.61021728
      0.99000000	    -10.26312690	      6.59369447	     -1.88157681	     -0.53201775	      0.73661637	     -0.32275674	     45.48784332	    -26.11778309	    -47.38759073	    -56.49677389	     32.69375602	     17.61170850	      0.00000000	     -9.01869470	     -6.25640606	     50.44785076	     46.74267235	   -111.58212553	   -153.20286660	      0.00000000	    -18.24031380	     -1.01611639	     -9.83292154
      0.99833333	    -10.26502117	      6.75474019	     -1.75739048	     -0.52839313	      0.73623998	     -0.32279602	     45.44298273	    -26.20268769	    -48.50838027	    -55.73462522	     32.02366317	     18.85441013	      0.00000000	     -9.31368396	     -6.02777919	     50.46927859	     46.67411403	   -111.56281910	   -153.53410210	      0.00000000	    -18.18708744	     -0.99395214	    -10.05166381
      1.00666670	    -10.26459331	      6.91659964	     -1.63777102	     -0.52471422	      0.73587667	     -0.32278519	     45.40559941	    -26.27039225	    -49.41297114	    -55.11686417	     31.36619071	     19.92743226	      0.00000000	     -9.60562913	     -5.81000798	     50.51906970	     46.60076239	   -111.53505623	   -153.85048595	      0.00000000	    -18.12685628	     -0.97659365	    -10.24607617
      1.01500000	    -10.26367844	      7.07111665	     -1.50210949	     -0.52098161	      0.73553620	     -0.32276639	     45.38306824	    -26.32415736	    -50.05921167	    -54.64653015	     30.74130452	     20.79803880	      0.00000000	     -9.89106982	     -5.60655650	     50.59882720	     46.51735012	   -111.49057922	   -154.15177974	      0.00000000	    -18.06020750	     -0.94406341	    -10.44374167
      1.02333330	    -10.26730124	      7.21745802	     -1.36269806	     -0.51720053	      0.73521315	     -0.32270622	     45.38435903	    -26.34905704	    -50.43598331	    -54.30330077	     30.19240965	     21.41232577	      0.00000000	    -10.16670453	     -5.42029394	     50.69988021	     46.42494797	   -111.44064783	   -154.42713680	      0.00000000	    -17.97960083	     -0.90472788	    -10.62717421
      1.03166670	    -10.25445346	      7.35351505	     -1.22168832	     -0.51334179	      0.73493965	     -0.32260352	     45.38571361	    -26.35225388	    -50.54973205	    -54.08978656	     29.73078229	     21.77690263	      0.00000000	    -10.45771072	     -5.25727195	     50.82965574	     46.32920879	   -111.39152301	   -154.68234454	      0.00000000	    -17.90863207	     -0.85633554	    -10.79592456
      1.04000000	    -10.22893013	      7.47120984	     -1.07091897	     -0.50941820	      0.73470630	     -0.32245935	     45.38913737	    -26.33066706	    -50.41539655	    -53.99424722	     29.38566963	     21.86634714	      0.00000000	    -10.75642899	     -5.14055200	     51.01384391	     46.24511899	   -111.34546075	   -154.84496131	      0.00000000	    -17.84522391	     -0.78723398	    -10.96010787
      1.04833330	    -10.20369999	      7.58587769	     -0.91438856	     -0.50543172	      0.73452637	     -0.32229199	     45.37640158	    -26.33356796	    -50.16335579	    -54.01220243	     29.11751082	     21.84877609	      0.00000000	    -11.04749574	     -5.02325499	     51.21169835	     46.13416282	   -111.27209022	   -155.05371251	      0.00000000	    -17.77342068	     -0.71440945	    -11.11307237
      1.05666670	    -10.16697703	      7.69416911	     -0.77358308	     -0.50137858	      0.73440075	     -0.32204256	     45.38307568	    -26.27557986	    -49.62556433	    -54.08251920	     29.00251638	     21.56990473	      0.00000000	    -11.37185588	     -4.89747317	     51.33442595	     46.01145759	   -111.20437517	   -155.37485038	      0.00000000	    -17.70538893	     -0.64457898	    -11.23844960
      1.06500000	    -10.13378708	      7.78551540	     -0.61601858	     -0.49728808	      0.73430915	     -0.32176945	     45.37488560	    -26.24785314	    -49.03974059	    -54.26119628	     28.94677734	     21.17835041	      0.00000000	    -11.66882390	     -4.82107997	     51.54987660	     45.88447588	   -111.17009041	   -155.59758465	      0.00000000	    -17.62965491	     -0.55576184	    -11.36197015
      1.07333330	    -10.08750704	      7.85797819	     -0.46147917	     -0.49313922	      0.73429202	     -0.32142933	     45.33747672	    -26.18987266	    -48.35181473	    -54.46902240	     28.99751065	     20.65033378	      0.00000000	    -11.98346091	     -4.76880376	     51.75669720	     45.75307172	   -111.11656452	   -155.80133628	      0.00000000	    -17.56219621	     -0.45176006	    -11.47144891
      1.08166670	    -10.03595517	      7.91360224	     -0.30927809	     -0.48894797	      0.73432709	     -0.32102093	     45.26846769	    -26.13403396	    -47.65157287	    -54.71882643	     29.11530028	     20.08377545	      0.00000000	    -12.30444945	     -4.74830333	     51.97341917	     45.62446459	   -111.07279514	   -155.97419649	      0.00000000	    -17.49683191	     -0.33507571	    -11.56195336
      1.09000000	     -9.98043585	      7.95003927	     -0.16909888	     -0.48472193	      0.73441593	     -0.32052320	     45.16959968	    -26.06658504	    -46.95491229	    -54.99075449	     29.28369477	     19.49508447	      0.00000000	    -12.63203025	     -4.75975696	     52.18623779	     45.49980646	   -111.03386863	   -156.11960567	      0.00000000	    -17.43141880	     -0.20921705	    -11.62675593
      1.09833330	     -9.92544696	      7.97301795	     -0.03464659	     -0.48047315	      0.73455622	     -0.31995533	     45.03304054	    -26.01183340	    -46.32447072	    -55.27558799	     29.48649420	     18.94319513	      0.00000000	    -12.95663680	     -4.79803776	     52.40723642	     45.37689062	   -110.99940769	   -156.23507671	      0.00000000	    -17.36188705	     -0.07588002	    -11.67420032
      1.10666670	     -9.87115062	      7.98184234	      0.09282116	     -0.47621391	      0.73475023	     -0.31931434	     44.85903373	    -25.95820632	    -45.76330210	    -55.55129179	     29.73349138	     18.42475947	      0.00000000	    -13.27564753	     -4.86208643	     52.63654829	     45.25452032	   -110.96661556	   -156.32025479	      0.00000000	    -17.29272783	      0.06283070	    -11.70288410
      1.11500000	     -9.82335134	      7.98165041	      0.19930697	     -0.47195845	      0.73497887	     -0.31857935	     44.66135171	    -25.91302389	    -45.29318286	    -55.82405437	     29.97393164	     17.97068474	      0.00000000	    -13.58885750	     -4.95140240	     52.86422322	     45.14801446	   -110.94008584	   -156.35603883	      0.00000000	    -17.21573950	      0.19838521	    -11.69472577
      1.12333330	     -9.77895335	      7.97017592	      0.30174085	     -0.46770497	      0.73526964	     -0.31777823	     44.41270284	    -25.88041667	    -44.94891762	    -56.06381515	     30.24783204	     17.62295946	      0.00000000	    -13.88633104	     -5.06119452	     53.10851417	     45.03247766	   -110.91392680	   -156.35489498	      0.00000000	    -17.13581396	      0.33825306	    -11.67969156
      1.13166670	     -9.74219594	      7.95752443	      0.39001247	     -0.46347450	      0.73560550	     -0.31691198	     44.13900728	    -25.86227545	    -44.70643063	    -56.27916395	     30.51081889	     17.36852133	      0.00000000	    -14.16959019	     -5.18166113	     53.35970865	     44.92230428	   -110.89195442	   -156.30585786	      0.00000000	    -17.05156582	      0.47041796	    -11.64314839
      1.14000000	     -9.71675449	      7.93547126	      0.45469172	     -0.45926765	      0.73596237	     -0.31593443	     43.84402763	    -25.83141702	    -44.55821219	    -56.45739770	     30.80131024	     17.16275551	      0.00000000	    -14.43096636	     -5.34119241	     53.64542059	     44.83863243	   -110.87106098	   -156.18906468	      0.00000000	    -16.95669538	      0.59416009	    -11.56671254
      1.14833330	     -9.70070528	      7.90288736	      0.50698273	     -0.45510046	      0.73635888	     -0.31487779	     43.51903496	    -25.79370505	    -44.51303551	    -56.59200045	     31.08540763	     17.03992382	      0.00000000	    -14.65721054	     -5.55011724	     54.01276289	     44.78380604	   -110.83157568	   -155.93302564	      0.00000000	    -16.85714254	      0.71775621	    -11.46855618
      1.15666670	     -9.69036061	      7.87195528	      0.55171279	     -0.45096425	      0.73679945	     -0.31377390	     43.16067171	    -25.78411097	    -44.59357808	    -56.70969631	     31.34116637	     17.05856898	      0.00000000	    -14.84943621	     -5.78887047	     54.46633633	     44.74941070	   -110.75097384	   -155.52588781	      0.00000000	    -16.75657845	      0.83368752	    -11.36260372
      1.16500000	     -9.70233487	      7.87657592	      0.58588912	     -0.44689156	      0.73727470	     -0.31265670	     42.80608886	    -25.81894494	    -44.75227055	    -56.79829079	     31.59042497	     17.19168626	      0.00000000	    -14.96487931	     -6.01313279	     55.05113512	     44.71304075	   -110.54966480	   -154.93326536	      0.00000000	    -16.63973129	      0.90477377	    -11.24447036
      1.17333330	     -9.70876638	      7.85982140	      0.59984308	     -0.44282079	      0.73777631	     -0.31142924	     42.41305279	    -25.82143922	    -44.98258540	    -56.85474742	     31.85815910	     17.38421715	      0.00000000	    -15.09835166	     -6.28815444	     55.62279253	     44.72221234	   -110.46577181	   -154.35660229	      0.00000000	    -16.53109042	      0.98326949	    -11.09662836
      1.18166670	     -9.72823622	      7.85328786	      0.60603189	     -0.43879988	      0.73831874	     -0.31017138	     42.01024690	    -25.82545870	    -45.26344946	    -56.87150462	     32.11639966	     17.65446792	      0.00000000	    -15.17086947	     -6.58211853	     56.31486292	     44.74570207	   -110.29030920	   -153.58123451	      0.00000000	    -16.41490860	      1.04613180	    -10.94039434
      1.19000000	     -9.74045288	      7.84716090	      0.59819751	     -0.43479458	      0.73888832	     -0.30884235	     41.58786773	    -25.81365105	    -45.56730430	    -56.86759704	     32.37308527	     17.94673548	      0.00000000	    -15.22607125	     -6.93186795	     57.11711387	     44.84096672	   -110.02559278	   -152.61595100	      0.00000000	    -16.31205473	      1.09765928	    -10.76365154
      1.19833330	     -9.77157666	      7.87170503	      0.59012494	     -0.43084343	      0.73946836	     -0.30752426	     41.17827357	    -25.84685594	    -45.91500205	    -56.86547147	     32.61237700	     18.33819496	      0.00000000	    -15.20609755	     -7.27973150	     58.06152368	     44.93172595	   -109.91102050	   -151.57041583	      0.00000000	    -16.19411924	      1.11239951	    -10.58831734
      1.20666670	     -9.78445323	      7.87756206	      0.57243185	     -0.42689418	      0.74008514	     -0.30613088	     40.73311744	    -25.83172132	    -46.26378785	    -56.82841311	     32.85883901	     18.69492618	      0.00000000	    -15.16968780	     -7.72089787	     59.14953984	     45.12226718	   -109.63879467	   -150.27616504	      0.00000000	    -16.09955537	      1.13975008	    -10.39784596
      1.21500000	     -9.81826313	      7.92429365	      0.54816351	     -0.42300008	      0.74068683	     -0.30475657	     40.32482794	    -25.86319438	    -46.60762554	    -56.80714036	     33.09577952	     19.13557837	      0.00000000	    -15.04857292	     -8.15393684	     60.39593551	     45.32666396	   -109.47143098	   -148.82295594	      0.00000000	    -15.98733706	      1.11980452	    -10.20401063
      1.22333330	     -9.84045728	      7.96655769	      0.52890544	     -0.41911861	      0.74131646	     -0.30335606	     39.89548589	    -25.87403982	    -46.94218858	    -56.76361032	     33.33435161	     19.54318638	      0.00000000	    -14.88322922	     -8.65862694	     61.81267334	     45.60279612	   -109.30634814	   -147.17327235	      0.00000000	    -15.89176235	      1.10087032	    -10.01246394
      1.23166670	     -9.85837181	      8.01160928	      0.50940883	     -0.41526278	      0.74194796	     -0.30193626	     39.46294077	    -25.87606943	    -47.26112319	    -56.71139678	     33.58021522	     19.94595168	      0.00000000	    -14.65662310	     -9.22794612	     63.41223848	     45.95357254	   -109.16531894	   -145.31360142	      0.00000000	    -15.80583603	      1.07555250	     -9.81635217
      1.24000000	     -9.87949044	      8.05925766	      0.50353392	     -0.41145266	      0.74256802	     -0.30052450	     39.03662167	    -25.87085087	    -47.55517741	    -56.64643114	     33.82754352	     20.30506064	      0.00000000	    -14.32614920	     -9.88010048	     65.27102254	     46.39861229	   -108.96878340	   -143.24640398	      0.00000000	    -15.72008452	      1.04561313	     -9.63131826
      1.24833330	     -9.90173224	      8.11907069	      0.49876936	     -0.40767803	      0.74315202	     -0.29912537	     38.63143304	    -25.88443119	    -47.82462755	    -56.61023980	     34.07600288	     20.65323657	      0.00000000	    -13.91181452	    -10.58233940	     67.31857969	     46.92017606	   -108.91812383	   -140.96132500	      0.00000000	    -15.63694588	      1.00433028	     -9.44295780
      1.25666670	     -9.92850916	      8.17811723	      0.50339023	     -0.40395089	      0.74371060	     -0.29772721	     38.23348255	    -25.88744190	    -48.07158384	    -56.56089050	     34.33686040	     20.98767991	      0.00000000	    -13.38687975	    -11.35188363	     69.58471982	     47.51496011	   -109.03522054	   -138.43584617	      0.00000000	    -15.55207920	      0.96030260	     -9.26049893
      1.26500000	     -9.95910793	      8.23393771	      0.52231472	     -0.40028017	      0.74422934	     -0.29634761	     37.84449870	    -25.88858759	    -48.30643571	    -56.51175710	     34.60451831	     21.29336257	      0.00000000	    -12.73464341	    -12.19088154	     72.08773453	     48.18592181	   -109.39745723	   -135.66245458	      0.00000000	    -15.46952200	      0.92052125	     -9.08684420
      1.27333330	     -9.99703669	      8.25711268	      0.55732846	     -0.39666780	      0.74468562	     -0.29494767	     37.44680749	    -25.86378668	    -48.57708232	    -56.45827578	     34.88775843	     21.61654649	      0.00000000	    -11.94169371	    -13.14167968	     74.82862769	     48.95221578	   -110.14289103	   -132.63076787	      0.00000000	    -15.38091861	      0.91223061	     -8.91672894
      1.28166670	    -10.05510630	      8.27583542	      0.61773004	     -0.39316281	      0.74506480	     -0.29359113	     37.09340376	    -25.83001673	    -48.79773921	    -56.40893723	     35.16767870	     21.84192076	      0.00000000	    -10.92701259	    -14.16729903	     77.92013971	     49.82470185	   -111.06043352	   -129.20564394	      0.00000000	    -15.27845547	      0.90950262	     -8.76461548
      1.29000000	    -10.13941619	      8.32011330	      0.69954368	     -0.38978217	      0.74536444	     -0.29233069	     36.80927325	    -25.82159619	    -48.94004415	    -56.37244338	     35.46029128	     21.98196155	      0.00000000	     -9.66897487	    -15.18646480	     81.34387354	     50.72424214	   -112.64293493	   -125.37875696	      0.00000000	    -15.15846401	      0.88818748	     -8.63086066
      1.29833330	    -10.26709858	      8.31633920	      0.80868634	     -0.38654881	      0.74551632	     -0.29106786	     36.56977713	    -25.76437161	    -49.09302397	    -56.32961119	     35.78540310	     22.10869884	      0.00000000	     -8.10782068	    -16.31248708	     85.15916948	     51.69697682	   -115.29932070	   -121.10149403	      0.00000000	    -14.99539647	      0.91438032	     -8.50376181
      1.30666670	    -10.41297346	      8.29183665	      0.95340828	     -0.38344442	      0.74558715	     -0.28987068	     36.34801405	    -25.70767607	    -49.27204112	    -56.29373358	     36.10260674	     22.19407216	      0.00000000	     -6.23361927	    -17.46380997	     89.38684052	     52.73957791	   -118.76968404	   -116.30127384	      0.00000000	    -14.82437265	      0.96698671	     -8.40215697
      1.31500000	    -10.57353970	      8.25704801	      1.11766138	     -0.38043623	      0.74558061	     -0.28873847	     36.14668305	    -25.65793852	    -49.46390075	    -56.26964838	     36.41419437	     22.26081119	      0.00000000	     -4.13446036	    -18.56170703	     93.78443344	     53.85830373	   -122.59829931	   -111.31943507	      0.00000000	    -14.64231731	      1.03457440	     -8.31744327
      1.32333330	    -10.71104826	      8.22538041	      1.27468384	     -0.37742302	      0.74555889	     -0.28762844	     35.92318309	    -25.62022442	    -49.66473444	    -56.25737542	     36.72776935	     22.33414220	      0.00000000	     -2.06314422	    -19.52527667	     97.89403635	     55.04696510	   -125.75754436	   -106.80074943	      0.00000000	    -14.48472660	      1.09607210	     -8.22904825
      1.33166670	    -10.82777885	      8.22072952	      1.41323644	     -0.37439396	      0.74553061	     -0.28655323	     35.69630693	    -25.62000361	    -49.85075702	    -56.27377383	     37.02657706	     22.42639628	      0.00000000	     -0.14493199	    -20.30672275	    101.49113489	     56.25945161	   -127.72105503	   -103.06688025	      0.00000000	    -14.35037294	      1.12692293	     -8.13236891
      1.34000000	    -10.91795101	      8.20173448	      1.53815242	     -0.37134683	      0.74549499	     -0.28545670	     35.43613030	    -25.59844983	    -50.04480607	    -56.28348042	     37.34595110	     22.51755104	      0.00000000	      1.60597589	    -21.00409175	    104.60934401	     57.47824839	   -128.87236325	   -100.05072565	      0.00000000	    -14.24307753	      1.16726627	     -8.02460577
      1.34833330	    -10.98838187	      8.16959625	      1.65320608	     -0.36830584	      0.74544714	     -0.28434873	     35.15529655	    -25.55356092	    -50.23516019	    -56.28412795	     37.68178205	     22.58674660	      0.00000000	      3.22791515	    -21.64247297	    107.34318002	     58.67444212	   -129.56741974	    -97.60402630	      0.00000000	    -14.15879975	      1.21691506	     -7.90728678
      1.35666670	    -11.06651708	      8.14406656	      1.75707847	     -0.36531352	      0.74534569	     -0.28325763	     34.89214248	    -25.52988132	    -50.44163440	    -56.30993257	     38.00789854	     22.71757619	      0.00000000	      4.75380174	    -22.20836030	    109.71668900	     59.85411797	   -129.56402518	    -95.58642579	      0.00000000	    -14.06795436	      1.25496418	     -7.78108479
      1.36500000	    -11.14444603	      8.13377374	      1.85337650	     -0.36237463	      0.74521701	     -0.28219929	     34.65799556	    -25.51479699	    -50.59909612	    -56.34763970	     38.32640885	     22.80023709	      0.00000000	      6.22495291	    -22.69960188	    111.84741837	     60.95486110	   -129.58450213	    -93.93564176	      0.00000000	    -13.98280357	      1.27153000	     -7.65321872
      1.37333330	    -11.21513568	      8.13593052	      1.94441262	     -0.35947875	      0.74508299	     -0.28118055	     34.43025097	    -25.51966889	    -50.74695794	    -56.40114374	     38.62152988	     22.87251095	      0.00000000	      7.62075955	    -23.12634305	    113.72281435	     61.97516766	   -129.50616850	    -92.59592588	      0.00000000	    -13.91208875	      1.27400070	     -7.52654215
      1.38166670	    -11.29537792	      8.11355333	      2.02266733	     -0.35663608	      0.74489749	     -0.28013176	     34.21173452	    -25.48763992	    -50.90447896	    -56.44291170	     38.92896342	     22.96276323	      0.00000000	      8.94266550	    -23.56243183	    115.30816165	     62.93088468	   -129.39268479	    -91.54868555	      0.00000000	    -13.83046265	      1.29367077	     -7.38399758
      1.39000000	    -11.36651231	      8.10373096	      2.09637299	     -0.35383597	      0.74471718	     -0.27912354	     33.99755949	    -25.47218326	    -51.04676652	    -56.49454370	     39.22317332	     23.03739538	      0.00000000	     10.18961705	    -23.94473153	    116.66109869	     63.77775649	   -129.30368892	    -90.75043136	      0.00000000	    -13.76519305	      1.29771870	     -7.24473756
      1.39833330	    -11.43988454	      8.08640967	      2.15991815	     -0.35108792	      0.74451862	     -0.27812022	     33.79354907	    -25.44367265	    -51.18485069	    -56.54468451	     39.50915091	     23.11047321	      0.00000000	     11.36273538	    -24.31428960	    117.76058574	     64.52143148	   -129.29099781	    -90.17142410	      0.00000000	    -13.70134470	      1.30525365	     -7.09570905
      1.40666670	    -11.51094283	      8.06985101	      2.21674599	     -0.34838492	      0.74432150	     -0.27713271	     33.59566775	    -25.41120603	    -51.31143701	    -56.59247140	     39.78210736	     23.17502523	      0.00000000	     12.46183050	    -24.65772101	    118.62808613	     65.14388351	   -129.37363996	    -89.79742442	      0.00000000	    -13.64641904	      1.30698016	     -6.94524036
      1.41500000	    -11.57858694	      8.06373817	      2.26512510	     -0.34571938	      0.74412824	     -0.27617422	     33.40619021	    -25.38803887	    -51.42363973	    -56.64515294	     40.05914773	     23.23628812	      0.00000000	     13.48946928	    -24.95928420	    119.28281479	     65.63478473	   -129.59062697	    -89.53490791	      0.00000000	    -13.59674009	      1.29259708	     -6.79451680
      1.42333330	    -11.64921219	      8.03482841	      2.30351992	     -0.34310391	      0.74392515	     -0.27520748	     33.22082987	    -25.32869333	    -51.53479159	    -56.68025738	     40.31546501	     23.29025321	      0.00000000	     14.43514399	    -25.27898567	    119.68647381	     66.01139978	   -129.90882985	    -89.44880151	      0.00000000	    -13.54861419	      1.29879479	     -6.62883840
      1.43166670	    -11.71716010	      8.01365477	      2.33594430	     -0.34052479	      0.74373270	     -0.27426656	     33.04339271	    -25.27367780	    -51.62912112	    -56.71611118	     40.57174393	     23.33722138	      0.00000000	     15.30726728	    -25.56309559	    119.88594406	     66.24940045	   -130.38106279	    -89.47326073	      0.00000000	    -13.50647762	      1.29019624	     -6.46769487
      1.44000000	    -11.78632092	      7.99654192	      2.35624530	     -0.33798538	      0.74355130	     -0.27335165	     32.87729766	    -25.21408799	    -51.70772880	    -56.74394763	     40.82562072	     23.37691596	      0.00000000	     16.09011438	    -25.81585352	    119.85262161	     66.34545355	   -130.94415687	    -89.63354259	      0.00000000	    -13.46841284	      1.27494560	     -6.29914099
      1.44833330	    -11.85472631	      7.98202626	      2.37109975	     -0.33547866	      0.74338363	     -0.27246531	     32.71812421	    -25.15103339	    -51.76803898	    -56.76435078	     41.07215498	     23.41058011	      0.00000000	     16.79099786	    -26.03935315	    119.60982489	     66.31371132	   -131.53036646	    -89.88907265	      0.00000000	    -13.43297978	      1.25273419	     -6.13078498
      1.45666670	    -11.92461235	      7.93477888	      2.38988918	     -0.33301438	      0.74322572	     -0.27158393	     32.54657887	    -25.04259455	    -51.84891120	    -56.75321546	     41.29496225	     23.42091585	      0.00000000	     17.42888527	    -26.27380833	    119.18645928	     66.18509591	   -131.97608190	    -90.17009740	      0.00000000	    -13.39725270	      1.26426825	     -5.96433395
      1.46500000	    -11.97773037	      7.94788505	      2.37368447	     -0.33053429	      0.74311002	     -0.27075790	     32.40029612	    -24.99651557	    -51.85523967	    -56.77999221	     41.52542251	     23.44691816	      0.00000000	     17.89478770	    -26.41001767	    118.46003270	     65.88432529	   -132.59562291	    -90.52172590	      0.00000000	    -13.38226431	      1.20527929	     -5.78116667
      1.47333330	    -12.04137314	      7.92980262	      2.36999873	     -0.32811433	      0.74299474	     -0.26995716	     32.24674368	    -24.91026345	    -51.88993448	    -56.76748417	     41.74679009	     23.45695860	      0.00000000	     18.33874784	    -26.53942810	    117.61744081	     65.49304747	   -133.12117935	    -90.92088886	      0.00000000	    -13.35897322	      1.17942735	     -5.60727381
      1.48166670	    -12.12293463	      7.92358597	      2.36889135	     -0.32574785	      0.74286730	     -0.26922637	     32.12741325	    -24.83670187	    -51.89254738	    -56.75638998	     41.97391902	     23.48321069	      0.00000000	     18.73684881	    -26.60522672	    116.61502969	     64.98296802	   -133.67301539	    -91.48272833	      0.00000000	    -13.31807751	      1.14159020	     -5.44453935
      1.49000000	    -12.19106812	      7.91850792	      2.35284850	     -0.32337538	      0.74277644	     -0.26851098	     31.99241560	    -24.75715379	    -51.89571285	    -56.73349384	     42.18835491	     23.49311902	      0.00000000	     19.00932554	    -26.63206364	    115.38552056	     64.36565682	   -134.10425752	    -92.05499027	      0.00000000	    -13.29120146	      1.09734841	     -5.26932378
      1.49833330	    -12.25901029	      7.91716180	      2.33899495	     -0.32102118	      0.74270242	     -0.26785525	     31.85970644	    -24.68049938	    -51.88537274	    -56.70252108	     42.40358088	     23.50454770	      0.00000000	     19.19343409	    -26.60268653	    113.96423971	     63.64561643	   -134.45509748	    -92.73686443	      0.00000000	    -13.26545688	      1.05154611	     -5.10560047
      1.50666670	    -12.32755855	      7.91679181	      2.32083458	     -0.31868299	      0.74264164	     -0.26723921	     31.72798859	    -24.60294369	    -51.87109661	    -56.66290891	     42.61131073	     23.51417748	      0.00000000	     19.29097940	    -26.51948239	    112.35197785	     62.83101206	   -134.71309569	    -93.56018013	      0.00000000	    -13.23893338	      1.00301535	     -4.94109992
      1.51500000	    -12.39737836	      7.92020609	      2.30033203	     -0.31635689	      0.74258795	     -0.26667428	     31.59805049	    -24.53046928	    -51.85351997	    -56.61750786	     42.81535809	     23.52656042	      0.00000000	     19.30152874	    -26.37301488	    110.54343285	     61.92930062	   -134.85015188	    -94.55234208	      0.00000000	    -13.21015606	      0.95103501	     -4.77850577
      1.52333330	    -12.46710544	      7.92154437	      2.27756832	     -0.31403992	      0.74254284	     -0.26615357	     31.46562313	    -24.45646422	    -51.83600056	    -56.56444542	     43.01123126	     23.54520446	      0.00000000	     19.22435099	    -26.16644176	    108.53431741	     60.95031406	   -134.82731379	    -95.75344439	      0.00000000	    -13.18003373	      0.90071558	     -4.61786877
      1.53166670	    -12.52652123	      7.90329835	      2.25582150	     -0.31171196	      0.74251937	     -0.26565685	     31.30378252	    -24.36135282	    -51.84829656	    -56.49226066	     43.18456840	     23.55435075	      0.00000000	     19.04393776	    -25.91697157	    106.30561801	     59.91120627	   -134.56369882	    -97.19400609	      0.00000000	    -13.15963715	      0.87198294	     -4.45790225
      1.54000000	    -12.58089083	      7.91245097	      2.23079643	     -0.30937069	      0.74250828	     -0.26524443	     31.13597997	    -24.30283719	    -51.85329874	    -56.41496894	     43.42221347	     23.60287479	      0.00000000	     18.76878482	    -25.54665113	    103.86197703	     58.80073996	   -133.97553559	    -98.84109494	      0.00000000	    -13.14362857	      0.81710039	     -4.30721245
      1.54833330	    -12.64162391	      7.92535493	      2.19839591	     -0.30703398	      0.74248350	     -0.26487086	     30.98065742	    -24.25283624	    -51.85360677	    -56.34792365	     43.61990414	     23.66212079	      0.00000000	     18.41472708	    -25.09186280	    101.18351605	     57.63689489	   -133.17718250	   -100.77062909	      0.00000000	    -13.11411431	      0.75555444	     -4.14953056
      1.55666670	    -12.71279063	      7.96514129	      2.15677704	     -0.30471114	      0.74244362	     -0.26457982	     30.85106242	    -24.25015590	    -51.84594183	    -56.31156302	     43.76756294	     23.75235959	      0.00000000	     17.97362551	    -24.49768033	     98.22352068	     56.43100929	   -131.76495545	   -103.01271230	      0.00000000	    -13.07441785	      0.66589908	     -3.99193497
      1.56500000	    -12.77101848	      7.99455766	      2.11360484	     -0.30234809	      0.74242389	     -0.26431910	     30.68283213	    -24.23309957	    -51.86906387	    -56.23983991	     43.96325325	     23.85254919	      0.00000000	     17.43415539	    -23.81154045	     94.98423238	     55.18384742	   -130.10816134	   -105.65078340	      0.00000000	    -13.04477699	      0.58969941	     -3.83822833
      1.57333330	    -12.81523216	      8.03540858	      2.05862621	     -0.29994937	      0.74240432	     -0.26410308	     30.50591722	    -24.23890116	    -51.88566644	    -56.19162366	     44.13739589	     23.98016198	      0.00000000	     16.81439530	    -22.99702060	     91.47192562	     53.92803980	   -127.91976058	   -108.67094028	      0.00000000	    -13.02453059	      0.49987576	     -3.67547533
      1.58166670	    -12.85545781	      8.08243359	      1.99816149	     -0.29752619	      0.74238095	     -0.26394069	     30.31768494	    -24.25894663	    -51.91571987	    -56.14096906	     44.32059163	     24.13123235	      0.00000000	     16.15458756	    -22.05026497	     87.70916141	     52.66534755	   -125.32635527	   -111.99711631	      0.00000000	    -13.00446474	      0.40446504	     -3.51198566
      1.59000000	    -12.90254746	      8.12793626	      1.93808053	     -0.29510326	      0.74232897	     -0.26383390	     30.12940257	    -24.28485838	    -51.96276602	    -56.08491459	     44.50909270	     24.29815635	      0.00000000	     15.54114301	    -20.99703509	     83.82695265	     51.40811841	   -122.63313636	   -115.43390243	      0.00000000	    -12.97320651	      0.31173058	     -3.35155579
      1.59833330	    -12.95107322	      8.16336911	      1.87587633	     -0.29268626	      0.74223006	     -0.26377172	     29.94569874	    -24.31067995	    -52.01447303	    -56.04362966	     44.69448420	     24.46736445	      0.00000000	     15.05223084	    -19.89401228	     80.01810739	     50.17450810	   -120.20866513	   -118.76158907	      0.00000000	    -12.93714503	      0.23076355	     -3.18801480
      1.60666670	    -13.01263716	      8.17477116	      1.82310233	     -0.29029709	      0.74206210	     -0.26374920	     29.76895893	    -24.31549693	    -52.08221538	    -55.99620581	     44.89452049	     24.63356729	      0.00000000	     14.72820724	    -18.78156838	     76.35981870	     48.95175211	   -118.33187903	   -121.88828241	      0.00000000	    -12.88274781	      0.17334940	     -3.02905986
      1.61500000	    -13.08437358	      8.15757983	      1.77400560	     -0.28792299	      0.74181972	     -0.26374656	     29.59719278	    -24.29344902	    -52.16661272	    -55.94725396	     45.10283842	     24.79185372	      0.00000000	     14.56276611	    -17.69329452	     72.88056892	     47.75007685	   -117.01345604	   -124.81364839	      0.00000000	    -12.81263302	      0.14510262	     -2.86772981
      1.62333330	    -13.17904787	      8.13594723	      1.71860421	     -0.28558274	      0.74148057	     -0.26377762	     29.47577699	    -24.26044831	    -52.20147311	    -55.91038176	     45.33824712	     24.92372315	      0.00000000	     14.55627220	    -16.61188920	     69.57399204	     46.53675507	   -116.41306531	   -127.57653852	      0.00000000	    -12.71326335	      0.11713877	     -2.69624559
      1.63166670	    -13.24539842	      8.04744793	      1.67644256	     -0.28318012	      0.74111875	     -0.26379173	     29.27765874	    -24.16420931	    -52.31890491	    -55.85308246	     45.56927130	     25.06872238	      0.00000000	     14.61751804	    -15.62614338	     66.39949285	     45.42214609	   -115.82130745	   -130.19242408	      0.00000000	    -12.63667162	      0.16242907	     -2.53374605
      1.64000000	    -13.30999727	      7.91179468	      1.62334821	     -0.28075510	      0.74069396	     -0.26375172	     29.05911813	    -24.00605508	    -52.47364004	    -55.77326338	     45.79958900	     25.18799124	      0.00000000	     14.78071253	    -14.74133143	     63.40630081	     44.35512346	   -115.65910700	   -132.84563612	      0.00000000	    -12.55368208	      0.24567743	     -2.34651323
      1.64833330	    -13.36905495	      7.78373207	      1.56330707	     -0.27828793	      0.74021820	     -0.26374895	     28.84506715	    -23.85792449	    -52.59844628	    -55.70454139	     46.10471157	     25.33211124	      0.00000000	     15.00492403	    -13.86800261	     60.52592472	     43.27899359	   -116.15678944	   -135.45484337	      0.00000000	    -12.47008310	      0.31939940	     -2.15897708
      1.65666670	    -13.42311769	      7.60245187	      1.49436519	     -0.27578586	      0.73969771	     -0.26369912	     28.62277656	    -23.63938451	    -52.72461186	    -55.63199043	     46.33455756	     25.41290992	      0.00000000	     15.28442203	    -13.10912414	     57.78739269	     42.30013881	   -116.61738657	   -138.01089724	      0.00000000	    -12.38465878	      0.44419264	     -1.95431304
      1.66500000	    -13.46664938	      7.44142348	      1.40342766	     -0.27321724	      0.73913782	     -0.26366347	     28.40250886	    -23.43810776	    -52.81113555	    -55.56650597	     46.66505045	     25.53923031	      0.00000000	     15.58635893	    -12.36749388	     55.14939399	     41.33296633	   -117.56996657	   -140.53222380	      0.00000000	    -12.30329379	      0.54054815	     -1.73469836
      1.67333330	    -13.49102154	      7.23388750	      1.30817201	     -0.27057880	      0.73856435	     -0.26358922	     28.14806356	    -23.17756339	    -52.91313073	    -55.49085308	     46.93751708	     25.61027239	      0.00000000	     15.90352953	    -11.74607715	     52.68301213	     40.46764778	   -118.49788746	   -143.02278297	      0.00000000	    -12.23516293	      0.68144072	     -1.50652479
      1.68166670	    -13.50132524	      7.02443776	      1.18888432	     -0.26786369	      0.73796709	     -0.26349438	     27.88904214	    -22.90278932	    -52.97720155	    -55.41749943	     47.24744414	     25.69310909	      0.00000000	     16.21594959	    -11.19339333	     50.35601760	     39.67419972	   -119.54801839	   -145.42814819	      0.00000000	    -12.17475345	      0.81632183	     -1.25724939
      1.69000000	    -13.49464114	      6.80305506	      1.05890403	     -0.26507452	      0.73737392	     -0.26339375	     27.61054144	    -22.61078017	    -53.03453430	    -55.34489209	     47.52420749	     25.74186286	      0.00000000	     16.51660831	    -10.71342134	     48.18717098	     38.95046784	   -120.63503666	   -147.72492009	      0.00000000	    -12.12808235	      0.95906137	     -1.00384179
      1.69833330	    -13.46449466	      6.57899662	      0.91423278	     -0.26218333	      0.73678217	     -0.26328330	     27.30582839	    -22.30463867	    -53.06367549	    -55.26159762	     47.86424888	     25.79595581	      0.00000000	     16.78374813	    -10.31292793	     46.20853446	     38.31652993	   -121.71771216	   -149.89372812	      0.00000000	    -12.09902442	      1.09970735	     -0.73256921
      1.70666670	    -13.41805558	      6.34229571	      0.75878067	     -0.25921501	      0.73619790	     -0.26316300	     26.98501020	    -21.97654364	    -53.07081908	    -55.17474837	     48.18647791	     25.83258562	      0.00000000	     17.02278616	    -10.00323050	     44.44344400	     37.76556692	   -122.77302639	   -151.93965717	      0.00000000	    -12.08382616	      1.24821623	     -0.46064467
      1.71500000	    -13.35635883	      6.08965661	      0.59853941	     -0.25616275	      0.73562629	     -0.26303508	     26.63712119	    -21.62287377	    -53.07688572	    -55.07086467	     48.50901507	     25.83197659	      0.00000000	     17.23381863	     -9.80116211	     42.95815363	     37.30697544	   -123.75439372	   -153.78465070	      0.00000000	    -12.07708843	      1.40820376	     -0.18220944
      1.72333330	    -13.27646439	      5.84724417	      0.41804208	     -0.25302109	      0.73507280	     -0.26290533	     26.27385849	    -21.27989684	    -53.06051862	    -54.97734108	     48.83110448	     25.87268057	      0.00000000	     17.38804614	     -9.67299871	     41.70170221	     36.92269079	   -124.83489337	   -155.40421901	      0.00000000	    -12.08709219	      1.55047775	      0.11054849
      1.73166670	    -13.18469218	      5.61780241	      0.22771709	     -0.24980449	      0.73454475	     -0.26279405	     25.90524159	    -20.95059086	    -53.01309437	    -54.89228408	     49.14623804	     25.90835362	      0.00000000	     17.49133507	     -9.58815991	     40.63813085	     36.60045147	   -125.81694675	   -156.79990563	      0.00000000	    -12.10808179	      1.67385732	      0.40246721
      1.74000000	    -13.07883213	      5.39018640	      0.03703701	     -0.24651065	      0.73405157	     -0.26270634	     25.51464887	    -20.62141350	    -52.95613850	    -54.79575018	     49.45430688	     25.93037923	      0.00000000	     17.54918973	     -9.57819584	     39.85329585	     36.34777245	   -126.71184498	   -157.91641288	      0.00000000	    -12.14080095	      1.79273207	      0.69103668
      1.74833330	    -12.96676809	      5.14926703	     -0.15788164	     -0.24314739	      0.73356754	     -0.26261618	     25.11335494	    -20.27284391	    -52.88377714	    -54.69148078	     49.75511638	     25.94777358	      0.00000000	     17.57024710	     -9.70083203	     39.44374680	     36.20741150	   -127.45812382	   -158.71856062	      0.00000000	    -12.17680985	      1.92161913	      0.98480490
      1.75666670	    -12.83680559	      4.95033033	     -0.36199245	     -0.23970431	      0.73315967	     -0.26258023	     24.69790927	    -19.97469179	    -52.78478091	    -54.59263642	     50.04309148	     25.97189269	      0.00000000	     17.51822244	     -9.78289284	     39.10201960	     36.06650181	   -128.22288338	   -159.36200708	      0.00000000	    -12.23135723	      2.00109511	      1.26984954
      1.76500000	    -12.70089847	      4.76179914	     -0.56638536	     -0.23620053	      0.73278683	     -0.26257205	     24.27255138	    -19.69221165	    -52.67945828	    -54.49329612	     50.32300372	     26.00285863	      0.00000000	     17.42640782	     -9.92005157	     39.01128795	     35.98880098	   -128.81541695	   -159.72939060	      0.00000000	    -12.29270556	      2.06401514	      1.54402714
      1.77333330	    -12.55445090	      4.59889424	     -0.76714181	     -0.23262402	      0.73246731	     -0.26262483	     23.83590936	    -19.44314536	    -52.55177906	    -54.39228606	     50.60356664	     26.02788639	      0.00000000	     17.28157136	    -10.06803753	     39.08883726	     35.95031523	   -129.37398020	   -159.92893763	      0.00000000	    -12.36240248	      2.10106707	      1.81429468
      1.78166670	    -12.40161706	      4.45518054	     -0.96925420	     -0.22898511	      0.73220614	     -0.26271472	     23.38896147	    -19.21666142	    -52.41300754	    -54.28370959	     50.87082436	     26.04795703	      0.00000000	     17.09526443	    -10.23457791	     39.32720471	     35.94437779	   -129.87547139	   -159.97880017	      0.00000000	    -12.43822743	      2.11462087	      2.07134156
      1.79000000	    -12.23494933	      4.32022443	     -1.15879965	     -0.22528412	      0.73202018	     -0.26285252	     22.91705761	    -19.00304116	    -52.27072533	    -54.16269867	     51.13423254	     26.06826434	      0.00000000	     16.86226095	    -10.40407441	     39.66556305	     35.96117294	   -130.28152035	   -159.89047729	      0.00000000	    -12.53114599	      2.11808776	      2.30609121
      1.79833330	    -12.07081434	      4.21210855	     -1.34646541	     -0.22152611	      0.73188147	     -0.26303847	     22.44001975	    -18.81861600	    -52.12451608	    -54.01861860	     51.40069975	     26.07392384	      0.00000000	     16.60025183	    -10.59272914	     40.15768191	     36.02425523	   -130.68564077	   -159.65836837	      0.00000000	    -12.61821879	      2.09037981	      2.53616037
      1.80666670	    -11.93164112	      4.13922889	     -1.52704913	     -0.21778764	      0.73171109	     -0.26330406	     22.03010134	    -18.69440599	    -51.92045861	    -53.94129613	     51.62927677	     26.05221643	      0.00000000	     16.39213260	    -10.87320967	     41.08853903	     36.18013680	   -130.82567024	   -158.75238133	      0.00000000	    -12.67867362	      2.02160724	      2.74476223
      1.81500000	    -11.77560954	      4.07650259	     -1.68859105	     -0.21397108	      0.73164984	     -0.26362674	     21.56768423	    -18.58584371	    -51.75741754	    -53.82176907	     51.86996372	     26.05318152	      0.00000000	     16.12934653	    -11.09728928	     41.91775282	     36.32047634	   -130.97045568	   -158.06545587	      0.00000000	    -12.75840455	      1.94593619	      2.92806957
      1.82333330	    -11.61978870	      4.03310451	     -1.84204758	     -0.21011652	      0.73163949	     -0.26400049	     21.10394007	    -18.50476064	    -51.58899832	    -53.70072854	     52.08506637	     26.04473677	      0.00000000	     15.85871354	    -11.33536182	     42.85538710	     36.50996443	   -130.90121843	   -157.15155872	      0.00000000	    -12.83852732	      1.84826642	      3.09201397
      1.83166670	    -11.46214192	      4.01135864	     -1.98343623	     -0.20622147	      0.73168966	     -0.26443883	     20.63381812	    -18.45743889	    -51.42252201	    -53.57922421	     52.27604589	     26.03524743	      0.00000000	     15.57561473	    -11.56058781	     43.83015951	     36.73200377	   -130.63881293	   -156.09319732	      0.00000000	    -12.92161022	      1.72834472	      3.23727246
      1.84000000	    -11.30311758	      4.00952744	     -2.11824039	     -0.20229124	      0.73180050	     -0.26492788	     20.15796439	    -18.44277517	    -51.26493518	    -53.45833353	     52.44523635	     26.02419191	      0.00000000	     15.28231391	    -11.77371531	     44.82096840	     36.97507286	   -130.25182950	   -154.95200257	      0.00000000	    -13.00777656	      1.58784459	      3.36595049
      1.84833330	    -11.14703243	      4.03174930	     -2.23580631	     -0.19833079	      0.73196030	     -0.26549297	     19.68533314	    -18.46369999	    -51.09808998	    -53.34437181	     52.56537507	     26.02229529	      0.00000000	     14.98560366	    -11.97219188	     45.83579703	     37.26063411	   -129.67502206	   -153.66951772	      0.00000000	    -13.09198589	      1.42285858	      3.46588274
      1.85666670	    -10.99401210	      4.08518667	     -2.34752606	     -0.19434820	      0.73216944	     -0.26612466	     19.21343808	    -18.53720464	    -50.94983343	    -53.23548088	     52.70882986	     26.01462170	      0.00000000	     14.68702676	    -12.12397818	     46.80604603	     37.54145397	   -128.96932335	   -152.39086271	      0.00000000	    -13.17505777	      1.22621863	      3.55470777
      1.86500000	    -10.86325541	      4.16616380	     -2.43045679	     -0.19037834	      0.73239556	     -0.26686430	     18.76502722	    -18.65933128	    -50.81384045	    -53.13649744	     52.83984662	     26.00947490	      0.00000000	     14.43488898	    -12.25261540	     47.84247833	     37.82993498	   -128.12463554	   -151.04311022	      0.00000000	    -13.23594174	      1.00814063	      3.60167071
      1.87333330	    -10.73742364	      4.26427419	     -2.50380410	     -0.18639665	      0.73266685	     -0.26765617	     18.31996772	    -18.80974069	    -50.68317075	    -53.04134462	     52.93753880	     26.00674014	      0.00000000	     14.18181039	    -12.35167713	     48.82667057	     38.12192515	   -127.20503439	   -149.73709609	      0.00000000	    -13.29615457	      0.77190878	      3.63210593
      1.88166670	    -10.60688574	      4.37260917	     -2.57423213	     -0.18237528	      0.73298728	     -0.26848482	     17.86461864	    -18.98245470	    -50.56490770	    -52.95237661	     52.99998744	     26.03457299	      0.00000000	     13.89672866	    -12.43481110	     49.73518550	     38.43545775	   -126.30320280	   -148.46166085	      0.00000000	    -13.36265119	      0.52611140	      3.64851588
      1.89000000	    -10.50275309	      4.50316998	     -2.61766835	     -0.17838487	      0.73331146	     -0.26940966	     17.43703032	    -19.19426141	    -50.46351560	    -52.86774235	     53.06409903	     26.02983035	      0.00000000	     13.66378626	    -12.48447930	     50.66964557	     38.73678863	   -125.28261405	   -147.23921806	      0.00000000	    -13.40566696	      0.26369089	      3.63302070
      1.89833330	    -10.40166817	      4.64714901	     -2.65945100	     -0.17438698	      0.73367676	     -0.27037744	     17.01184738	    -19.43234666	    -50.37000460	    -52.79171973	     53.08929418	     26.06824909	      0.00000000	     13.41666499	    -12.49557296	     51.50717716	     39.01924274	   -124.35830637	   -146.11078775	      0.00000000	    -13.44980751	     -0.01069642	      3.60879608
      1.90666670	    -10.31820399	      4.79820293	     -2.68915246	     -0.17040305	      0.73404364	     -0.27139482	     16.60848314	    -19.68900503	    -50.28695712	    -52.72655583	     53.09701864	     26.07650413	      0.00000000	     13.18165426	    -12.48635003	     52.29589411	     39.30050233	   -123.43528993	   -145.13994720	      0.00000000	    -13.47881537	     -0.29179997	      3.56629245
      1.91500000	    -10.24528747	      4.95764604	     -2.70477834	     -0.16642520	      0.73443203	     -0.27246996	     16.21356857	    -19.96841475	    -50.22251715	    -52.67317321	     53.05767310	     26.08236585	      0.00000000	     12.94456801	    -12.43766959	     53.00182623	     39.55471317	   -122.63759589	   -144.29077228	      0.00000000	    -13.50258138	     -0.57714862	      3.50336855
      1.92333330	    -10.18535972	      5.13049076	     -2.71962217	     -0.16246464	      0.73483728	     -0.27358930	     15.84115129	    -20.26391773	    -50.13695975	    -52.62017766	     53.02729371	     26.13056355	      0.00000000	     12.70685101	    -12.33738765	     53.60373426	     39.76985532	   -121.91613136	   -143.60772985	      0.00000000	    -13.51794807	     -0.87312363	      3.43329708
      1.93166670	    -10.13968625	      5.29429786	     -2.72294878	     -0.15852021	      0.73523520	     -0.27473211	     15.48129904	    -20.55929602	    -50.07506513	    -52.57896168	     52.95871199	     26.14200551	      0.00000000	     12.47404871	    -12.24178896	     54.17309657	     39.99052089	   -121.26781549	   -143.03175726	      0.00000000	    -13.52384228	     -1.15918430	      3.35541305
      1.94000000	    -10.10805951	      5.46361588	     -2.72781601	     -0.15459780	      0.73564961	     -0.27591250	     15.14646847	    -20.86266784	    -50.00010139	    -52.54234591	     52.85736559	     26.15461788	      0.00000000	     12.23569519	    -12.09722148	     54.62607594	     40.16576457	   -120.71995590	   -142.59254324	      0.00000000	    -13.51996214	     -1.44615181	      3.26700387
      1.94833330	    -10.08989733	      5.62208503	     -2.72280066	     -0.15069817	      0.73605745	     -0.27711696	     14.82636600	    -21.16008728	    -49.93403022	    -52.51470650	     52.73853147	     26.15766964	      0.00000000	     12.00188106	    -11.94827540	     55.03438614	     40.33056923	   -120.24306922	   -142.26822962	      0.00000000	    -13.50849916	     -1.72014591	      3.16815370
      1.95666670	    -10.08262091	      5.77884617	     -2.71774354	     -0.14682150	      0.73647408	     -0.27834116	     14.53048773	    -21.45248756	    -49.84522969	    -52.49361330	     52.59488153	     26.13720877	      0.00000000	     11.76096563	    -11.76773815	     55.35115222	     40.45977542	   -119.87916173	   -142.06075750	      0.00000000	    -13.49214402	     -1.99191687	      3.06511956
      1.96500000	    -10.08612690	      5.91153894	     -2.70279787	     -0.14297339	      0.73690487	     -0.27957077	     14.24579301	    -21.70706614	    -49.74871141	    -52.45810455	     52.41977414	     26.06473570	      0.00000000	     11.52196468	    -11.58596332	     55.60871569	     40.54898601	   -119.69958708	   -142.01539790	      0.00000000	    -13.47322518	     -2.23841259	      2.94826718
      1.97333330	    -10.10327501	      6.05379130	     -2.71205043	     -0.13914887	      0.73729199	     -0.28079847	     14.00814072	    -22.00191932	    -49.63662862	    -52.49701963	     52.21565299	     26.09080898	      0.00000000	     11.26777953	    -11.39745279	     55.79434640	     40.68717918	   -119.27725218	   -141.89012517	      0.00000000	    -13.44144242	     -2.49523259	      2.85544299
      1.98166670	    -10.12254036	      6.14714950	     -2.69572464	     -0.13535510	      0.73771971	     -0.28202646	     13.76296936	    -22.21018614	    -49.50553862	    -52.48843319	     51.98234177	     25.99709802	      0.00000000	     11.02949464	    -11.24382373	     56.00044024	     40.76770366	   -119.17914710	   -141.90655265	      0.00000000	    -13.42026031	     -2.69491722	      2.73267709
      1.99000000	    -10.16800454	      6.26731901	     -2.70795891	     -0.13160327	      0.73809776	     -0.28325957	     13.58918764	    -22.47447289	    -49.35005199	    -52.55320619	     51.72195367	     25.92608885	      0.00000000	     10.78597514	    -11.03846784	     56.07800500	     40.85866280	   -118.86817694	   -141.91557975	      0.00000000	    -13.37078550	     -2.92907904	      2.63670211
      1.99833330	    -10.20626936	      6.34453455	     -2.71505007	     -0.12786371	      0.73850255	     -0.28446871	     13.41471288	    -22.67631714	    -49.16439903	    -52.61439085	     51.42444023	     25.81740992	      0.00000000	     10.52787178	    -10.87686946	     56.14510760	     40.94941466	   -118.61674487	   -141.97762325	      0.00000000	    -13.33835822	     -3.11478300	      2.53231915
      2.00666670	    -10.24983148	      6.39565470	     -2.71670995	     -0.12415674	      0.73891003	     -0.28567076	     13.26271423	    -22.84830287	    -48.95596266	    -52.70202236	     51.08194172	     25.68615415	      0.00000000	     10.27513642	    -10.73716333	     56.20727570	     41.02439601	   -118.47082500	   -142.05293512	      0.00000000	    -13.30955377	     -3.27226306	      2.41966485
      2.01500000	    -10.29788434	      6.45238833	     -2.75273701	     -0.12047081	      0.73930703	     -0.28682354	     13.16801859	    -23.02201474	    -48.66968146	    -52.83125690	     50.72389500	     25.47715016	      0.00000000	      9.99455527	    -10.58051875	     56.15498431	     41.10650161	   -118.23868403	   -142.21164509	      0.00000000	    -13.27609393	     -3.44558837	      2.33760653
      2.02333330	    -10.33539014	      6.47910925	     -2.78374428	     -0.11679921	      0.73973424	     -0.28797270	     13.09196136	    -23.15111167	    -48.31546785	    -52.98625981	     50.33020296	     25.21813270	      0.00000000	      9.69806537	    -10.44107817	     56.08032849	     41.17277668	   -118.04358195	   -142.42011866	      0.00000000	    -13.26298966	     -3.58167343	      2.24182562
      2.03166670	    -10.37808050	      6.48323365	     -2.82202152	     -0.11315913	      0.74015384	     -0.28908781	     13.05799570	    -23.26199390	    -47.92838254	    -53.19926954	     49.86574601	     24.89783454	      0.00000000	      9.39798205	    -10.32932994	     55.98202600	     41.24378820	   -117.90173906	   -142.63864612	      0.00000000	    -13.24981479	     -3.69635356	      2.15094035
      2.04000000	    -10.41812338	      6.46645605	     -2.87136819	     -0.10954476	      0.74057848	     -0.29017374	     13.07158617	    -23.35006250	    -47.46944411	    -53.47373034	     49.34091923	     24.51129419	      0.00000000	      9.08580619	    -10.23782441	     55.85268681	     41.31555927	   -117.76985292	   -142.87767291	      0.00000000	    -13.24543911	     -3.78949198	      2.06448572
      2.04833330	    -10.45073538	      6.42765296	     -2.92906910	     -0.10595090	      0.74101358	     -0.29122239	     13.12981462	    -23.41477968	    -46.94038610	    -53.81703048	     48.75463740	     24.04953663	      0.00000000	      8.75819949	    -10.17074033	     55.70214010	     41.39134927	   -117.64697871	   -143.13314090	      0.00000000	    -13.25456770	     -3.86181878	      1.98180845
      2.05666670	    -10.47700268	      6.36882470	     -2.99559433	     -0.10237426	      0.74145644	     -0.29224242	     13.24027428	    -23.45986184	    -46.32999221	    -54.23750845	     48.09006171	     23.50183838	      0.00000000	      8.41500319	    -10.12735557	     55.52960316	     41.47395964	   -117.53051613	   -143.40181998	      0.00000000	    -13.27583837	     -3.91278700	      1.89907769
      2.06500000	    -10.49504484	      6.29094879	     -3.07234001	     -0.09882045	      0.74190504	     -0.29322432	     13.41281379	    -23.48857698	    -45.62981137	    -54.75417561	     47.35043635	     22.86596287	      0.00000000	      8.05701681	    -10.10810547	     55.34165259	     41.56357093	   -117.41608260	   -143.67644866	      0.00000000	    -13.31128768	     -3.94621749	      1.82092014
      2.07333330	    -10.50665214	      6.19328566	     -3.15751596	     -0.09529280	      0.74235661	     -0.29417636	     13.65499173	    -23.49924838	    -44.83389481	    -55.37188149	     46.52444756	     22.13925193	      0.00000000	      7.68784345	    -10.11242588	     55.14103759	     41.65900818	   -117.30181385	   -143.95217300	      0.00000000	    -13.35865923	     -3.95684566	      1.74398873
      2.08166670	    -10.50419336	      6.07547302	     -3.24964106	     -0.09178023	      0.74282259	     -0.29509400	     13.96170203	    -23.49057037	    -43.93955408	    -56.09687080	     45.60696053	     21.30244186	      0.00000000	      7.29800116	    -10.14222268	     54.92982651	     41.76246972	   -117.19103108	   -144.23716180	      0.00000000	    -13.42700103	     -3.94648165	      1.66559037
      2.09000000	    -10.49377409	      5.94179729	     -3.35039111	     -0.08829438	      0.74328655	     -0.29598182	     14.35056442	    -23.47042433	    -42.94174391	    -56.94561339	     44.59440206	     20.37034262	      0.00000000	      6.89648064	    -10.19435072	     54.71219780	     41.87438055	   -117.08168790	   -144.51948499	      0.00000000	    -13.50889994	     -3.91899827	      1.58806361
      2.09833330	    -10.47499795	      5.79472297	     -3.45856190	     -0.08483880	      0.74374612	     -0.29683549	     14.82587108	    -23.43939260	    -41.84232079	    -57.92184897	     43.48340254	     19.35218471	      0.00000000	      6.48523000	    -10.26865975	     54.49584682	     41.99537797	   -116.97051311	   -144.79347521	      0.00000000	    -13.60506524	     -3.87727043	      1.50979994
      2.10666670	    -10.44847502	      5.63207589	     -3.57425878	     -0.08141564	      0.74419668	     -0.29765485	     15.39133915	    -23.39272861	    -40.64411241	    -59.02737366	     42.27894375	     18.23291352	      0.00000000	      6.06229258	    -10.36709369	     54.27413747	     42.12858892	   -116.85723906	   -145.06410817	      0.00000000	    -13.71498127	     -3.81898162	      1.43236808
      2.11500000	    -10.41701940	      5.46265460	     -3.69534344	     -0.07802893	      0.74462827	     -0.29845503	     16.05167413	    -23.34050747	    -39.35498871	    -60.26268279	     40.98233407	     17.05568529	      0.00000000	      5.63590158	    -10.48127510	     54.06169849	     42.27174013	   -116.74240851	   -145.32060828	      0.00000000	    -13.83449010	     -3.74955832	      1.34805009
      2.12333330	    -10.37833536	      5.28158611	     -3.82071050	     -0.07468041	      0.74504753	     -0.29922644	     16.80009863	    -23.27195509	    -37.98707961	    -61.61752498	     39.60075932	     15.82162669	      0.00000000	      5.20367771	    -10.61445845	     53.85440909	     42.42091362	   -116.62415195	   -145.56658720	      0.00000000	    -13.96765278	     -3.66538460	      1.26353101
      2.13166670	    -10.33313401	      5.09046546	     -3.94901545	     -0.07136966	      0.74544278	     -0.29996784	     17.62940054	    -23.19017138	    -36.57060624	    -63.08032583	     38.14968891	     14.55689640	      0.00000000	      4.76303639	    -10.76898898	     53.65138790	     42.58536906	   -116.50580863	   -145.80217686	      0.00000000	    -14.11233033	     -3.56816224	      1.17292993
      2.14000000	    -10.28638183	      4.89830828	     -4.08054535	     -0.06810902	      0.74580449	     -0.30069474	     18.54396791	    -23.10495902	    -35.11560585	    -64.64165616	     36.65350656	     13.29535095	      0.00000000	      4.32469398	    -10.93348460	     53.45988451	     42.76007238	   -116.38558991	   -146.02280377	      0.00000000	    -14.26242018	     -3.46410623	      1.07817280
      2.14833330	    -10.23884231	      4.70245860	     -4.21270285	     -0.06489589	      0.74612970	     -0.30139444	     19.52821173	    -23.01145259	    -33.65592169	    -66.27689669	     35.13487866	     12.06830064	      0.00000000	      3.88813268	    -11.11098265	     53.27734306	     42.94377900	   -116.26313303	   -146.22813239	      0.00000000	    -14.41908291	     -3.35353457	      0.97742207
      2.15666670	    -10.18953578	      4.50937630	     -4.34542615	     -0.06173143	      0.74641256	     -0.30208507	     20.57485919	    -22.91590166	    -32.20315334	    -67.96287502	     33.63039286	     10.90132245	      0.00000000	      3.45281422	    -11.29444824	     53.10592585	     43.13887094	   -116.13749533	   -146.41948407	      0.00000000	    -14.58017151	     -3.23785036	      0.86785387
      2.16500000	    -10.14104663	      4.31991265	     -4.47611041	     -0.05861880	      0.74665595	     -0.30276297	     21.66763647	    -22.82459355	    -30.79697272	    -69.67183613	     32.17127513	      9.83694812	      0.00000000	      3.02424727	    -11.48143933	     52.94874128	     43.33955505	   -116.01025582	   -146.59466538	      0.00000000	    -14.74512104	     -3.12044095	      0.74879413
      2.17333330	    -10.09380477	      4.13821762	     -4.60214372	     -0.05555970	      0.74685116	     -0.30343937	     22.79655431	    -22.74318290	    -29.45570452	    -71.37598688	     30.80001978	      8.89150835	      0.00000000	      2.60282670	    -11.66654300	     52.80469870	     43.54681165	   -115.88113949	   -146.75451739	      0.00000000	    -14.91116619	     -3.00177396	      0.61807645
      2.18166670	    -10.04976973	      3.96732577	     -4.72423567	     -0.05255018	      0.74700041	     -0.30411858	     23.94896666	    -22.67814745	    -28.19946073	    -73.04579924	     29.54847075	      8.08330890	      0.00000000	      2.19157110	    -11.84605895	     52.67681270	     43.75933255	   -115.75195936	   -146.89959580	      0.00000000	    -15.07617848	     -2.88624259	      0.47513987
      2.19000000	    -10.00645325	      3.80732890	     -4.84044860	     -0.04958978	      0.74710812	     -0.30479874	     25.10979330	    -22.62525688	    -27.03904741	    -74.64756782	     28.46275267	      7.41072324	      0.00000000	      1.78692684	    -12.01589611	     52.55633429	     43.97324295	   -115.61755539	   -147.03518647	      0.00000000	    -15.24295594	     -2.77182739	      0.31965315
      2.19833330	     -9.96765880	      3.66349078	     -4.94770680	     -0.04668266	      0.74716952	     -0.30549229	     26.27273553	    -22.59734057	    -25.99318352	    -76.15851582	     27.56634927	      6.88299162	      0.00000000	      1.39912201	    -12.17010169	     52.45579037	     44.18306328	   -115.48605374	   -147.15869270	      0.00000000	    -15.40717638	     -2.66378535	      0.14674093
      2.20666670	     -9.93237525	      3.53545756	     -5.04585226	     -0.04382159	      0.74719231	     -0.30620090	     27.42689873	    -22.59009473	    -25.06419014	    -77.55041828	     26.88471922	      6.48148046	      0.00000000	      1.02181261	    -12.30647835	     52.36274935	     44.39139337	   -115.35100649	   -147.27537931	      0.00000000	    -15.56914477	     -2.55910634	     -0.04272716
      2.21500000	     -9.91286316	      3.42002033	     -5.12991672	     -0.04102509	      0.74715851	     -0.30693427	     28.57294153	    -22.61684751	    -24.28886460	    -78.80671175	     26.43157122	      6.19940404	      0.00000000	      0.67515800	    -12.43033106	     52.28993449	     44.59512107	   -115.23304589	   -147.37840914	      0.00000000	    -15.71614016	     -2.45204000	     -0.24763853
      2.22333330	     -9.88912878	      3.32385880	     -5.20647437	     -0.03826312	      0.74710690	     -0.30767373	     29.69120271	    -22.65600787	    -23.62038676	    -79.90285703	     26.21833131	      6.01035341	      0.00000000	      0.33559258	    -12.53087950	     52.23286401	     44.78684954	   -115.11365342	   -147.47790574	      0.00000000	    -15.86737562	     -2.35636812	     -0.46976207
      2.23166670	     -9.84890889	      3.25877515	     -5.27492692	     -0.03550744	      0.74706088	     -0.30845203	     30.76406135	    -22.72046025	    -23.04927306	    -80.82065061	     26.24267068	      5.86814459	      0.00000000	     -0.01374693	    -12.57910487	     52.17229661	     44.95920833	   -114.95673477	   -147.59059715	      0.00000000	    -16.03381402	     -2.27923492	     -0.71068181
      2.24000000	     -9.84170952	      3.19947507	     -5.32429069	     -0.03283518	      0.74694410	     -0.30924417	     31.83016190	    -22.80914318	    -22.64569434	    -81.56158123	     26.48992412	      5.79767946	      0.00000000	     -0.31014888	    -12.62845608	     52.14079905	     45.12743696	   -114.84192108	   -147.69110712	      0.00000000	    -16.17076631	     -2.18995407	     -0.96715770
      2.24833330	     -9.82366100	      3.16264066	     -5.36518193	     -0.03017584	      0.74683274	     -0.31005333	     32.84946400	    -22.91572821	    -22.35024887	    -82.11281208	     26.92332862	      5.74136441	      0.00000000	     -0.60805030	    -12.64328297	     52.11761672	     45.27877890	   -114.71706466	   -147.79458279	      0.00000000	    -16.31663653	     -2.11456443	     -1.23958632
      2.25666670	     -9.80527022	      3.11934460	     -5.38269776	     -0.02753017	      0.74670496	     -0.31087412	     33.80539236	    -23.02310653	    -22.20077403	    -82.46553006	     27.55207501	      5.75941018	      0.00000000	     -0.89792544	    -12.67107413	     52.12412076	     45.43171817	   -114.63963129	   -147.87957843	      0.00000000	    -16.46023122	     -2.01124880	     -1.53310807
      2.26500000	     -9.80279484	      3.13699932	     -5.41072643	     -0.02494696	      0.74654494	     -0.31172094	     34.78906525	    -23.17000205	    -22.09903972	    -82.65426980	     28.27671214	      5.67060078	      0.00000000	     -1.15288029	    -12.60840048	     52.11353507	     45.54777566	   -114.48454788	   -148.00845349	      0.00000000	    -16.58690681	     -1.96660053	     -1.82380476
      2.27333330	     -9.79464361	      3.14231983	     -5.41390455	     -0.02236032	      0.74639075	     -0.31256360	     35.69206044	    -23.31240038	    -22.14777899	    -82.64361834	     29.13280530	      5.64575514	      0.00000000	     -1.40934859	    -12.55908699	     52.11943883	     45.66025429	   -114.36909699	   -148.12186002	      0.00000000	    -16.71682406	     -1.89316573	     -2.13599490
      2.28166670	     -9.80197389	      3.16570128	     -5.40291922	     -0.01981006	      0.74621793	     -0.31342626	     36.57823058	    -23.46383702	    -22.28658260	    -82.46115479	     30.03225732	      5.58567733	      0.00000000	     -1.64158248	    -12.46886755	     52.10130137	     45.74759181	   -114.21256743	   -148.27025857	      0.00000000	    -16.82817011	     -1.82147424	     -2.46172390
      2.29000000	     -9.80250848	      3.19694875	     -5.38419308	     -0.01725697	      0.74604591	     -0.31427067	     37.41208664	    -23.61443844	    -22.51749864	    -82.11500113	     30.96741918	      5.55564123	      0.00000000	     -1.86994028	    -12.37602863	     52.11888326	     45.82849419	   -114.09378961	   -148.40855996	      0.00000000	    -16.94312123	     -1.75121922	     -2.79493390
      2.29833330	     -9.79863197	      3.23403029	     -5.35623115	     -0.01470527	      0.74587366	     -0.31510064	     38.19851689	    -23.76549037	    -22.83553149	    -81.61990343	     31.89761983	      5.55303765	      0.00000000	     -2.09548679	    -12.27922720	     52.15828169	     45.90017610	   -114.03324366	   -148.48946695	      0.00000000	    -17.05945293	     -1.67654914	     -3.13282585
      2.30666670	     -9.80216952	      3.28751486	     -5.32684914	     -0.01216413	      0.74568966	     -0.31590933	     38.96099677	    -23.91190928	    -23.21236485	    -80.98533894	     32.78703393	      5.54828735	      0.00000000	     -2.30572977	    -12.16016801	     52.19988970	     45.96181563	   -113.92824922	   -148.62487950	      0.00000000	    -17.16133952	     -1.61098041	     -3.46743957
      2.31500000	     -9.80847009	      3.34436685	     -5.29190411	     -0.00962227	      0.74550598	     -0.31668740	     39.68529651	    -24.04968089	    -23.65986067	    -80.22687788	     33.60659086	      5.57061614	      0.00000000	     -2.51222413	    -12.03018016	     52.23032074	     46.00820320	   -113.82469851	   -148.75765019	      0.00000000	    -17.25748042	     -1.54267603	     -3.80292615
      2.32333330	     -9.81239179	      3.40445346	     -5.24614698	     -0.00707158	      0.74531202	     -0.31744155	     40.36681558	    -24.18336352	    -24.17259416	    -79.36479520	     34.33551658	      5.63964449	      0.00000000	     -2.72473678	    -11.89356598	     52.25085719	     46.05998620	   -113.69807288	   -148.93147924	      0.00000000	    -17.34860020	     -1.46890625	     -4.14777554
      2.33166670	     -9.81842855	      3.46162683	     -5.20044508	     -0.00451362	      0.74513587	     -0.31814549	     41.00052447	    -24.30956605	    -24.76709103	    -78.39878533	     34.94362560	      5.77402035	      0.00000000	     -2.93640342	    -11.74531097	     52.24164989	     46.08688832	   -113.55310258	   -149.14989922	      0.00000000	    -17.43295848	     -1.38584908	     -4.47556637
      2.34000000	     -9.81661937	      3.54033727	     -5.16808919	     -0.00193782	      0.74494561	     -0.31879359	     41.61278867	    -24.40483408	    -25.33762668	    -77.34801098	     35.49881662	      5.91948154	      0.00000000	     -3.15049070	    -11.59069452	     52.27124707	     46.11447032	   -113.47747753	   -149.27407731	      0.00000000	    -17.51706303	     -1.32754558	     -4.79096499
      2.34833330	     -9.81887902	      3.59869276	     -5.11940887	      0.00064964	      0.74475629	     -0.31939043	     42.16468268	    -24.50628661	    -26.03359267	    -76.23490587	     35.88209964	      6.18171536	      0.00000000	     -3.37168686	    -11.44988025	     52.26180062	     46.14461604	   -113.35840786	   -149.48269443	      0.00000000	    -17.59232802	     -1.24214838	     -5.11330348
      2.35666670	     -9.81260880	      3.67295291	     -5.08560980	      0.00326800	      0.74455877	     -0.31992428	     42.68473654	    -24.58772184	    -26.72760580	    -75.05737621	     36.19782147	      6.48301676	      0.00000000	     -3.60562076	    -11.30118636	     52.25918440	     46.17849729	   -113.26342184	   -149.66393053	      0.00000000	    -17.66632721	     -1.17365037	     -5.41017198
      2.36500000	     -9.81081167	      3.74334401	     -5.05410007	      0.00590456	      0.74434663	     -0.32038874	     43.16768881	    -24.65852062	    -27.48109028	    -73.83364186	     36.39899078	      6.86124831	      0.00000000	     -3.84326212	    -11.15745554	     52.23638268	     46.21188397	   -113.16808036	   -149.85418015	      0.00000000	    -17.72695926	     -1.10189289	     -5.69845298
      2.37333330	     -9.80453923	      3.81282283	     -5.01971891	      0.00855683	      0.74414863	     -0.32081032	     43.60927699	    -24.70997200	    -28.25726144	    -72.56702544	     36.47257769	      7.34259914	      0.00000000	     -4.08824302	    -11.00679667	     52.19621017	     46.23331920	   -113.07461483	   -150.06668456	      0.00000000	    -17.78857420	     -1.02219036	     -5.98079276
      2.38166670	     -9.79338840	      3.88552938	     -4.99834527	      0.01124415	      0.74393619	     -0.32114556	     44.01150985	    -24.74913507	    -29.06951922	    -71.27073060	     36.47730050	      7.90291602	      0.00000000	     -4.34842135	    -10.86249994	     52.14735361	     46.26369345	   -112.99262421	   -150.27858447	      0.00000000	    -17.84446102	     -0.95234167	     -6.24006206
      2.39000000	     -9.77982138	      3.96097715	     -4.98328511	      0.01395701	      0.74371389	     -0.32141407	     44.37736016	    -24.78013457	    -29.91545560	    -69.95464340	     36.39970309	      8.56268427	      0.00000000	     -4.61786870	    -10.71947756	     52.08691973	     46.29623749	   -112.91733512	   -150.49918525	      0.00000000	    -17.89490286	     -0.88708041	     -6.48486758
      2.39833330	     -9.76395761	      4.03762683	     -4.97234374	      0.01669966	      0.74348220	     -0.32161732	     44.70351030	    -24.80100233	    -30.79619638	    -68.62437825	     36.25452406	      9.32904628	      0.00000000	     -4.89794141	    -10.57826950	     52.01318456	     46.33213395	   -112.84885797	   -150.72590076	      0.00000000	    -17.93990757	     -0.82334822	     -6.71379040
      2.40666670	     -9.74917939	      4.14158883	     -4.96135345	      0.01946955	      0.74324064	     -0.32180753	     45.00958198	    -24.85280261	    -31.70364728	    -67.30349208	     36.03827434	     10.21245015	      0.00000000	     -5.17273527	    -10.39020326	     51.92444685	     46.33481533	   -112.80631304	   -151.01686767	      0.00000000	    -17.97285621	     -0.78439661	     -6.94710237
      2.41500000	     -9.72166155	      4.20165863	     -4.96659356	      0.02228025	      0.74299526	     -0.32184436	     45.24774270	    -24.81919648	    -32.63278901	    -65.96379747	     35.78510125	     11.18037506	      0.00000000	     -5.49104543	    -10.28457710	     51.82053422	     46.39572698	   -112.75777447	   -151.22912937	      0.00000000	    -18.01503219	     -0.71008813	     -7.13870532
      2.42333330	     -9.70253785	      4.29503605	     -4.96767919	      0.02510483	      0.74272504	     -0.32188231	     45.47390912	    -24.83400945	    -33.59959070	    -64.65643808	     35.47119109	     12.27971319	      0.00000000	     -5.78512990	    -10.13552608	     51.73381005	     46.42972164	   -112.70623415	   -151.47297758	      0.00000000	    -18.03916921	     -0.66446830	     -7.33094221
      2.43166670	     -9.68929475	      4.41152891	     -4.96627519	      0.02795518	      0.74243611	     -0.32191009	     45.68085600	    -24.87644982	    -34.59444784	    -63.38217539	     35.11044526	     13.47890464	      0.00000000	     -6.07084211	     -9.94678835	     51.63279863	     46.43613924	   -112.68879390	   -151.76828140	      0.00000000	    -18.04633704	     -0.63882450	     -7.52473322
      2.44000000	     -9.65755952	      4.49099914	     -4.97778680	      0.03085570	      0.74215598	     -0.32179659	     45.81989272	    -24.84100249	    -35.58610459	    -62.12032051	     34.71803588	     14.73415162	      0.00000000	     -6.40321835	     -9.82929410	     51.52108352	     46.49348564	   -112.65390618	   -151.99650858	      0.00000000	    -18.07046871	     -0.58483471	     -7.68750326
      2.44833330	     -9.64112566	      4.60336102	     -4.98513393	      0.03375906	      0.74183775	     -0.32169419	     45.95545652	    -24.85947891	    -36.61693535	    -60.92792269	     34.27021932	     16.10282857	      0.00000000	     -6.70044605	     -9.67134058	     51.43425787	     46.52516342	   -112.61887481	   -152.25004650	      0.00000000	    -18.06780772	     -0.55855629	     -7.84853344
      2.45666670	     -9.62681907	      4.72226617	     -4.98541865	      0.03668736	      0.74150732	     -0.32156764	     46.06472378	    -24.87809255	    -37.64257356	    -59.79270472	     33.78474894	     17.50463395	      0.00000000	     -6.99637907	     -9.50632005	     51.34756910	     46.55175292	   -112.59708592	   -152.50682095	      0.00000000	    -18.05829291	     -0.53329869	     -8.00342866
      2.46500000	     -9.61494735	      4.85043298	     -4.98766271	      0.03964245	      0.74116312	     -0.32139297	     46.14927089	    -24.89926840	    -38.66677452	    -58.72997750	     33.25484959	     18.93439212	      0.00000000	     -7.28767105	     -9.33913827	     51.27419447	     46.57557751	   -112.57900788	   -152.76370375	      0.00000000	    -18.04029251	     -0.52125689	     -8.15215271
      2.47333330	     -9.61038904	      4.98721095	     -4.97722136	      0.04260827	      0.74080033	     -0.32121281	     46.22034191	    -24.93154548	    -39.66894637	    -57.75908535	     32.68213708	     20.37128790	      0.00000000	     -7.56235137	     -9.16159382	     51.21419521	     46.58643628	   -112.56697330	   -153.02192574	      0.00000000	    -18.00759173	     -0.51030997	     -8.30951120
      2.48166670	     -9.61158488	      5.13028975	     -4.96161621	      0.04559814	      0.74042199	     -0.32100559	     46.27526056	    -24.96256603	    -40.63043553	    -56.87857769	     32.07812389	     21.76782513	      0.00000000	     -7.82767835	     -8.98496596	     51.17260822	     46.59637379	   -112.55487048	   -153.27068982	      0.00000000	    -17.96348287	     -0.50263129	     -8.45853171
      2.49000000	     -9.61725898	      5.28590820	     -4.93973537	      0.04860511	      0.74003440	     -0.32078279	     46.31928560	    -25.00448085	    -41.54246871	    -56.10431641	     31.44089106	     23.09861268	      0.00000000	     -8.07720863	     -8.80076362	     51.16073640	     46.59628625	   -112.54186274	   -153.51200327	      0.00000000	    -17.91026720	     -0.50495666	     -8.60574887
      2.49833330	     -9.62889095	      5.44839949	     -4.90525632	      0.05163294	      0.73964148	     -0.32055394	     46.35400970	    -25.04937338	    -42.37693181	    -55.43674019	     30.78517148	     24.32938064	      0.00000000	     -8.31143718	     -8.61474591	     51.17579920	     46.58848857	   -112.52819785	   -153.74142487	      0.00000000	    -17.84504427	     -0.50742913	     -8.75484587
      2.50666670	     -9.64799607	      5.61869044	     -4.86762412	      0.05467647	      0.73923891	     -0.32029395	     46.38676589	    -25.09224257	    -43.12171390	    -54.87881067	     30.11744115	     25.42270719	      0.00000000	     -8.52723837	     -8.43236725	     51.22558479	     46.57690831	   -112.50512544	   -153.95602483	      0.00000000	    -17.76616188	     -0.51798394	     -8.89390632
      2.51500000	     -9.67395632	      5.79016068	     -4.80075115	      0.05773239	      0.73883961	     -0.32005785	     46.42063662	    -25.13497598	    -43.73043783	    -54.43087970	     29.46589285	     26.36210154	      0.00000000	     -8.72535139	     -8.25050927	     51.30267108	     46.55422882	   -112.48401749	   -154.14879342	      0.00000000	    -17.68389779	     -0.51507451	     -9.05824827
      2.52333330	     -9.69668051	      5.97007270	     -4.73212767	      0.06082417	      0.73845898	     -0.31978605	     46.43954286	    -25.17805067	    -44.23574866	    -54.08149366	     28.84991087	     27.11770364	      0.00000000	     -8.91502281	     -8.06907377	     51.41868834	     46.51876242	   -112.45928414	   -154.32388801	      0.00000000	    -17.59635263	     -0.52431032	     -9.20912625
      2.53166670	     -9.72254187	      6.14791134	     -4.65793798	      0.06394249	      0.73809084	     -0.31947554	     46.45409729	    -25.20870729	    -44.61187716	    -53.82939037	     28.27890557	     27.71146092	      0.00000000	     -9.09545993	     -7.90086934	     51.56044224	     46.47978725	   -112.43316477	   -154.47560723	      0.00000000	    -17.50207110	     -0.53252588	     -9.35922148
      2.54000000	     -9.76493886	      6.31437917	     -4.55982702	      0.06705526	      0.73771186	     -0.31915706	     46.51339036	    -25.19210677	    -44.73654291	    -53.66521358	     27.75739483	     27.99109075	      0.00000000	     -9.25061847	     -7.76490524	     51.74129564	     46.45357889	   -112.39883225	   -154.58949833	      0.00000000	    -17.39069642	     -0.51799733	     -9.52040659
      2.54833330	     -9.79693122	      6.49445680	     -4.46602387	      0.07021568	      0.73739640	     -0.31880637	     46.51718179	    -25.23334310	    -44.89020652	    -53.58971010	     27.24763382	     28.28204015	      0.00000000	     -9.39827142	     -7.61389266	     51.96269295	     46.39624055	   -112.34874354	   -154.70440402	      0.00000000	    -17.28730231	     -0.52409276	     -9.65984662
      2.55666670	     -9.81986065	      6.65133953	     -4.35143713	      0.07341252	      0.73711321	     -0.31842268	     46.52430658	    -25.23711147	    -44.84836820	    -53.59250972	     26.81794397	     28.31149197	      0.00000000	     -9.56422868	     -7.50271954	     52.19345035	     46.35644372	   -112.31565475	   -154.77946310	      0.00000000	    -17.19348663	     -0.49900424	     -9.81172431
      2.56500000	     -9.84234378	      6.80594120	     -4.23079136	      0.07663886	      0.73687045	     -0.31800042	     46.52107760	    -25.25682883	    -44.73469394	    -53.66952934	     26.42880196	     28.25074852	      0.00000000	     -9.72039125	     -7.40257272	     52.45537468	     46.30566761	   -112.27887501	   -154.84670081	      0.00000000	    -17.09744666	     -0.47412818	     -9.96205197
      2.57333330	     -9.86625057	      6.95604802	     -4.10210601	      0.07988596	      0.73667330	     -0.31754707	     46.51070694	    -25.29140093	    -44.55504770	    -53.80711858	     26.07611272	     28.12092087	      0.00000000	     -9.86311388	     -7.31574154	     52.75065518	     46.24403397	   -112.23802663	   -154.90133473	      0.00000000	    -16.99939635	     -0.44428676	    -10.10788787
      2.58166670	     -9.89183414	      7.10006655	     -3.96615201	      0.08315628	      0.73651417	     -0.31705267	     46.50109978	    -25.33349183	    -44.29739316	    -53.99633365	     25.78358541	     27.91073613	      0.00000000	     -9.99268428	     -7.25146507	     53.08823780	     46.18250927	   -112.19037188	   -154.92688376	      0.00000000	    -16.89641521	     -0.40963698	    -10.25221730
      2.59000000	     -9.91600380	      7.22854757	     -3.83159796	      0.08643748	      0.73637928	     -0.31648259	     46.50429034	    -25.33940766	    -43.91241457	    -54.20651868	     25.63678777	     27.56261726	      0.00000000	    -10.11125198	     -7.24066433	     53.49887485	     46.14878669	   -112.11069951	   -154.84458060	      0.00000000	    -16.79629949	     -0.36435194	    -10.37609899
      2.59833330	     -9.92669915	      7.33229633	     -3.69182649	      0.08975157	      0.73633283	     -0.31583605	     46.46214463	    -25.31208944	    -43.48482002	    -54.38943608	     25.56600899	     27.14343801	      0.00000000	    -10.24378243	     -7.27275258	     53.92869957	     46.12726420	   -112.00623887	   -154.67681888	      0.00000000	    -16.71061324	     -0.29935474	    -10.50090680
      2.60666670	     -9.93986253	      7.42397437	     -3.55126281	      0.09308436	      0.73632164	     -0.31512791	     46.40987542	    -25.31508861	    -43.09218339	    -54.62038477	     25.52718817	     26.74989945	      0.00000000	    -10.37317797	     -7.32537531	     54.36239990	     46.10601441	   -111.91726849	   -154.51356432	      0.00000000	    -16.61896403	     -0.22817691	    -10.61201372
      2.61500000	     -9.94623098	      7.50098276	     -3.41483510	      0.09643763	      0.73636850	     -0.31434920	     46.33281704	    -25.31945973	    -42.71132706	    -54.85342845	     25.55079439	     26.35902415	      0.00000000	    -10.50836180	     -7.40606418	     54.80951386	     46.09201812	   -111.83406228	   -154.31342368	      0.00000000	    -16.53472369	     -0.14538865	    -10.71232916
      2.62333330	     -9.94949005	      7.56712609	     -3.28519290	      0.09979885	      0.73646692	     -0.31349125	     46.23614896	    -25.32731096	    -42.35405575	    -55.08514656	     25.62100627	     26.00502540	      0.00000000	    -10.64046858	     -7.51405665	     55.28007428	     46.08520148	   -111.76663724	   -154.09668267	      0.00000000	    -16.45282999	     -0.06128050	    -10.79622045
      2.63166670	     -9.94783873	      7.62058827	     -3.15763133	      0.10317220	      0.73662295	     -0.31255746	     46.10724501	    -25.33970659	    -42.04388221	    -55.30200633	     25.75571239	     25.67730634	      0.00000000	    -10.77151691	     -7.64924873	     55.77233641	     46.08370505	   -111.69620012	   -153.83010020	      0.00000000	    -16.37528826	      0.02532907	    -10.86924422
      2.64000000	     -9.94216994	      7.65906097	     -3.03816120	      0.10654842	      0.73682758	     -0.31154823	     45.94772085	    -25.34693224	    -41.78235843	    -55.49713690	     25.93741511	     25.38967031	      0.00000000	    -10.90306299	     -7.82095456	     56.28786314	     46.10589401	   -111.62188648	   -153.49507638	      0.00000000	    -16.30003360	      0.12268555	    -10.92613113
      2.64833330	     -9.93301732	      7.68804360	     -2.93252561	      0.10993259	      0.73707908	     -0.31044748	     45.75475300	    -25.36351917	    -41.60227383	    -55.68013723	     26.15949712	     25.17213417	      0.00000000	    -11.03735759	     -8.01238981	     56.80430956	     46.13397114	   -111.56318892	   -153.14683020	      0.00000000	    -16.22627387	      0.21660620	    -10.96084049
      2.65666670	     -9.92217758	      7.70085539	     -2.82630423	      0.11329630	      0.73739536	     -0.30928668	     45.52918380	    -25.36388941	    -41.46456642	    -55.82079375	     26.38494378	     24.98464598	      0.00000000	    -11.15372042	     -8.24570156	     57.38027917	     46.17993052	   -111.46304840	   -152.64996171	      0.00000000	    -16.15759399	      0.32306559	    -10.99311696
      2.66500000	     -9.90886908	      7.70837740	     -2.73666545	      0.11665800	      0.73775171	     -0.30803497	     45.27161846	    -25.37476274	    -41.41992880	    -55.94857624	     26.62830197	     24.88292180	      0.00000000	    -11.27124198	     -8.49364575	     57.95341944	     46.23390706	   -111.37821781	   -152.15984380	      0.00000000	    -16.08754001	      0.41736900	    -11.00577422
      2.67333330	     -9.90169777	      7.72507140	     -2.65905772	      0.11999606	      0.73814256	     -0.30673625	     44.99983934	    -25.40170128	    -41.44043277	    -56.05521272	     26.87890928	     24.82985807	      0.00000000	    -11.36313232	     -8.74491185	     58.56922230	     46.29891563	   -111.25005699	   -151.55768457	      0.00000000	    -16.01099037	      0.49571541	    -10.99575985
      2.68166670	     -9.89460826	      7.73847542	     -2.58285830	      0.12331782	      0.73857701	     -0.30539286	     44.70671770	    -25.43164584	    -41.50818011	    -56.14512932	     27.13236077	     24.85188788	      0.00000000	    -11.43877442	     -9.01183806	     59.21901275	     46.36980020	   -111.10221473	   -150.89601909	      0.00000000	    -15.93266853	      0.57254519	    -10.99208077
      2.69000000	     -9.88485509	      7.74134761	     -2.51914235	      0.12662891	      0.73905168	     -0.30396957	     44.37776712	    -25.44756324	    -41.64385962	    -56.20418052	     27.38406768	     24.92902756	      0.00000000	    -11.51069302	     -9.30773505	     59.88541205	     46.46003502	   -110.99549219	   -150.21420879	      0.00000000	    -15.85706764	      0.64887721	    -10.96329122
      2.69833330	     -9.87364944	      7.74513325	     -2.46477866	      0.12992444	      0.73956766	     -0.30249757	     44.02322658	    -25.46617873	    -41.84052341	    -56.24256356	     27.61863875	     25.05172770	      0.00000000	    -11.56129800	     -9.61718929	     60.60167185	     46.55344761	   -110.91373407	   -149.47300073	      0.00000000	    -15.78086036	      0.71518205	    -10.92812269
      2.70666670	     -9.85872504	      7.74621832	     -2.41578560	      0.13320160	      0.74012853	     -0.30097968	     43.64245660	    -25.47638784	    -42.07731574	    -56.25594716	     27.83633832	     25.22431846	      0.00000000	    -11.59657582	     -9.94525913	     61.35958150	     46.65904847	   -110.84366355	   -148.67857272	      0.00000000	    -15.71056566	      0.77735722	    -10.87856396
      2.71500000	     -9.85039755	      7.76020583	     -2.36665990	      0.13646211	      0.74068933	     -0.29944517	     43.26179852	    -25.50605828	    -42.34542309	    -56.27372426	     28.07444426	     25.43857208	      0.00000000	    -11.60213810	    -10.28187353	     62.17501234	     46.79446725	   -110.71832990	   -147.76762681	      0.00000000	    -15.62592491	      0.82088894	    -10.83056011
      2.72333330	     -9.83622266	      7.77601613	     -2.32579777	      0.13971078	      0.74129241	     -0.29787347	     42.85767783	    -25.52526395	    -42.63674077	    -56.26434620	     28.28982729	     25.68656136	      0.00000000	    -11.58469303	    -10.63372545	     63.05466847	     46.93805502	   -110.61814373	   -146.79282455	      0.00000000	    -15.54807982	      0.85651835	    -10.77420228
      2.73166670	     -9.82074704	      7.79306268	     -2.28799674	      0.14294744	      0.74191846	     -0.29627144	     42.44095324	    -25.53708442	    -42.94048243	    -56.24186575	     28.50200711	     25.96241126	      0.00000000	    -11.53940436	    -11.00421441	     63.99626535	     47.10032743	   -110.50975599	   -145.73268074	      0.00000000	    -15.46694530	      0.88307768	    -10.71444989
      2.74000000	     -9.80268442	      7.81524813	     -2.25185030	      0.14616963	      0.74255017	     -0.29464482	     42.01816707	    -25.54664350	    -43.24577982	    -56.21193227	     28.73061224	     26.25947259	      0.00000000	    -11.46644336	    -11.40274520	     65.01733336	     47.30653879	   -110.35404648	   -144.55281765	      0.00000000	    -15.38945245	      0.90040243	    -10.64486253
      2.74833330	     -9.77433404	      7.85649276	     -2.19993457	      0.14938832	      0.74322113	     -0.29306367	     41.57576393	    -25.59924398	    -43.58994014	    -56.19146616	     28.91432732	     26.54263409	      0.00000000	    -11.35278278	    -11.79118520	     66.14530828	     47.49213987	   -110.39370282	   -143.34525311	      0.00000000	    -15.31998159	      0.90100897	    -10.59944155
      2.75666670	     -9.75585595	      7.89842862	     -2.16098078	      0.15257982	      0.74387459	     -0.29143907	     41.14641146	    -25.62131922	    -43.89706731	    -56.14807780	     29.12943155	     26.86997584	      0.00000000	    -11.17877639	    -12.22256815	     67.38954873	     47.74013864	   -110.29141375	   -141.92780174	      0.00000000	    -15.23534792	      0.89323384	    -10.53667196
      2.76500000	     -9.73242804	      7.93260632	     -2.11480826	      0.15575868	      0.74452497	     -0.28979744	     40.70430071	    -25.63192181	    -44.20774214	    -56.09611203	     29.36458285	     27.19129763	      0.00000000	    -10.96783318	    -12.70405137	     68.73089959	     48.04187667	   -110.22071298	   -140.41472061	      0.00000000	    -15.15716083	      0.89012562	    -10.47387568
      2.77333330	     -9.69514916	      7.98833789	     -2.05518764	      0.15893972	      0.74519689	     -0.28820603	     40.24892795	    -25.68747452	    -44.53594613	    -56.06609969	     29.56355333	     27.49023414	      0.00000000	    -10.70268104	    -13.18471260	     70.21524137	     48.34520842	   -110.35355442	   -138.80169807	      0.00000000	    -15.08775729	      0.86746692	    -10.43002715
      2.78166670	     -9.66561012	      8.03642274	     -1.99293979	      0.16208658	      0.74584204	     -0.28659665	     39.79923369	    -25.71978266	    -44.84822807	    -56.01696503	     29.78706256	     27.80351275	      0.00000000	    -10.35395677	    -13.72562601	     71.85990456	     48.71409143	   -110.49627754	   -137.00923643	      0.00000000	    -15.01099389	      0.85014492	    -10.38157115
      2.79000000	     -9.63805407	      8.08397282	     -1.92090473	      0.16520273	      0.74646501	     -0.28499851	     39.35193715	    -25.75187396	    -45.15594664	    -55.96600490	     30.02651771	     28.10563417	      0.00000000	     -9.91581568	    -14.31477559	     73.68089354	     49.13993080	   -110.71948875	   -135.03385368	      0.00000000	    -14.93216087	      0.83260885	    -10.33615072
      2.79833330	     -9.61000803	      8.12834049	     -1.83830072	      0.16829036	      0.74706502	     -0.28341186	     38.90366651	    -25.78464568	    -45.46686835	    -55.91936785	     30.25486413	     28.39345568	      0.00000000	     -9.38023522	    -14.95355735	     75.69030671	     49.62210801	   -111.11110646	   -132.87780145	      0.00000000	    -14.85346610	      0.81787216	    -10.30052276
      2.80666670	     -9.59032086	      8.17019069	     -1.74498947	      0.17133177	      0.74761778	     -0.28184297	     38.46980342	    -25.81404384	    -45.76558358	    -55.87258860	     30.50333239	     28.66907939	      0.00000000	     -8.71767317	    -15.64575885	     77.91966682	     50.17331665	   -111.66709628	   -130.46940170	      0.00000000	    -14.76665901	      0.80705852	    -10.26810437
      2.81500000	     -9.57997753	      8.20348442	     -1.63663540	      0.17431730	      0.74812169	     -0.28029527	     38.04678458	    -25.83797848	    -46.06425391	    -55.82803015	     30.76074225	     28.92744216	      0.00000000	     -7.90603991	    -16.39533852	     80.39567285	     50.79375881	   -112.47694910	   -127.79232900	      0.00000000	    -14.67249925	      0.80571956	    -10.24290316
      2.82333330	     -9.58583207	      8.23391473	     -1.51639752	      0.17723194	      0.74855376	     -0.27877241	     37.65446326	    -25.85508160	    -46.33823085	    -55.78614030	     31.04330558	     29.16620985	      0.00000000	     -6.91683950	    -17.18941040	     83.14248540	     51.47843675	   -113.67872050	   -124.78005235	      0.00000000	    -14.56310315	      0.80723753	    -10.22076212
      2.83166670	     -9.60759276	      8.26161084	     -1.37050381	      0.18005638	      0.74892876	     -0.27730942	     37.29831185	    -25.86544957	    -46.57279789	    -55.74589812	     31.32044124	     29.29301280	      0.00000000	     -5.69837693	    -18.01359654	     86.24644486	     52.18347907	   -115.71578375	   -121.49292490	      0.00000000	    -14.44499668	      0.81710877	    -10.21869795
      2.84000000	     -9.64114793	      8.26040461	     -1.20596349	      0.18281277	      0.74923084	     -0.27586285	     36.93866534	    -25.86064213	    -46.85209547	    -55.70613926	     31.61258594	     29.44944336	      0.00000000	     -4.26819369	    -18.89406995	     89.64786960	     52.99102413	   -118.13147300	   -117.79522375	      0.00000000	    -14.31836867	      0.85873733	    -10.22199619
      2.84833330	     -9.68743238	      8.25579508	     -1.02664776	      0.18549423	      0.74946382	     -0.27446496	     36.60309760	    -25.86066430	    -47.12772102	    -55.67868252	     31.90324671	     29.58658025	      0.00000000	     -2.62312044	    -19.76250219	     93.31013339	     53.88302631	   -120.88705332	   -113.81253436	      0.00000000	    -14.18201522	      0.90559249	    -10.23362408
      2.85666670	     -9.73236080	      8.24186453	     -0.84072706	      0.18813859	      0.74965233	     -0.27309514	     36.26994105	    -25.85481374	    -47.40417105	    -55.65653062	     32.20138355	     29.71012176	      0.00000000	     -0.85989662	    -20.58567273	     97.03485877	     54.86554660	   -123.55347873	   -109.80725211	      0.00000000	    -14.05180719	      0.96295453	    -10.24650481
      2.86500000	     -9.77280150	      8.21209118	     -0.66164575	      0.19077500	      0.74979127	     -0.27171405	     35.93227701	    -25.82505365	    -47.67691574	    -55.63062942	     32.53855386	     29.85461068	      0.00000000	      0.91081321	    -21.35135696	    100.59477015	     55.93929979	   -125.70971002	   -106.05769277	      0.00000000	    -13.92560848	      1.03273833	    -10.24675317
      2.87333330	     -9.79512403	      8.22411737	     -0.48885663	      0.19340681	      0.74992978	     -0.27041032	     35.61206190	    -25.85315888	    -47.91177588	    -55.64827627	     32.81519168	     29.95358531	      0.00000000	      2.64464767	    -21.95745995	    103.94962388	     57.05816860	   -126.98602771	   -102.69497258	      0.00000000	    -13.82437413	      1.05937745	    -10.25382422
      2.88166670	     -9.82444002	      8.21062730	     -0.32756011	      0.19601805	      0.74999627	     -0.26906867	     35.29987700	    -25.83772187	    -48.13490575	    -55.65451416	     33.15766938	     30.09366962	      0.00000000	      4.32842470	    -22.53247926	    107.03239251	     58.24088008	   -127.70445629	    -99.70923330	      0.00000000	    -13.71440841	      1.10580902	    -10.23614486
      2.89000000	     -9.81599061	      8.17881071	     -0.16627159	      0.19865268	      0.75009386	     -0.26772584	     34.93096394	    -25.80262561	    -48.38627929	    -55.64807323	     33.49122066	     30.19280842	      0.00000000	      5.91828030	    -23.05969588	    109.88216051	     59.45217519	   -127.83017085	    -97.04073870	      0.00000000	    -13.65105204	      1.16916225	    -10.21850926
      2.89833330	     -9.82241332	      8.16026852	     -0.01082488	      0.20122822	      0.75012404	     -0.26641870	     34.61377717	    -25.77461528	    -48.58029254	    -55.66173158	     33.82855323	     30.27031212	      0.00000000	      7.50334717	    -23.51263060	    112.56075417	     60.66404282	   -127.80361433	    -94.68030583	      0.00000000	    -13.57828921	      1.21733862	    -10.19524826
      2.90666670	     -9.83050521	      8.13718615	      0.14230013	      0.20376432	      0.75011993	     -0.26513052	     34.30723071	    -25.73963420	    -48.76549820	    -55.67996170	     34.16351694	     30.33867500	      0.00000000	      9.05465380	    -23.91724787	    115.05124733	     61.87404576	   -127.52179371	    -92.57789723	      0.00000000	    -13.50969930	      1.26813055	    -10.16578504
      2.91500000	     -9.83845944	      8.12215560	      0.28922813	      0.20626241	      0.75008913	     -0.26386888	     34.01760626	    -25.71148363	    -48.93134930	    -55.70866989	     34.48591749	     30.39067372	      0.00000000	     10.56092207	    -24.26106153	    117.34854180	     63.05849104	   -127.04654542	    -90.70194589	      0.00000000	    -13.44827838	      1.30736158	    -10.13008415
      2.92333330	     -9.84962698	      8.09865468	      0.43423416	      0.20871436	      0.75002706	     -0.26262235	     33.73861573	    -25.67278101	    -49.09246102	    -55.74008776	     34.80898050	     30.43964049	      0.00000000	     12.02319148	    -24.57698860	    119.44887389	     64.21240857	   -126.47506483	    -89.06296610	      0.00000000	    -13.39234123	      1.35359019	    -10.08764156
      2.93166670	     -9.86279540	      8.07261195	      0.57490193	      0.21111965	      0.74994421	     -0.26139587	     33.47173711	    -25.62828501	    -49.24330273	    -55.77341413	     35.11519276	     30.47887980	      0.00000000	     13.43356083	    -24.86026754	    121.34687634	     65.31267576	   -125.88714931	    -87.65981137	      0.00000000	    -13.34422684	      1.40130765	    -10.03846124
      2.94000000	     -9.87865334	      8.04728640	      0.71034603	      0.21348835	      0.74984347	     -0.26018172	     33.21535733	    -25.58211007	    -49.38894262	    -55.80890704	     35.41987901	     30.51474045	      0.00000000	     14.78380607	    -25.11200863	    123.03705711	     66.33729798	   -125.34763982	    -86.46135936	      0.00000000	    -13.29945999	      1.44057918	     -9.98344443
      2.94833330	     -9.90026461	      8.01550736	      0.84091975	      0.21580792	      0.74971933	     -0.25898312	     32.97072920	    -25.52623612	    -49.53311601	    -55.84270195	     35.71790661	     30.55196101	      0.00000000	     16.07404504	    -25.34820659	    124.51062337	     67.27644966	   -124.93009894	    -85.51702982	      0.00000000	    -13.25779282	      1.48586570	     -9.92052500
      2.95666670	     -9.92449755	      7.98147201	      0.96543153	      0.21808852	      0.74958730	     -0.25780131	     32.73538805	    -25.46526932	    -49.67197763	    -55.87584352	     36.00217185	     30.58880254	      0.00000000	     17.29583668	    -25.56512084	    125.76911274	     68.11203545	   -124.66210029	    -84.78684381	      0.00000000	    -13.22220716	      1.53066613	     -9.85018507
      2.96500000	     -9.94507479	      7.96146918	      1.08786373	      0.22033539	      0.74946709	     -0.25666826	     32.50551649	    -25.42268565	    -49.80215077	    -55.91329080	     36.26575836	     30.61041328	      0.00000000	     18.44829784	    -25.73136953	    126.83449372	     68.82374572	   -124.53554828	    -84.21649587	      0.00000000	    -13.19931647	      1.55874965	     -9.78120876
      2.97333330	     -9.98399771	      7.91525839	      1.20228249	      0.22252353	      0.74930847	     -0.25551134	     32.29130446	    -25.34363900	    -49.94768097	    -55.93698728	     36.53228053	     30.65276952	      0.00000000	     19.53107231	    -25.93298599	    127.64678435	     69.42499087	   -124.61073381	    -83.87859700	      0.00000000	    -13.16634622	      1.60881963	     -9.69493306
      2.98166670	    -10.01427496	      7.87538129	      1.31284302	      0.22469079	      0.74917558	     -0.25439001	     32.07400580	    -25.26837914	    -50.07792185	    -55.95747120	     36.76721898	     30.68828800	      0.00000000	     20.53933567	    -26.09637269	    128.27848555	     69.89001572	   -124.83096202	    -83.68750028	      0.00000000	    -13.14950406	      1.65038361	     -9.60547278
      2.99000000	    -10.06561904	      7.83890046	      1.42093309	      0.22679915	      0.74901274	     -0.25330315	     31.87986162	    -25.20329721	    -50.22866923	    -55.97569904	     37.02940868	     30.72919563	      0.00000000	     21.48030903	    -26.24452337	    128.67509832	     70.21667189	   -125.26481395	    -83.54943273	      0.00000000	    -13.12108181	      1.68601194	     -9.51551538
      2.99833330	    -10.11560405	      7.80190186	      1.53003623	      0.22888136	      0.74887079	     -0.25224769	     31.68077505	    -25.13543897	    -50.38382433	    -55.98092760	     37.26573790	     30.75776788	      0.00000000	     22.34057870	    -26.37153252	    128.87196931	     70.39600549	   -125.88662303	    -83.56566609	      0.00000000	    -13.10003289	      1.72060754	     -9.42537237
      3.00666670	    -10.15777999	      7.77126725	      1.62049625	      0.23095056	      0.74874155	     -0.25120511	     31.49053187	    -25.06720693	    -50.50344726	    -55.99419340	     37.50693203	     30.82072371	      0.00000000	     23.09752445	    -26.47718174	    128.85039012	     70.42420902	   -126.74213642	    -83.72973284	      0.00000000	    -13.09522163	      1.74532886	     -9.31883314
      3.01500000	    -10.21183106	      7.72573684	      1.73806862	      0.23298024	      0.74861639	     -0.25022845	     31.28451208	    -24.99580237	    -50.68041671	    -55.98069618	     37.75033019	     30.83783265	      0.00000000	     23.80496857	    -26.56521194	    128.66386171	     70.33232946	   -127.48467768	    -83.99075470	      0.00000000	    -13.08337288	      1.79006150	     -9.23792892
      3.02333330	    -10.25300211	      7.71160940	      1.80875399	      0.23502916	      0.74852564	     -0.24923187	     31.09667117	    -24.93302844	    -50.78297647	    -55.97053123	     37.99390746	     30.91618879	      0.00000000	     24.32423382	    -26.63129116	    128.14230776	     70.06324183	   -128.53582762	    -84.33737822	      0.00000000	    -13.09221221	      1.78952446	     -9.11889749
      3.03166670	    -10.31066952	      7.69076076	      1.88471091	      0.23702817	      0.74842067	     -0.24827547	     30.92456191	    -24.86930164	    -50.90403251	    -55.95735505	     38.20616753	     30.96234751	      0.00000000	     24.79530109	    -26.66970576	    127.46224787	     69.68498678	   -129.43746375	    -84.73189325	      0.00000000	    -13.08959109	      1.79413198	     -8.99966509
      3.04000000	    -10.39143590	      7.66898857	      1.97495465	      0.23898093	      0.74828764	     -0.24739108	     30.78206419	    -24.81282680	    -51.01451939	    -55.94844593	     38.41333740	     31.01421118	      0.00000000	     25.22343615	    -26.66892177	    126.62684465	     69.18414139	   -130.38760150	    -85.22365225	      0.00000000	    -13.06497442	      1.80612545	     -8.89417568
      3.04833330	    -10.45856060	      7.64842566	      2.05431151	      0.24094789	      0.74819064	     -0.24651804	     30.62096004	    -24.74858965	    -51.12321080	    -55.92217808	     38.63040180	     31.06301092	      0.00000000	     25.51734405	    -26.64350907	    125.56563339	     68.56065106	   -131.25143528	    -85.74208967	      0.00000000	    -13.05951667	      1.81153052	     -8.78177914
      3.05666670	    -10.53112547	      7.63031404	      2.13499512	      0.24290400	      0.74809126	     -0.24569389	     30.46742856	    -24.69039761	    -51.22764293	    -55.89529255	     38.84536205	     31.10384197	      0.00000000	     25.72288328	    -26.57779694	    124.32026397	     67.82808717	   -132.04815616	    -86.33100713	      0.00000000	    -13.05059206	      1.81649884	     -8.67025130
      3.06500000	    -10.59381402	      7.58958867	      2.21702894	      0.24487190	      0.74801375	     -0.24487297	     30.28752408	    -24.59932343	    -51.34814447	    -55.84197279	     39.06262978	     31.13326224	      0.00000000	     25.82503492	    -26.50483684	    122.89575601	     66.99523524	   -132.82026987	    -87.03504295	      0.00000000	    -13.05393990	      1.84235314	     -8.55949192
      3.07333330	    -10.67460923	      7.59083236	      2.28836687	      0.24681787	      0.74791598	     -0.24413174	     30.15951010	    -24.55925318	    -51.41420463	    -55.81800004	     39.27626170	     31.17900134	      0.00000000	     25.83759955	    -26.33244986	    121.27195081	     66.05488293	   -133.43284241	    -87.79452484	      0.00000000	    -13.04040200	      1.82302273	     -8.44673801
      3.08166670	    -10.75026205	      7.58473108	      2.36062070	      0.24877754	      0.74782651	     -0.24342410	     30.02039121	    -24.51155625	    -51.48548084	    -55.78513349	     39.49065891	     31.21020699	      0.00000000	     25.75202520	    -26.12209618	    119.47139494	     65.03088700	   -133.95431547	    -88.66946853	      0.00000000	    -13.03248584	      1.81241843	     -8.33400245
      3.09000000	    -10.82672871	      7.57036339	      2.43167625	      0.25074295	      0.74772935	     -0.24273944	     29.87949866	    -24.45163578	    -51.55597435	    -55.74449213	     39.71221963	     31.24057358	      0.00000000	     25.58024388	    -25.87375199	    117.49879364	     63.93627388	   -134.36984244	    -89.70232701	      0.00000000	    -13.02391928	      1.80956734	     -8.21933338
      3.09833330	    -10.89746195	      7.55748342	      2.50080388	      0.25272947	      0.74764271	     -0.24208546	     29.73308908	    -24.39261141	    -51.61776705	    -55.70086847	     39.92815809	     31.26193453	      0.00000000	     25.31123236	    -25.56716703	    115.34920872	     62.76746914	   -134.65028357	    -90.92025015	      0.00000000	    -13.01944890	      1.80272056	     -8.10788885
      3.10666670	    -10.97444880	      7.55433073	      2.56845414	      0.25471608	      0.74753511	     -0.24148648	     29.60378531	    -24.34848198	    -51.66297742	    -55.66963292	     40.14586446	     31.28259478	      0.00000000	     24.97011706	    -25.18610569	    113.03409783	     61.54366007	   -134.77592817	    -92.27700728	      0.00000000	    -13.00789727	      1.78743028	     -7.99588845
      3.11500000	    -11.02522639	      7.51447095	      2.64044679	      0.25676079	      0.74745535	     -0.24087981	     29.41611671	    -24.25798763	    -51.75025596	    -55.60430060	     40.37589036	     31.28306617	      0.00000000	     24.52069308	    -24.79027278	    110.53997280	     60.29116310	   -134.66536941	    -93.90854672	      0.00000000	    -13.02006888	      1.81126187	     -7.88588496
      3.12333330	    -11.09506160	      7.50558137	      2.70245812	      0.25879343	      0.74733792	     -0.24033290	     29.27698735	    -24.20711927	    -51.79071508	    -55.56859479	     40.59790120	     31.29756255	      0.00000000	     24.02380159	    -24.28314095	    107.88433158	     58.98895434	   -134.39144251	    -95.69270223	      0.00000000	    -13.01151589	      1.79858619	     -7.77097455
      3.13166670	    -11.16108127	      7.50740533	      2.75559201	      0.26085832	      0.74720683	     -0.23982882	     29.13899296	    -24.17583882	    -51.82906325	    -55.54694280	     40.82504598	     31.33409270	      0.00000000	     23.43589631	    -23.68411132	    105.01760977	     57.67254935	   -133.58221568	    -97.68368063	      0.00000000	    -13.00331322	      1.77544953	     -7.65156801
      3.14000000	    -11.21931499	      7.50409972	      2.80652023	      0.26295665	      0.74706679	     -0.23934543	     28.99194927	    -24.13594282	    -51.86013365	    -55.52186597	     41.05789951	     31.35692894	      0.00000000	     22.79555270	    -23.01720029	    102.00006754	     56.34030374	   -132.69322736	    -99.94799879	      0.00000000	    -12.99972309	      1.75444548	     -7.53151108
      3.14833330	    -11.27835512	      7.50073677	      2.84812168	      0.26507919	      0.74691585	     -0.23888618	     28.84964634	    -24.09696105	    -51.88456839	    -55.50350533	     41.28469883	     31.38538451	      0.00000000	     22.09402487	    -22.25911059	     98.77884437	     54.99584257	   -131.43216546	   -102.48033367	      0.00000000	    -12.99274369	      1.73377349	     -7.40417502
      3.15666670	    -11.32875550	      7.50169777	      2.88308582	      0.26724412	      0.74675973	     -0.23845986	     28.69878370	    -24.06626555	    -51.90602849	    -55.49050186	     41.51886379	     31.42133253	      0.00000000	     21.33841966	    -21.40135481	     95.36627181	     53.65780174	   -129.77076306	   -105.29421684	      0.00000000	    -12.99180341	      1.70741528	     -7.27378239
      3.16500000	    -11.36666175	      7.50684637	      2.90964922	      0.26946258	      0.74659498	     -0.23805187	     28.53442799	    -24.03966551	    -51.92313865	    -55.48005087	     41.76458399	     31.45963599	      0.00000000	     20.54642588	    -20.45166882	     91.78463032	     52.35034135	   -127.77869128	   -108.37012343	      0.00000000	    -12.99592391	      1.67217028	     -7.13879993
      3.17333330	    -11.40468149	      7.51059030	      2.92695522	      0.27170285	      0.74641239	     -0.23767012	     28.37418887	    -24.01361459	    -51.93426479	    -55.47571260	     42.01006262	     31.49925145	      0.00000000	     19.76836563	    -19.41075840	     88.08565020	     51.06742385	   -125.50137859	   -111.59674055	      0.00000000	    -12.99897749	      1.63809401	     -6.99594162
      3.18166670	    -11.45524696	      7.50445064	      2.93129085	      0.27394499	      0.74618328	     -0.23729471	     28.24546919	    -23.97708889	    -51.92169025	    -55.49460371	     42.18214317	     31.52274199	      0.00000000	     19.06493169	    -18.31630619	     84.36076271	     49.83378356	   -123.13149328	   -114.80475025	      0.00000000	    -12.98473446	      1.60988994	     -6.83754826
      3.19000000	    -11.49391878	      7.49342052	      2.94110309	      0.27621876	      0.74592642	     -0.23695848	     28.09279922	    -23.94036807	    -51.92445554	    -55.50466104	     42.43660812	     31.55238770	      0.00000000	     18.48600123	    -17.20000514	     80.81040557	     48.64819070	   -121.09890830	   -117.86929259	      0.00000000	    -12.97844000	      1.58516626	     -6.68707943
      3.19833330	    -11.53850076	      7.45645512	      2.95257302	      0.27849593	      0.74561499	     -0.23662664	     27.94512002	    -23.86743530	    -51.92089159	    -55.50209939	     42.72261064	     31.54994554	      0.00000000	     18.05187187	    -16.11149139	     77.46026966	     47.50442579	   -119.54912212	   -120.72735731	      0.00000000	    -12.96078436	      1.58592696	     -6.53294859
      3.20666670	    -11.59120625	      7.39167527	      2.95427124	      0.28077558	      0.74524397	     -0.23627614	     27.81586190	    -23.75600765	    -51.89983815	    -55.50374849	     42.97964008	     31.51968673	      0.00000000	     17.74917565	    -15.07785752	     74.30552891	     46.41741382	   -118.40115241	   -123.36722263	      0.00000000	    -12.92938096	      1.60861965	     -6.36230039
      3.21500000	    -11.67266217	      7.31601595	      2.93732173	      0.28302332	      0.74477906	     -0.23591072	     27.75819511	    -23.61389327	    -51.79719063	    -55.52178902	     43.22641702	     31.43474240	      0.00000000	     17.59132988	    -14.09659058	     71.35343971	     45.37135469	   -117.73503673	   -125.79992707	      0.00000000	    -12.86440202	      1.63397588	     -6.16870847
      3.22333330	    -11.71759482	      7.20651364	      2.92974417	      0.28535924	      0.74433323	     -0.23554307	     27.60483722	    -23.45630807	    -51.81175574	    -55.52130792	     43.48914034	     31.40939912	      0.00000000	     17.47755527	    -13.18655557	     68.57455987	     44.40969406	   -117.08596955	   -128.08721076	      0.00000000	    -12.83074064	      1.69430855	     -5.98375651
      3.23166670	    -11.76221654	      7.07475651	      2.91335952	      0.28772457	      0.74384380	     -0.23516134	     27.45665549	    -23.26464159	    -51.80589763	    -55.51976396	     43.76343999	     31.36670492	      0.00000000	     17.44219209	    -12.35587582	     65.98387629	     43.51067572	   -116.69777591	   -130.23442564	      0.00000000	    -12.79063264	      1.77279728	     -5.78917583
      3.24000000	    -11.80687643	      6.92707462	      2.88258109	      0.29011811	      0.74332125	     -0.23475920	     27.30810782	    -23.04962903	    -51.80144336	    -55.51386222	     44.03737761	     31.32407994	      0.00000000	     17.46281848	    -11.59661356	     63.54307885	     42.66554131	   -116.55765211	   -132.32405021	      0.00000000	    -12.74703205	      1.86142751	     -5.57573186
      3.24833330	    -11.83657772	      6.75049704	      2.84738480	      0.29257182	      0.74279193	     -0.23433704	     27.12431443	    -22.80126832	    -51.82700559	    -55.49522569	     44.30244584	     31.28936992	      0.00000000	     17.51175748	    -10.92427175	     61.25464474	     41.87009274	   -116.72346288	   -134.39660030	      0.00000000	    -12.71328463	      1.97782665	     -5.35545163
      3.25666670	    -11.86043707	      6.59258615	      2.79466050	      0.29507599	      0.74225236	     -0.23392974	     26.93575686	    -22.57789000	    -51.85293283	    -55.48635072	     44.59712151	     31.27729783	      0.00000000	     17.58290392	    -10.27179838	     59.08025642	     41.08102164	   -117.23819892	   -136.37912787	      0.00000000	    -12.68090600	      2.06594418	     -5.12740104
      3.26500000	    -11.87680636	      6.39753901	      2.73017663	      0.29762769	      0.74169580	     -0.23347786	     26.73931538	    -22.29253692	    -51.85845049	    -55.45898090	     44.86742985	     31.21864101	      0.00000000	     17.67084863	     -9.73275573	     57.05518854	     40.40151979	   -117.56134916	   -138.26593444	      0.00000000	    -12.65264383	      2.18782483	     -4.88191126
      3.27333330	    -11.89180428	      6.20524175	      2.64151373	      0.30022577	      0.74111736	     -0.23300986	     26.54878871	    -22.00298362	    -51.84215601	    -55.43544568	     45.15249400	     31.18719272	      0.00000000	     17.76385054	     -9.24673661	     55.13179263	     39.77199814	   -117.98881510	   -140.07211153	      0.00000000	    -12.62344299	      2.29818211	     -4.61346026
      3.28166670	    -11.89542018	      6.00612113	      2.53539138	      0.30289467	      0.74053679	     -0.23252521	     26.34015820	    -21.70231777	    -51.82700955	    -55.41019610	     45.42491555	     31.17385224	      0.00000000	     17.84802544	     -8.83024204	     53.33430234	     39.19903194	   -118.49521484	   -141.80299014	      0.00000000	    -12.59646253	      2.40997223	     -4.33350664
      3.29000000	    -11.89162637	      5.80361426	      2.41579010	      0.30561655	      0.73995808	     -0.23203741	     26.12102239	    -21.39354416	    -51.80811170	    -55.38101915	     45.69291204	     31.15824370	      0.00000000	     17.92223322	     -8.46808430	     51.64779656	     38.67903347	   -118.99183865	   -143.43627509	      0.00000000	    -12.57741790	      2.52006227	     -4.04261502
      3.29833330	    -11.87776550	      5.59657321	      2.28195830	      0.30840120	      0.73938666	     -0.23154025	     25.88551066	    -21.07540501	    -51.79023157	    -55.34685895	     45.94510844	     31.14125700	      0.00000000	     17.97860036	     -8.16431305	     50.07879121	     38.21098605	   -119.47754203	   -144.96143599	      0.00000000	    -12.56556879	      2.62862211	     -3.74182425
      3.30666670	    -11.85687266	      5.38962434	      2.13647264	      0.31124549	      0.73881086	     -0.23104889	     25.63776052	    -20.75263719	    -51.76369712	    -55.30302550	     46.23966097	     31.14501231	      0.00000000	     18.01705669	     -7.91693070	     48.64032934	     37.80282137	   -119.92633463	   -146.40662798	      0.00000000	    -12.55917854	      2.73371524	     -3.43242805
      3.31500000	    -11.82776900	      5.17478040	      1.98166205	      0.31415140	      0.73824475	     -0.23055201	     25.36930483	    -20.42049622	    -51.75132348	    -55.25148269	     46.51504077	     31.15546432	      0.00000000	     18.03459767	     -7.73239455	     47.33711711	     37.44028975	   -120.40797052	   -147.77753269	      0.00000000	    -12.55853349	      2.84146218	     -3.11880700
      3.32333330	    -11.79459197	      4.95501421	      1.82125518	      0.31710604	      0.73768585	     -0.23006247	     25.08953975	    -20.08166820	    -51.74307998	    -55.19480524	     46.77200416	     31.15996860	      0.00000000	     18.03429390	     -7.59952475	     46.16598075	     37.11979989	   -120.86253533	   -149.04043757	      0.00000000	    -12.56041731	      2.95107649	     -2.80246152
      3.33166670	    -11.75508176	      4.73404320	      1.65094818	      0.32012308	      0.73713471	     -0.22957696	     24.79409973	    -19.73940474	    -51.73529365	    -55.12797350	     47.04455269	     31.18689449	      0.00000000	     18.00859829	     -7.52710833	     45.14609834	     36.84980959	   -121.32900906	   -150.19958084	      0.00000000	    -12.56711342	      3.05682314	     -2.48271140
      3.34000000	    -11.70805229	      4.53008314	      1.46395775	      0.32320417	      0.73659571	     -0.22910577	     24.49093991	    -19.41868539	    -51.71534326	    -55.06833240	     47.31528188	     31.24406530	      0.00000000	     17.94573187	     -7.48478101	     44.23690309	     36.61586460	   -121.86465516	   -151.24869072	      0.00000000	    -12.58020880	      3.14097875	     -2.15183965
      3.34833330	    -11.66128855	      4.31951585	      1.27822143	      0.32632930	      0.73606843	     -0.22865126	     24.17930776	    -19.08538434	    -51.69384483	    -54.99122242	     47.57806184	     31.27840923	      0.00000000	     17.86799746	     -7.49822785	     43.48865729	     36.42808385	   -122.30900863	   -152.14255473	      0.00000000	    -12.59262080	      3.22906899	     -1.82672685
      3.35666670	    -11.60694985	      4.12859704	      1.08098811	      0.32951297	      0.73556309	     -0.22821918	     23.86088658	    -18.77718224	    -51.65678218	    -54.92175336	     47.84711623	     31.34224995	      0.00000000	     17.75527103	     -7.53840061	     42.86530252	     36.27348463	   -122.80098230	   -152.90867356	      0.00000000	    -12.61377096	      3.29143687	     -1.50105148
      3.36500000	    -11.55378006	      3.92900777	      0.89043716	      0.33273765	      0.73506045	     -0.22780598	     23.53328785	    -18.45469370	    -51.61877458	    -54.83207822	     48.13361389	     31.38870925	      0.00000000	     17.63662325	     -7.66451821	     42.49208765	     36.19102736	   -123.16255544	   -153.48292629	      0.00000000	    -12.63309500	      3.36062301	     -1.18395274
      3.37333330	    -11.49560273	      3.76449164	      0.68867562	      0.33601220	      0.73460617	     -0.22744382	     23.20893766	    -18.17396433	    -51.55034003	    -54.75226972	     48.39436939	     31.43510824	      0.00000000	     17.47516249	     -7.74943337	     42.11310420	     36.09290710	   -123.63453214	   -153.95241633	      0.00000000	    -12.66016649	      3.39270528	     -0.86764852
      3.38166670	    -11.43775814	      3.60297146	      0.49256947	      0.33932987	      0.73417272	     -0.22711069	     22.87624269	    -17.89713630	    -51.48079857	    -54.66101324	     48.65086380	     31.48813856	      0.00000000	     17.30228796	     -7.89148113	     41.93050783	     36.05303532	   -123.97514293	   -154.22144069	      0.00000000	    -12.68769987	      3.42005623	     -0.56435573
      3.39000000	    -11.36613315	      3.47137471	      0.29819758	      0.34270930	      0.73379811	     -0.22684403	     22.52275104	    -17.66529148	    -51.41092890	    -54.57519426	     48.89160421	     31.56542803	      0.00000000	     17.09234488	     -8.02348084	     41.84095469	     36.04532765	   -124.14427665	   -154.25048586	      0.00000000	    -12.73273940	      3.41713042	     -0.27231517
      3.39833330	    -11.31200838	      3.33781456	      0.11097831	      0.34608670	      0.73342590	     -0.22659576	     22.20621350	    -17.40669544	    -51.26946806	    -54.46810433	     49.15780299	     31.56104987	      0.00000000	     16.89671815	     -8.20397973	     41.90323180	     36.04582249	   -124.58103913	   -154.33738355	      0.00000000	    -12.76297409	      3.41341594	      0.00516591
      3.40666670	    -11.24672339	      3.25830257	     -0.08249994	      0.34953895	      0.73312048	     -0.22642246	     21.86482113	    -17.23233936	    -51.16053901	    -54.37107283	     49.40361595	     31.60662294	      0.00000000	     16.65177966	     -8.32574192	     41.95157400	     36.07720649	   -124.78133758	   -154.29637814	      0.00000000	    -12.80318450	      3.35126309	      0.27247216
      3.41500000	    -11.18741852	      3.16360044	     -0.25156887	      0.35298807	      0.73284561	     -0.22629745	     21.54951515	    -17.01879463	    -50.96665061	    -54.26018124	     49.66223302	     31.57173672	      0.00000000	     16.43000063	     -8.51351245	     42.21565290	     36.11996560	   -125.16646007	   -154.12966061	      0.00000000	    -12.84726424	      3.31220552	      0.51780870
      3.42333330	    -11.14121808	      3.10845319	     -0.42252213	      0.35645642	      0.73258123	     -0.22622645	     21.26148933	    -16.85262683	    -50.74552690	    -54.15786334	     49.90995245	     31.49458946	      0.00000000	     16.21042366	     -8.71233576	     42.60819421	     36.22345228	   -125.46801027	   -153.78054739	      0.00000000	    -12.87585920	      3.22695322	      0.75293692
      3.43166670	    -11.06696306	      3.06681131	     -0.57474429	      0.35999757	      0.73244201	     -0.22623102	     20.91127878	    -16.70894047	    -50.56158926	    -54.01930424	     50.17045257	     31.45932515	      0.00000000	     15.94461787	     -8.85717643	     42.94191810	     36.30980056	   -125.61765235	   -153.40495603	      0.00000000	    -12.94109974	      3.13513702	      0.95794365
      3.44000000	    -11.03827346	      3.05907999	     -0.71120859	      0.36348583	      0.73222649	     -0.22632068	     20.65833915	    -16.60896082	    -50.29493790	    -53.93170956	     50.42941385	     31.31236902	      0.00000000	     15.77385340	     -9.10104694	     43.70047148	     36.51283717	   -125.52118421	   -152.51192960	      0.00000000	    -12.95833290	      3.00612024	      1.13696597
      3.44833330	    -10.97870328	      3.05287292	     -0.84556099	      0.36704779	      0.73214945	     -0.22643390	     20.35013905	    -16.50848501	    -50.04396757	    -53.81655029	     50.63557167	     31.20076699	      0.00000000	     15.52775386	     -9.28183318	     44.25000485	     36.67753528	   -125.58331321	   -151.87994667	      0.00000000	    -13.01813679	      2.87985693	      1.31242136
      3.45666670	    -10.93952969	      3.08091431	     -0.95311674	      0.37059989	      0.73207368	     -0.22665400	     20.07394926	    -16.45823746	    -49.77703630	    -53.71012405	     50.87029410	     31.03845604	      0.00000000	     15.32719473	     -9.46386232	     44.96308423	     36.89064556	   -125.39800760	   -151.00987589	      0.00000000	    -13.05608309	      2.72189981	      1.44779715
      3.46500000	    -10.89144413	      3.12135617	     -1.05865406	      0.37418149	      0.73207244	     -0.22691140	     19.78800312	    -16.42786629	    -49.50672561	    -53.60900137	     51.06067048	     30.87632167	      0.00000000	     15.10160185	     -9.62120011	     45.62161167	     37.10940908	   -125.18806717	   -150.15740375	      0.00000000	    -13.11301205	      2.55141417	      1.58006310
      3.47333330	    -10.85336869	      3.18381092	     -1.13950038	      0.37777018	      0.73209923	     -0.22726772	     19.50883992	    -16.44243501	    -49.25322626	    -53.51727599	     51.26234886	     30.71044529	      0.00000000	     14.89732977	     -9.75283682	     46.31986707	     37.34236003	   -124.81003605	   -149.25898228	      0.00000000	    -13.16009112	      2.36804045	      1.67107031
      3.48166670	    -10.81291583	      3.26611774	     -1.22287259	      0.38137370	      0.73218470	     -0.22765957	     19.24116069	    -16.47978281	    -48.96880417	    -53.43709127	     51.42258872	     30.49750293	      0.00000000	     14.66862577	     -9.84223710	     46.92020554	     37.56249938	   -124.55680903	   -148.42926647	      0.00000000	    -13.21898495	      2.16320737	      1.76621401
      3.49000000	    -10.77685938	      3.36028288	     -1.28052295	      0.38498536	      0.73230713	     -0.22813262	     18.97187026	    -16.54334663	    -48.69540870	    -53.35630845	     51.57702401	     30.30163675	      0.00000000	     14.45154620	     -9.91397301	     47.54602720	     37.80269341	   -124.10132244	   -147.53645120	      0.00000000	    -13.27627548	      1.95126814	      1.82457421
      3.49833330	    -10.75071239	      3.47488923	     -1.32518663	      0.38859408	      0.73245843	     -0.22867784	     18.71147444	    -16.65147368	    -48.44544382	    -53.29231816	     51.72401161	     30.11741472	      0.00000000	     14.24318541	     -9.93753259	     48.12051261	     38.02133156	   -123.64254671	   -146.73487437	      0.00000000	    -13.32832310	      1.72304667	      1.86147245
      3.50666670	    -10.73705728	      3.59886516	     -1.35516245	      0.39219040	      0.73262421	     -0.22928650	     18.46607283	    -16.78976712	    -48.21617168	    -53.24940812	     51.83915176	     29.91366369	      0.00000000	     14.04883116	     -9.93925005	     48.67755869	     38.24283111	   -123.11663214	   -145.97461619	      0.00000000	    -13.37296453	      1.49117014	      1.88320522
      3.51500000	    -10.73041918	      3.73912618	     -1.37783128	      0.39579729	      0.73280797	     -0.22994969	     18.22774643	    -16.97099886	    -48.01307621	    -53.23197551	     51.94011652	     29.73528549	      0.00000000	     13.83533663	     -9.88928645	     49.11556685	     38.45232653	   -122.66198995	   -145.35020244	      0.00000000	    -13.41173026	      1.24584648	      1.88925798
      3.52333330	    -10.73105811	      3.87673407	     -1.38791896	      0.39938882	      0.73302696	     -0.23065165	     17.99983938	    -17.14468297	    -47.79212221	    -53.20868976	     51.99397143	     29.55097694	      0.00000000	     13.64288115	     -9.83332455	     49.57523138	     38.65012584	   -122.10455889	   -144.71597770	      0.00000000	    -13.45279322	      1.00532296	      1.88287758
      3.53166670	    -10.73357531	      4.03325818	     -1.37353514	      0.40299216	      0.73329364	     -0.23144520	     17.74326560	    -17.37739005	    -47.66915038	    -53.18583932	     52.06378798	     29.43380667	      0.00000000	     13.42648338	     -9.67079019	     49.83999899	     38.74829953	   -121.93432499	   -144.54596558	      0.00000000	    -13.49529386	      0.75456224	      1.84405485
      3.54000000	    -10.76227368	      4.18657044	     -1.37903392	      0.40656018	      0.73350017	     -0.23222284	     17.57724090	    -17.59857766	    -47.43222622	    -53.23522261	     52.04320745	     29.24416645	      0.00000000	     13.22149979	     -9.55832005	     50.13938866	     38.95906010	   -121.30429397	   -143.96141513	      0.00000000	    -13.51162787	      0.50423401	      1.81982715
      3.54833330	    -10.78970145	      4.32307218	     -1.36719198	      0.41013592	      0.73375003	     -0.23302511	     17.36321672	    -17.81894803	    -47.30033083	    -53.24916211	     52.01295092	     29.13048644	      0.00000000	     13.03704168	     -9.45992083	     50.50009071	     39.13578288	   -120.76320599	   -143.54034732	      0.00000000	    -13.53497461	      0.27130512	      1.78449052
      3.55666670	    -10.82054394	      4.46038957	     -1.33767207	      0.41370711	      0.73404905	     -0.23388036	     17.14991338	    -18.03897939	    -47.16552656	    -53.25599996	     51.93835233	     29.02278752	      0.00000000	     12.83245174	     -9.28500716	     50.69254729	     39.21352501	   -120.63329499	   -143.47036167	      0.00000000	    -13.56262830	      0.04573807	      1.72537926
      3.56500000	    -10.86683818	      4.59858591	     -1.33753143	      0.41726657	      0.73430117	     -0.23471033	     16.98767940	    -18.26779969	    -46.98804431	    -53.31668510	     51.82824448	     28.91698174	      0.00000000	     12.61525858	     -9.13423715	     50.84610572	     39.38602631	   -120.05013483	   -143.20484528	      0.00000000	    -13.57351002	     -0.18381789	      1.69958372
      3.57333330	    -10.93417432	      4.73912427	     -1.30523648	      0.42079012	      0.73455897	     -0.23561727	     16.82782704	    -18.51977580	    -46.87914029	    -53.37274188	     51.71630997	     28.80506986	      0.00000000	     12.44391342	     -8.94553562	     51.01748641	     39.46009030	   -119.89372541	   -143.13758777	      0.00000000	    -13.56603567	     -0.40961398	      1.63456789
      3.58166670	    -11.00318817	      4.86994968	     -1.28732938	      0.42431681	      0.73482083	     -0.23650738	     16.68824485	    -18.75919832	    -46.73740385	    -53.45495569	     51.54760882	     28.71765347	      0.00000000	     12.24313083	     -8.75486659	     51.09569995	     39.56350882	   -119.54611217	   -143.06605325	      0.00000000	    -13.55871368	     -0.62541309	      1.58078963
      3.59000000	    -11.07713383	      4.97930767	     -1.26911014	      0.42783981	      0.73508684	     -0.23737980	     16.54783213	    -18.97166218	    -46.60975415	    -53.53119645	     51.35780773	     28.63486415	      0.00000000	     12.04825791	     -8.59645013	     51.19839929	     39.67040188	   -119.22635541	   -143.04028081	      0.00000000	    -13.54930980	     -0.82115372	      1.52705720
      3.59833330	    -11.15473905	      5.07541035	     -1.25639435	      0.43135576	      0.73535871	     -0.23824068	     16.41677846	    -19.16900877	    -46.47797736	    -53.61509578	     51.14109649	     28.55162299	      0.00000000	     11.85164818	     -8.44885503	     51.28302877	     39.76584314	   -118.98213603	   -143.04266380	      0.00000000	    -13.53538293	     -1.00572161	      1.47399832
      3.60666670	    -11.23312780	      5.15229809	     -1.24023762	      0.43486657	      0.73564672	     -0.23909361	     16.28496907	    -19.33784401	    -46.34288033	    -53.69190043	     50.90153951	     28.46890424	      0.00000000	     11.65584416	     -8.32244967	     51.37829224	     39.85150885	   -118.82673598	   -143.08148982	      0.00000000	    -13.52667865	     -1.16727491	      1.42628176
      3.61500000	    -11.33586349	      5.23182966	     -1.24096164	      0.43834742	      0.73589310	     -0.23993981	     16.20444363	    -19.52668677	    -46.20525153	    -53.81914065	     50.62945906	     28.37012883	      0.00000000	     11.46317670	     -8.17682703	     51.37565497	     39.94614375	   -118.53536380	   -143.15061033	      0.00000000	    -13.48715392	     -1.33275596	      1.37970719
      3.62333330	    -11.42565693	      5.28724043	     -1.24286625	      0.44184347	      0.73617043	     -0.24075933	     16.10611405	    -19.67812286	    -46.06334466	    -53.93343212	     50.34544551	     28.26331949	      0.00000000	     11.25406985	     -8.06654358	     51.39280575	     40.04776781	   -118.29103758	   -143.23632058	      0.00000000	    -13.46483025	     -1.47373648	      1.34141436
      3.63166670	    -11.51605889	      5.32268946	     -1.24833976	      0.44532820	      0.73645562	     -0.24155381	     16.01920727	    -19.80621806	    -45.91143651	    -54.06362100	     50.03257740	     28.14693012	      0.00000000	     11.04807187	     -7.98330854	     51.42240322	     40.14042579	   -118.12143053	   -143.31971574	      0.00000000	    -13.44240387	     -1.59756677	      1.29930702
      3.64000000	    -11.61110870	      5.35433667	     -1.27132216	      0.44880745	      0.73674121	     -0.24231551	     15.95782199	    -19.92712269	    -45.73367253	    -54.21235564	     49.69666004	     27.99258776	      0.00000000	     10.83147492	     -7.89921969	     51.39656647	     40.23938934	   -117.88539670	   -143.44793494	      0.00000000	    -13.41569482	     -1.72169151	      1.27845062
      3.64833330	    -11.69466787	      5.35306698	     -1.28865497	      0.45228665	      0.73705172	     -0.24306164	     15.89278226	    -20.01563358	    -45.55221242	    -54.38637059	     49.31336890	     27.84009372	      0.00000000	     10.60984202	     -7.85940590	     51.41000344	     40.33277072	   -117.75429985	   -143.54519919	      0.00000000	    -13.40129670	     -1.80644384	      1.23838055
      3.65666670	    -11.78384814	      5.35335690	     -1.33164368	      0.45576154	      0.73735583	     -0.24375724	     15.86785920	    -20.09700111	    -45.31968458	    -54.58369180	     48.91320195	     27.60953282	      0.00000000	     10.37396777	     -7.81703728	     51.35423963	     40.44003535	   -117.53838468	   -143.70604327	      0.00000000	    -13.37736612	     -1.90348683	      1.22485688
      3.66500000	    -11.84321366	      5.32633032	     -1.36363854	      0.45926305	      0.73771642	     -0.24445221	     15.80925636	    -20.16764350	    -45.11469660	    -54.81535176	     48.43976787	     27.43519069	      0.00000000	     10.12400546	     -7.82222897	     51.39419484	     40.53977280	   -117.47044975	   -143.78454212	      0.00000000	    -13.38864682	     -1.96624736	      1.18674072
      3.67333330	    -11.93951846	      5.28050423	     -1.41944605	      0.46270137	      0.73801311	     -0.24508562	     15.86688948	    -20.19574133	    -44.78446958	    -55.10882871	     47.93912040	     27.08399021	      0.00000000	      9.87901225	     -7.82645401	     51.27630943	     40.65924165	   -117.24223907	   -143.97885542	      0.00000000	    -13.35569872	     -2.01130376	      1.17603393
      3.68166670	    -11.96853490	      5.21993688	     -1.47065643	      0.46620880	      0.73842501	     -0.24571807	     15.84626826	    -20.24820096	    -44.51265912	    -55.45691697	     47.35086278	     26.84327399	      0.00000000	      9.59423321	     -7.86967442	     51.30448559	     40.75173872	   -117.17171659	   -144.06795573	      0.00000000	    -13.40278431	     -2.04110681	      1.14785637
      3.69000000	    -12.03565401	      5.15806159	     -1.55012638	      0.46965906	      0.73876798	     -0.24628390	     15.98604452	    -20.22425394	    -43.96727560	    -55.84629929	     46.78789087	     26.26110181	      0.00000000	      9.30352370	     -7.89062032	     51.14056146	     40.87793847	   -116.89663646	   -144.32930552	      0.00000000	    -13.40055357	     -2.07676157	      1.14281403
      3.69833330	    -12.05266741	      5.05775597	     -1.61110772	      0.47316381	      0.73918700	     -0.24685381	     16.03153634	    -20.27086631	    -43.65253013	    -56.34852091	     46.02085891	     25.96346996	      0.00000000	      8.99325495	     -7.99117657	     51.15656425	     40.99868766	   -116.85493181	   -144.40443904	      0.00000000	    -13.45548134	     -2.06637584	      1.11453795
      3.70666670	    -12.10387713	      4.96589580	     -1.70631951	      0.47659803	      0.73955139	     -0.24737176	     16.27749488	    -20.21496287	    -42.94085537	    -56.89316137	     45.29812135	     25.22096962	      0.00000000	      8.68612025	     -8.05821242	     51.00857214	     41.13198796	   -116.62376110	   -144.64044535	      0.00000000	    -13.47012713	     -2.06591909	      1.10376057
      3.71500000	    -12.11944087	      4.84708494	     -1.79427915	      0.48006384	      0.73995885	     -0.24787398	     16.50237095	    -20.19359749	    -42.30672776	    -57.55350280	     44.42039503	     24.58727005	      0.00000000	      8.35327990	     -8.17335519	     50.93749054	     41.26898135	   -116.49490546	   -144.80013028	      0.00000000	    -13.52455736	     -2.03568329	      1.08174301
      3.72333330	    -12.12489159	      4.71963679	     -1.88826040	      0.48352048	      0.74037043	     -0.24835773	     16.79404673	    -20.17180801	    -41.58353919	    -58.32179542	     43.44531699	     23.88212221	      0.00000000	      8.00982858	     -8.30256610	     50.87087683	     41.41082793	   -116.36005940	   -144.95076969	      0.00000000	    -13.58970045	     -1.99548552	      1.05597846
      3.73166670	    -12.11730139	      4.58060681	     -1.98729609	      0.48697026	      0.74078673	     -0.24882098	     17.15334494	    -20.14057979	    -40.76285043	    -59.19649274	     42.37213374	     23.09187120	      0.00000000	      7.65127939	     -8.44893070	     50.80599785	     41.55999012	   -116.21993448	   -145.09639557	      0.00000000	    -13.66889745	     -1.94065333	      1.02550751
      3.74000000	    -12.09911809	      4.43276053	     -2.09190574	      0.49040728	      0.74120077	     -0.24926563	     17.58812629	    -20.10460317	    -39.84653206	    -60.18481138	     41.19688176	     22.22889419	      0.00000000	      7.28138251	     -8.61067757	     50.74626611	     41.71611678	   -116.07731521	   -145.23477572	      0.00000000	    -13.75987166	     -1.87409458	      0.98968355
      3.74833330	    -12.07336290	      4.27900512	     -2.19999742	      0.49382443	      0.74160179	     -0.24969747	     18.10405032	    -20.06942124	    -38.84220013	    -61.29052133	     39.92268998	     21.31157672	      0.00000000	      6.90529881	     -8.78482842	     50.69500287	     41.87823601	   -115.93472429	   -145.36456716	      0.00000000	    -13.85881168	     -1.79810819	      0.94930179
      3.75666670	    -12.03320836	      4.11485259	     -2.31057913	      0.49723154	      0.74200119	     -0.25011251	     18.69207692	    -20.01373471	    -37.73836030	    -62.49307828	     38.56753756	     20.31171440	      0.00000000	      6.51072763	     -8.97408275	     50.64213411	     42.05096947	   -115.78261055	   -145.48871818	      0.00000000	    -13.97393038	     -1.70625380	      0.90126687
      3.76500000	    -11.98114445	      3.93708479	     -2.42274669	      0.50062322	      0.74238807	     -0.25050054	     19.34731016	    -19.94097661	    -36.57033629	    -63.79055181	     37.13538105	     19.26104356	      0.00000000	      6.09902430	     -9.18474220	     50.58639014	     42.23804503	   -115.62321962	   -145.60139478	      0.00000000	    -14.10325577	     -1.59767217	      0.84567799
      3.77333330	    -11.94088709	      3.78658414	     -2.54091868	      0.50395206	      0.74272166	     -0.25091676	     20.11590625	    -19.91449950	    -35.33722751	    -65.20911318	     35.64146928	     18.26960636	      0.00000000	      5.72211628	     -9.37270767	     50.57641025	     42.40918084	   -115.47992766	   -145.70541738	      0.00000000	    -14.21947690	     -1.51159597	      0.78185339
      3.78166670	    -11.87384112	      3.60221394	     -2.65960231	      0.50729274	      0.74305953	     -0.25127574	     20.91236107	    -19.81860969	    -34.05490925	    -66.65934232	     34.13255454	     17.18741778	      0.00000000	      5.29212735	     -9.60432799	     50.52598052	     42.61937305	   -115.30477642	   -145.79959191	      0.00000000	    -14.36600838	     -1.38552632	      0.71507036
      3.79000000	    -11.82403157	      3.45559685	     -2.77817800	      0.51055958	      0.74333362	     -0.25168917	     21.80986830	    -19.79030407	    -32.76243265	    -68.20139594	     32.61214308	     16.23401261	      0.00000000	      4.91159375	     -9.79694759	     50.53534135	     42.80082839	   -115.15997367	   -145.88693996	      0.00000000	    -14.49453061	     -1.28973889	      0.63054298
      3.79833330	    -11.75738550	      3.29254858	     -2.89812159	      0.51381952	      0.74359310	     -0.25206580	     22.73299617	    -19.71823491	    -31.46204763	    -69.74484447	     31.14818593	     15.27747956	      0.00000000	      4.49787047	    -10.01242904	     50.51845277	     43.00738548	   -114.99319000	   -145.96581504	      0.00000000	    -14.64226550	     -1.17089172	      0.54331966
      3.80666670	    -11.69511257	      3.14329944	     -3.01410956	      0.51703057	      0.74380678	     -0.25245806	     23.70516603	    -19.66796173	    -30.19718746	    -71.30004790	     29.75717227	     14.41803079	      0.00000000	      4.09846443	    -10.21631322	     50.51937935	     43.21176900	   -114.83412693	   -146.03900155	      0.00000000	    -14.78566627	     -1.05917930	      0.43902422
      3.81500000	    -11.63102881	      2.99979382	     -3.12777786	      0.52020876	      0.74398210	     -0.25285198	     24.70286525	    -19.61848099	    -28.97989125	    -72.82593504	     28.49143040	     13.64447100	      0.00000000	      3.69853895	    -10.41385143	     50.52000373	     43.41869672	   -114.67201581	   -146.10682778	      0.00000000	    -14.93231922	     -0.94488333	      0.32388514
      3.82333330	    -11.55551729	      2.85548038	     -3.24565423	      0.52337143	      0.74413403	     -0.25322782	     25.70094458	    -19.55419597	    -27.82024892	    -74.28561403	     27.40362221	     12.95105137	      0.00000000	      3.27450418	    -10.61645649	     50.49845585	     43.64932399	   -114.46006197	   -146.16299256	      0.00000000	    -15.09081282	     -0.82059737	      0.20967451
      3.83166670	    -11.49346515	      2.74778743	     -3.35003771	      0.52646944	      0.74423522	     -0.25367133	     26.72915338	    -19.55205637	    -26.75678648	    -75.68604332	     26.49979481	     12.39697448	      0.00000000	      2.89735779	    -10.77411766	     50.53555189	     43.84219217	   -114.31565404	   -146.22821602	      0.00000000	    -15.23685946	     -0.72142142	      0.06489861
      3.84000000	    -11.44015052	      2.63454564	     -3.44834697	      0.52952714	      0.74428443	     -0.25410937	     27.75476105	    -19.55682554	    -25.82548266	    -76.98108103	     25.80506728	     11.92566337	      0.00000000	      2.51780376	    -10.93733635	     50.53987495	     44.05268676	   -114.18296417	   -146.29436691	      0.00000000	    -15.37316752	     -0.60482651	     -0.08826975
      3.84833330	    -11.36337080	      2.55100598	     -3.55180001	      0.53257950	      0.74435394	     -0.25456027	     28.75478450	    -19.54784029	    -24.92031232	    -78.12643855	     25.40459359	     11.51085167	      0.00000000	      2.12273946	    -11.05470290	     50.54595777	     44.23858921	   -113.99631202	   -146.36790922	      0.00000000	    -15.53728022	     -0.51168722	     -0.24848166
      3.85666670	    -11.31666064	      2.46451410	     -3.64028145	      0.53556272	      0.74434455	     -0.25502759	     29.76227205	    -19.58020118	    -24.20691533	    -79.14548183	     25.20601189	     11.18738167	      0.00000000	      1.76216964	    -11.17760151	     50.55023026	     44.42995404	   -113.86460023	   -146.44384757	      0.00000000	    -15.66709850	     -0.40122429	     -0.42278607
      3.86500000	    -11.25954140	      2.40609035	     -3.72829661	      0.53852670	      0.74433823	     -0.25552072	     30.74417740	    -19.61625694	    -23.56477888	    -79.98802898	     25.29397053	     10.88245218	      0.00000000	      1.39759275	    -11.25696284	     50.55142234	     44.60287728	   -113.71211278	   -146.52943427	      0.00000000	    -15.81209851	     -0.30936401	     -0.60918432
      3.87333330	    -11.20127583	      2.36018980	     -3.80802201	      0.54146202	      0.74432153	     -0.25602806	     31.69577297	    -19.66928145	    -23.05476010	    -80.65133561	     25.61413390	     10.59675704	      0.00000000	      1.03469898	    -11.31195205	     50.53986707	     44.76525300	   -113.55127451	   -146.62712541	      0.00000000	    -15.96137406	     -0.22092698	     -0.81038432
      3.88166670	    -11.14598011	      2.32774629	     -3.88601187	      0.54437595	      0.74428807	     -0.25654412	     32.62860857	    -19.73260774	    -22.65962077	    -81.13583910	     26.13327447	     10.30181458	      0.00000000	      0.67548108	    -11.34025366	     50.51015482	     44.91400049	   -113.37789232	   -146.74392330	      0.00000000	    -16.10123051	     -0.13542151	     -1.01635439
      3.89000000	    -11.09946473	      2.31072079	     -3.95315784	      0.54725159	      0.74423370	     -0.25708630	     33.54041575	    -19.81215272	    -22.38784234	    -81.42743139	     26.82990174	     10.01598076	      0.00000000	      0.33417096	    -11.34576967	     50.48684531	     45.05266564	   -113.23288286	   -146.86961709	      0.00000000	    -16.23614321	     -0.05119890	     -1.23481990
      3.89833330	    -11.05437241	      2.30516012	     -4.01366053	      0.55010438	      0.74417206	     -0.25764002	     34.42409606	    -19.90314523	    -22.23306913	    -81.53059058	     27.68032915	      9.73637557	      0.00000000	      0.00039599	    -11.33132103	     50.46436231	     45.17608017	   -113.10720393	   -147.00291263	      0.00000000	    -16.36882340	      0.03123085	     -1.46454828
      3.90666670	    -11.01568364	      2.31381330	     -4.06762054	      0.55293337	      0.74409610	     -0.25820147	     35.28322453	    -20.00769535	    -22.19707911	    -81.44559580	     28.62852116	      9.43090399	      0.00000000	     -0.32425965	    -11.29137296	     50.42883294	     45.28827571	   -112.98831458	   -147.14802414	      0.00000000	    -16.49578203	      0.11177802	     -1.69559349
      3.91500000	    -10.99170876	      2.32517790	     -4.12472956	      0.55572545	      0.74400944	     -0.25873672	     36.13056736	    -20.09615200	    -22.26551124	    -81.17370963	     29.62767052	      9.04917023	      0.00000000	     -0.63932279	    -11.22255682	     50.32573847	     45.37325517	   -112.84024357	   -147.35170960	      0.00000000	    -16.60427542	      0.19299257	     -1.92032529
      3.92333330	    -10.95126113	      2.36389435	     -4.16516432	      0.55853427	      0.74392889	     -0.25931278	     36.92243867	    -20.23442817	    -22.44762467	    -80.73900912	     30.66061976	      8.78096752	      0.00000000	     -0.95128229	    -11.13794848	     50.30519488	     45.45550645	   -112.75918722	   -147.50064447	      0.00000000	    -16.72883178	      0.25774199	     -2.17226004
      3.93166670	    -10.93884490	      2.39119078	     -4.20406675	      0.56129484	      0.74382399	     -0.25984443	     37.71708363	    -20.31517753	    -22.70063086	    -80.13169329	     31.64593042	      8.37899905	      0.00000000	     -1.25606544	    -11.03020496	     50.16130917	     45.52000179	   -112.63054588	   -147.76042939	      0.00000000	    -16.82349736	      0.34240179	     -2.41738724
      3.94000000	    -10.90560267	      2.44935599	     -4.24068540	      0.56408498	      0.74372895	     -0.26039351	     38.45381732	    -20.45379189	    -23.06299674	    -79.39155772	     32.60545031	      8.11003107	      0.00000000	     -1.56312483	    -10.90487870	     50.09870752	     45.57865852	   -112.55842580	   -147.95894901	      0.00000000	    -16.93574499	      0.40112338	     -2.66472312
      3.94833330	    -10.89431984	      2.49306644	     -4.27539804	      0.56684396	      0.74362533	     -0.26089309	     39.17217312	    -20.54683631	    -23.51104522	    -78.50089195	     33.45296899	      7.78844760	      0.00000000	     -1.86640583	    -10.76005567	     49.92397390	     45.61260639	   -112.46459329	   -148.28392137	      0.00000000	    -17.02456004	      0.48107569	     -2.90045115
      3.95666670	    -10.86516193	      2.57009330	     -4.30190335	      0.56963496	      0.74351290	     -0.26140805	     39.83940195	    -20.69181878	    -24.04437908	    -77.51386877	     34.23938648	      7.60635369	      0.00000000	     -2.16910456	    -10.60376621	     49.84468715	     45.65355134	   -112.42248286	   -148.49403981	      0.00000000	    -17.12368213	      0.53104774	     -3.15269346
      3.96500000	    -10.85382205	      2.62851826	     -4.32711242	      0.57240951	      0.74340087	     -0.26186916	     40.47445215	    -20.79725338	    -24.67095151	    -76.40876450	     34.86726100	      7.43381344	      0.00000000	     -2.47801698	    -10.42605899	     49.63266244	     45.66645462	   -112.36714211	   -148.89383366	      0.00000000	    -17.20359285	      0.60703848	     -3.38784747
      3.97333330	    -10.83573563	      2.70869791	     -4.34768831	      0.57520352	      0.74326799	     -0.26232008	     41.06721137	    -20.93074475	    -25.37481612	    -75.23429083	     35.40352523	      7.38054168	      0.00000000	     -2.78148245	    -10.24440392	     49.48554866	     45.68462196	   -112.35878182	   -149.18103514	      0.00000000	    -17.28295131	      0.66265439	     -3.62799379
      3.98166670	    -10.81373950	      2.79814171	     -4.37126509	      0.57800675	      0.74312837	     -0.26272720	     41.61829875	    -21.04362648	    -26.12366856	    -73.98191197	     35.85122806	      7.38710230	      0.00000000	     -3.07622342	    -10.06975000	     49.39005842	     45.70608624	   -112.32509568	   -149.39102605	      0.00000000	    -17.36249875	      0.70624290	     -3.86330280
      3.99000000	    -10.81268952	      2.88593374	     -4.38343171	      0.58080675	      0.74295248	     -0.26311911	     42.14512157	    -21.17428098	    -26.98418256	    -72.69273830	     36.12447792	      7.53544703	      0.00000000	     -3.37151063	     -9.86525288	     49.19158046	     45.71376257	   -112.29826306	   -149.76652549	      0.00000000	    -17.41127484	      0.76391199	     -4.09818018
      3.99833330	    -10.79596305	      2.99181306	     -4.39817299	      0.58364681	      0.74276744	     -0.26347434	     42.61773843	    -21.30525989	    -27.88946453	    -71.36429865	     36.33926017	      7.77281830	      0.00000000	     -3.68381575	     -9.65198351	     49.01584624	     45.72728644	   -112.31268732	   -150.11268749	      0.00000000	    -17.46884377	      0.80065191	     -4.32387011
      4.00666670	    -10.77946022	      3.10043188	     -4.41053558	      0.58650117	      0.74256983	     -0.26378777	     43.04766303	    -21.42261819	    -28.85259857	    -70.00962785	     36.45789756	      8.13025889	      0.00000000	     -3.99217270	     -9.43925100	     48.85256122	     45.73624500	   -112.32076578	   -150.44196968	      0.00000000	    -17.52049855	      0.83448859	     -4.54494618
      4.01500000	    -10.76099314	      3.20392827	     -4.41869343	      0.58938085	      0.74235232	     -0.26405144	     43.42680235	    -21.52450950	    -29.88314304	    -68.64292560	     36.49448880	      8.61051253	      0.00000000	     -4.30618085	     -9.24394589	     48.70129138	     45.75910034	   -112.31285530	   -150.73873240	      0.00000000	    -17.56698254	      0.87492286	     -4.75906132
      4.02333330	    -10.74141860	      3.31194975	     -4.42206041	      0.59229148	      0.74210830	     -0.26428599	     43.76012575	    -21.63281470	    -30.98603069	    -67.28600756	     36.45730373	      9.23626076	      0.00000000	     -4.62932121	     -9.04785661	     48.54652940	     45.79256995	   -112.30304126	   -151.04329793	      0.00000000	    -17.60605759	      0.91334436	     -4.96492819
      4.03166670	    -10.72459285	      3.42627574	     -4.42181629	      0.59521551	      0.74183781	     -0.26448289	     44.05922481	    -21.73519775	    -32.13470703	    -65.94902620	     36.35700165	      9.99506924	      0.00000000	     -4.94507224	     -8.84920958	     48.40413595	     45.82215257	   -112.28956391	   -151.34200765	      0.00000000	    -17.63559243	      0.94302903	     -5.17183194
      4.04000000	    -10.70671549	      3.54705155	     -4.41725110	      0.59817098	      0.74154056	     -0.26464587	     44.31719064	    -21.83838910	    -33.33254996	    -64.64544321	     36.20196698	     10.88923506	      0.00000000	     -5.26683010	     -8.64883826	     48.26383103	     45.85843577	   -112.27789058	   -151.64257065	      0.00000000	    -17.65765816	      0.96886276	     -5.37219569
      4.04833330	    -10.68862155	      3.67512361	     -4.40851739	      0.60115184	      0.74121691	     -0.26478724	     44.53910905	    -21.94056250	    -34.56199718	    -63.38461060	     35.99679700	     11.90771280	      0.00000000	     -5.58877631	     -8.44429514	     48.13314360	     45.89676839	   -112.26698737	   -151.94145309	      0.00000000	    -17.67150816	      0.98973854	     -5.56585765
      4.05666670	    -10.67316972	      3.80811709	     -4.39248405	      0.60415669	      0.74086589	     -0.26490118	     44.72719281	    -22.03877242	    -35.81676260	    -62.17717470	     35.75019451	     13.03906122	      0.00000000	     -5.90735264	     -8.23867623	     48.01184513	     45.93421267	   -112.25293125	   -152.23389904	      0.00000000	    -17.67489770	      1.00776924	     -5.75622419
      4.06500000	    -10.64553075	      3.92158742	     -4.38065653	      0.60720871	      0.74050527	     -0.26493886	     44.85994771	    -22.08296104	    -37.05895859	    -61.01123154	     35.47268931	     14.24097590	      0.00000000	     -6.25409163	     -8.07546188	     47.89931300	     46.00683138	   -112.21656561	   -152.48083731	      0.00000000	    -17.68584371	      1.04366625	     -5.92615973
      4.07333330	    -10.64182282	      4.08209468	     -4.34990097	      0.61025173	      0.74008535	     -0.26504040	     45.00341134	    -22.20184861	    -38.32154870	    -59.95166639	     35.14089762	     15.56968383	      0.00000000	     -6.54616706	     -7.85191304	     47.83032812	     46.04028455	   -112.18191270	   -152.75616884	      0.00000000	    -17.66027317	      1.04105373	     -6.11530427
      4.08166670	    -10.63283925	      4.24452575	     -4.31354298	      0.61333203	      0.73965589	     -0.26511996	     45.11111011	    -22.30616611	    -39.54977450	    -58.96570909	     34.77121834	     16.92419619	      0.00000000	     -6.84676508	     -7.62876454	     47.76610936	     46.07323043	   -112.15681878	   -153.02740590	      0.00000000	    -17.63359705	      1.03921575	     -6.29861785
      4.09000000	    -10.62985350	      4.41943029	     -4.26948078	      0.61642970	      0.73920215	     -0.26519629	     45.20440182	    -22.41498122	    -40.73130069	    -58.07286444	     34.35693244	     18.30126843	      0.00000000	     -7.13147047	     -7.39623447	     47.72898240	     46.09674335	   -112.12968830	   -153.29572632	      0.00000000	    -17.59405328	      1.02779405	     -6.48274715
      4.09833330	    -10.63209656	      4.60264206	     -4.21529895	      0.61954860	      0.73873084	     -0.26527100	     45.28252394	    -22.52327452	    -41.84589299	    -57.27522354	     33.90311916	     19.66149800	      0.00000000	     -7.40422220	     -7.15822712	     47.71402454	     46.11324767	   -112.10040474	   -153.55316520	      0.00000000	    -17.54326689	      1.01348646	     -6.66709922
      4.10666670	    -10.64003922	      4.79460159	     -4.15172099	      0.62268804	      0.73824368	     -0.26535042	     45.35116219	    -22.63231250	    -42.87034626	    -56.57848005	     33.41123623	     20.96936097	      0.00000000	     -7.66184017	     -6.91537069	     47.72824826	     46.12101631	   -112.06779665	   -153.79946351	      0.00000000	    -17.48026611	      0.99500310	     -6.85031593
      4.11500000	    -10.65156497	      4.99389622	     -4.07850378	      0.62585084	      0.73775121	     -0.26543063	     45.41059996	    -22.74106258	    -43.78582071	    -55.98628983	     32.88480531	     22.19457414	      0.00000000	     -7.90657543	     -6.66919353	     47.77061938	     46.11773995	   -112.03259214	   -154.03370691	      0.00000000	    -17.40860481	      0.97426421	     -7.03377929
      4.12333330	    -10.67134449	      5.20039532	     -3.99851642	      0.62903321	      0.73724971	     -0.26550510	     45.47327678	    -22.84312827	    -44.56355010	    -55.49779001	     32.33960876	     23.29733000	      0.00000000	     -8.13246078	     -6.42409899	     47.84893422	     46.10756794	   -111.98781478	   -154.25386936	      0.00000000	    -17.32115614	      0.94932519	     -7.21111764
      4.13166670	    -10.68830111	      5.40554662	     -3.90279049	      0.63224257	      0.73677027	     -0.26558532	     45.52372717	    -22.93577409	    -45.19133703	    -55.10614932	     31.79017978	     24.24646253	      0.00000000	     -8.35530608	     -6.18019212	     47.94463141	     46.08234606	   -111.95153054	   -154.45412599	      0.00000000	    -17.23870591	      0.93278348	     -7.39843969
      4.14000000	    -10.71231104	      5.61179847	     -3.79520725	      0.63547477	      0.73629860	     -0.26566396	     45.57736065	    -23.02056551	    -45.66044426	    -54.81115248	     31.25678508	     25.03110926	      0.00000000	     -8.56244595	     -5.94035778	     48.06769722	     46.04614806	   -111.91157326	   -154.64547743	      0.00000000	    -17.14447660	      0.92065716	     -7.58380911
      4.14833330	    -10.72971500	      5.80468197	     -3.68752609	      0.63875219	      0.73584881	     -0.26569706	     45.61808199	    -23.08048226	    -45.96700766	    -54.61171301	     30.74884440	     25.68246966	      0.00000000	     -8.78518157	     -5.72605300	     48.19419596	     46.01982795	   -111.88443997	   -154.82512505	      0.00000000	    -17.05347586	      0.92245952	     -7.75471358
      4.15666670	    -10.77723180	      5.99746753	     -3.56369133	      0.64199929	      0.73537647	     -0.26573214	     45.73818394	    -23.07811685	    -45.95486761	    -54.47718260	     30.30787504	     25.93568208	      0.00000000	     -8.95042939	     -5.53575472	     48.39791590	     45.98894096	   -111.84633332	   -154.94872713	      0.00000000	    -16.92943572	      0.92946619	     -7.92986288
      4.16500000	    -10.79021107	      6.19148052	     -3.43557865	      0.64535125	      0.73501293	     -0.26575731	     45.74571354	    -23.17812920	    -46.05387340	    -54.46688803	     29.82552433	     26.36272806	      0.00000000	     -9.16331291	     -5.31568100	     48.55460547	     45.91951780	   -111.79254166	   -155.13873704	      0.00000000	    -16.83897840	      0.93571768	     -8.10140638
      4.17333330	    -10.83035878	      6.36049143	     -3.29415590	      0.64867628	      0.73463003	     -0.26573814	     45.82486736	    -23.18750579	    -45.85089948	    -54.49969889	     29.43896765	     26.38932439	      0.00000000	     -9.33407997	     -5.16232353	     48.78460877	     45.87209340	   -111.76872311	   -155.24815351	      0.00000000	    -16.71972832	      0.97217779	     -8.26831211
      4.18166670	    -10.85984890	      6.52761962	     -3.14829949	      0.65205224	      0.73431329	     -0.26569596	     45.87630139	    -23.22045021	    -45.57726663	    -54.60635431	     29.08719766	     26.36505007	      0.00000000	     -9.51309573	     -5.00770697	     49.02136105	     45.80530374	   -111.73268514	   -155.36712142	      0.00000000	    -16.61003574	      1.00822563	     -8.43188856
      4.19000000	    -10.88931278	      6.68578203	     -2.99754688	      0.65545711	      0.73404437	     -0.26562039	     45.92186032	    -23.25959581	    -45.22021435	    -54.77292461	     28.77631991	     26.24294382	      0.00000000	     -9.69107818	     -4.86550710	     49.26164714	     45.72811793	   -111.69759140	   -155.49391573	      0.00000000	    -16.49949771	      1.05452373	     -8.59001390
      4.19833330	    -10.91541633	      6.83203410	     -2.84368876	      0.65888802	      0.73383687	     -0.26550042	     45.95573069	    -23.29253172	    -44.78712455	    -54.97371345	     28.51594569	     26.01429213	      0.00000000	     -9.86873957	     -4.74133978	     49.51322851	     45.63950716	   -111.66960437	   -155.62005202	      0.00000000	    -16.39342353	      1.11163822	     -8.73999412
      4.20666670	    -10.94666900	      6.96719969	     -2.70073349	      0.66234758	      0.73361988	     -0.26529089	     46.02866338	    -23.27220795	    -44.17218800	    -55.20072205	     28.45108437	     25.57406869	      0.00000000	    -10.06223550	     -4.64608627	     49.73843444	     45.58326769	   -111.66046261	   -155.75737118	      0.00000000	    -16.27429199	      1.16969459	     -8.86896047
      4.21500000	    -10.96286152	      7.07270001	     -2.55402105	      0.66584095	      0.73351022	     -0.26501543	     46.03498562	    -23.25609158	    -43.61878658	    -55.43024018	     28.37814911	     25.14244948	      0.00000000	    -10.26319948	     -4.59120300	     49.98788955	     45.51007745	   -111.66334914	   -155.85853204	      0.00000000	    -16.17617265	      1.25610593	     -8.98960855
      4.22333330	    -10.98006380	      7.16191998	     -2.40542583	      0.66934953	      0.73345132	     -0.26467778	     46.01928671	    -23.24337282	    -43.08243613	    -55.66656127	     28.36171431	     24.69550799	      0.00000000	    -10.46218567	     -4.56613086	     50.24611778	     45.43952505	   -111.66503852	   -155.93559497	      0.00000000	    -16.07559281	      1.35346852	     -9.10328435
      4.23166670	    -10.99129924	      7.23445421	     -2.26121323	      0.67287804	      0.73345662	     -0.26427362	     45.96751612	    -23.23575727	    -42.59119595	    -55.89832019	     28.39774259	     24.25496473	      0.00000000	    -10.66779820	     -4.57129525	     50.51299103	     45.37581928	   -111.66939068	   -155.98690222	      0.00000000	    -15.98329845	      1.46584530	     -9.20253479
      4.24000000	    -10.99556080	      7.29070550	     -2.11845803	      0.67642041	      0.73354267	     -0.26380195	     45.87140910	    -23.22914471	    -42.15744857	    -56.10612251	     28.47772645	     23.84513382	      0.00000000	    -10.87191530	     -4.60094943	     50.79544458	     45.29908769	   -111.67502745	   -156.01470619	      0.00000000	    -15.90031343	      1.58866698	     -9.29618791
      4.24833330	    -11.00927634	      7.32509501	     -1.99363538	      0.67995973	      0.73362612	     -0.26320775	     45.77092885	    -23.20640243	    -41.76779139	    -56.31394434	     28.63761012	     23.42866476	      0.00000000	    -11.08285489	     -4.68442282	     51.06566969	     45.27213127	   -111.68610305	   -155.98736226	      0.00000000	    -15.80422162	      1.71615059	     -9.35156874
      4.25666670	    -10.99239874	      7.37162674	     -1.88343147	      0.68354675	      0.73384397	     -0.26257982	     45.57982585	    -23.28548295	    -41.59398652	    -56.54540967	     28.70788167	     23.25210628	      0.00000000	    -11.32726725	     -4.71857645	     51.27784183	     45.19234264	   -111.68780548	   -155.98737226	      0.00000000	    -15.74375605	      1.82583633	     -9.39522702
      4.26500000	    -11.03255107	      7.36241290	     -1.75611214	      0.68702087	      0.73400698	     -0.26184158	     45.44762068	    -23.19658470	    -41.25897387	    -56.64227691	     28.98338848	     22.80269931	      0.00000000	    -11.47394452	     -4.91674464	     51.67523397	     45.20302620	   -111.70915457	   -155.82839311	      0.00000000	    -15.62566817	      1.99081427	     -9.43553598
      4.27333330	    -11.04782108	      7.36942956	     -1.64895914	      0.69054131	      0.73427273	     -0.26105236	     45.23031187	    -23.21262027	    -41.15802432	    -56.76810234	     29.21719637	     22.63619252	      0.00000000	    -11.65290283	     -5.06331931	     52.00304295	     45.17413421	   -111.68880244	   -155.67096475	      0.00000000	    -15.53163615	      2.12344650	     -9.46323851
      4.28166670	    -11.06424959	      7.36808461	     -1.54354548	      0.69402460	      0.73460428	     -0.26021261	     44.98807684	    -23.22438009	    -41.11362187	    -56.85883932	     29.41010808	     22.47721585	      0.00000000	    -11.79753883	     -5.25662848	     52.43690573	     45.15987184	   -111.63587464	   -155.35505552	      0.00000000	    -15.44464466	      2.26225392	     -9.47724505
      4.29000000	    -11.08264173	      7.36516073	     -1.44412904	      0.69750061	      0.73497495	     -0.25931556	     44.70972410	    -23.25885915	    -41.17765968	    -56.93210252	     29.63932203	     22.44437770	      0.00000000	    -11.93746787	     -5.45887601	     52.86928840	     45.15466063	   -111.58126638	   -155.03678856	      0.00000000	    -15.35350780	      2.39191494	     -9.48370426
      4.29833330	    -11.10180316	      7.35427866	     -1.35424123	      0.70096783	      0.73539307	     -0.25835296	     44.39972115	    -23.28407874	    -41.30005800	    -56.97097783	     29.89477380	     22.49201616	      0.00000000	    -12.07617855	     -5.67427619	     53.28599638	     45.15235340	   -111.57265535	   -154.73875783	      0.00000000	    -15.26254931	      2.52340341	     -9.47515207
      4.30666670	    -11.13235200	      7.36633888	     -1.27194307	      0.70438105	      0.73586176	     -0.25737360	     44.08100492	    -23.34417348	    -41.49783510	    -56.98783177	     30.10488237	     22.61959933	      0.00000000	    -12.14081259	     -5.90293383	     53.87314176	     45.14982160	   -111.45189814	   -154.17566776	      0.00000000	    -15.16420602	      2.62139158	     -9.45576721
      4.31500000	    -11.14737915	      7.36434767	     -1.18920343	      0.70780647	      0.73636922	     -0.25634018	     43.72083656	    -23.39590066	    -41.74367619	    -56.99555830	     30.33186779	     22.78610757	      0.00000000	    -12.23184102	     -6.16372153	     54.44867723	     45.18214523	   -111.39282562	   -153.66794783	      0.00000000	    -15.08135321	      2.72962935	     -9.43242687
      4.32333330	    -11.17307010	      7.37380746	     -1.10844149	      0.71119559	      0.73691545	     -0.25528945	     43.35039481	    -23.46041100	    -42.03275857	    -56.97915202	     30.55321827	     23.04598094	      0.00000000	    -12.27314908	     -6.43340208	     55.11604592	     45.21618582	   -111.28385121	   -153.00459433	      0.00000000	    -14.98915814	      2.82069754	     -9.40331852
      4.33166670	    -11.19215810	      7.39624000	     -1.03678263	      0.71457973	      0.73749360	     -0.25420368	     42.96664332	    -23.53227808	    -42.33874996	    -56.95793262	     30.76898958	     23.33145253	      0.00000000	    -12.30438957	     -6.70907758	     55.83451032	     45.27089614	   -111.16606499	   -152.28548771	      0.00000000	    -14.90179914	      2.88849681	     -9.36923058
      4.34000000	    -11.22713980	      7.42445783	     -0.95756418	      0.71792424	      0.73809347	     -0.25311914	     42.58088562	    -23.60954319	    -42.67468382	    -56.91382660	     30.99405808	     23.66830193	      0.00000000	    -12.27819257	     -6.99761806	     56.64390841	     45.33041717	   -110.97093802	   -151.40317397	      0.00000000	    -14.79846009	      2.95004730	     -9.33622760
      4.34833330	    -11.23253315	      7.46500717	     -0.88317875	      0.72128576	      0.73875138	     -0.25201648	     42.15902548	    -23.69956395	    -43.01810129	    -56.87149477	     31.17428425	     24.02307211	      0.00000000	    -12.25936422	     -7.30523543	     57.54163180	     45.41691917	   -110.85463890	   -150.48672633	      0.00000000	    -14.72808794	      2.99324701	     -9.29847321
      4.35666670	    -11.25235412	      7.51499084	     -0.80213177	      0.72461306	      0.73941841	     -0.25092370	     41.74101483	    -23.79090262	    -43.36673852	    -56.80410408	     31.38725683	     24.40402952	      0.00000000	    -12.18108692	     -7.62625349	     58.54201085	     45.52276592	   -110.61553808	   -149.38624368	      0.00000000	    -14.64134339	      3.02697582	     -9.26156127
      4.36500000	    -11.25491141	      7.57788746	     -0.72259211	      0.72794667	      0.74011230	     -0.24982173	     41.30788153	    -23.89698002	    -43.71254950	    -56.75016733	     31.57274980	     24.79518686	      0.00000000	    -12.08840275	     -7.96513195	     59.64019142	     45.65431712	   -110.44109189	   -148.21207459	      0.00000000	    -14.57262217	      3.04239654	     -9.22384480
      4.37333330	    -11.25592889	      7.64218666	     -0.64034356	      0.73126412	      0.74081211	     -0.24870757	     40.86932494	    -23.99411736	    -44.04928419	    -56.68390573	     31.77055543	     25.19450593	      0.00000000	    -11.95142601	     -8.34767277	     60.86773811	     45.83218743	   -110.23711307	   -146.92193400	      0.00000000	    -14.50406858	      3.05154398	     -9.18406557
      4.38166670	    -11.24682277	      7.72891914	     -0.55167173	      0.73457593	      0.74153476	     -0.24762597	     40.42228560	    -24.12289900	    -44.38799326	    -56.62559734	     31.95285696	     25.59397229	      0.00000000	    -11.77572863	     -8.72809098	     62.21129252	     46.01971331	   -110.09029400	   -145.49154937	      0.00000000	    -14.44603057	      3.03824231	     -9.15126276
      4.39000000	    -11.23582216	      7.82266345	     -0.45768096	      0.73786732	      0.74225016	     -0.24655178	     39.97799839	    -24.25460503	    -44.71050672	    -56.56751918	     32.14206101	     25.98361257	      0.00000000	    -11.54115722	     -9.14992168	     63.71389736	     46.25765084	   -109.94161075	   -143.92498765	      0.00000000	    -14.38885631	      3.01585970	     -9.11981150
      4.39833330	    -11.20924133	      7.92407613	     -0.35357127	      0.74115719	      0.74299369	     -0.24550014	     39.50795731	    -24.40133839	    -45.04984535	    -56.50293289	     32.31223329	     26.35241431	      0.00000000	    -11.26482762	     -9.58996784	     65.34532611	     46.50664860	   -109.93036867	   -142.22148667	      0.00000000	    -14.34942703	      2.98719680	     -9.09796094
      4.40666670	    -11.20111536	      8.03683530	     -0.25139611	      0.74439094	      0.74364903	     -0.24444487	     39.09410507	    -24.54658303	    -45.31826353	    -56.46615243	     32.53153357	     26.71992975	      0.00000000	    -10.88258152	    -10.09972633	     67.19963507	     46.87547020	   -109.76361171	   -140.31943881	      0.00000000	    -14.28794956	      2.93902191	     -9.06339619
      4.41500000	    -11.17394087	      8.15093772	     -0.13924749	      0.74762474	      0.74432404	     -0.24341178	     38.64973717	    -24.70360227	    -45.61042792	    -56.42605575	     32.72845774	     27.05633367	      0.00000000	    -10.44732415	    -10.63893844	     69.20303328	     47.26444229	   -109.82081970	   -138.26762049	      0.00000000	    -14.24723674	      2.89268843	     -9.03882144
      4.42333330	    -11.15621497	      8.26558700	     -0.01694971	      0.75080217	      0.74497405	     -0.24239226	     38.22236955	    -24.84714545	    -45.87153713	    -56.36923928	     32.92320976	     27.35060142	      0.00000000	     -9.88508735	    -11.23020011	     71.44678171	     47.71571045	   -109.87764991	   -135.99762473	      0.00000000	    -14.19995059	      2.84462486	     -9.01606274
      4.43166670	    -11.11911251	      8.35855235	      0.11337187	      0.75398082	      0.74559587	     -0.24135908	     37.75372559	    -24.99270477	    -46.19780013	    -56.32785783	     33.12759919	     27.68120725	      0.00000000	     -9.26288663	    -11.89486438	     73.84549411	     48.22206638	   -110.38032970	   -133.56181692	      0.00000000	    -14.17177663	      2.81736965	     -8.99267642
      4.44000000	    -11.10176021	      8.44586751	      0.24986243	      0.75707802	      0.74614255	     -0.24033167	     37.32915797	    -25.11248970	    -46.46647679	    -56.28323561	     33.34597824	     27.94917307	      0.00000000	     -8.46214893	    -12.63084911	     76.54690853	     48.83192184	   -110.89153747	   -130.82161004	      0.00000000	    -14.12413672	      2.79361298	     -8.96683855
      4.44833330	    -11.09301800	      8.52373250	      0.40181783	      0.76010645	      0.74661590	     -0.23931887	     36.92324069	    -25.22525964	    -46.72503577	    -56.24703373	     33.59263777	     28.18084960	      0.00000000	     -7.50401884	    -13.42694206	     79.50310950	     49.53381150	   -111.64887550	   -127.76932350	      0.00000000	    -14.07207067	      2.77806346	     -8.94323497
      4.45666670	    -11.11029282	      8.59090981	      0.55495685	      0.76304089	      0.74698352	     -0.23829959	     36.56837659	    -25.30971058	    -46.93603163	    -56.21161634	     33.87679106	     28.39403523	      0.00000000	     -6.33332924	    -14.27307776	     82.75993266	     50.31172611	   -112.85204167	   -124.32771820	      0.00000000	    -13.99378436	      2.76775455	     -8.90959443
      4.46500000	    -11.14791712	      8.65480807	      0.73365821	      0.76585722	      0.74727098	     -0.23734012	     36.26562674	    -25.39211387	    -47.10262973	    -56.19489807	     34.13339409	     28.47284699	      0.00000000	     -4.89474197	    -15.13805941	     86.42218651	     51.11233285	   -114.99114481	   -120.50448769	      0.00000000	    -13.90295996	      2.76379286	     -8.89538860
      4.47333330	    -11.20340944	      8.68183601	      0.93121771	      0.76857921	      0.74745397	     -0.23638565	     35.96871445	    -25.44868400	    -47.31257840	    -56.17834425	     34.40888196	     28.57064180	      0.00000000	     -3.18625462	    -16.05669454	     90.45546206	     52.02980472	   -117.65360572	   -116.20892269	      0.00000000	    -13.79323348	      2.79567833	     -8.88011562
      4.48166670	    -11.27052009	      8.67730277	      1.14358540	      0.77121585	      0.74754930	     -0.23544149	     35.68414973	    -25.47527959	    -47.53366007	    -56.16251810	     34.69986265	     28.63845935	      0.00000000	     -1.23800922	    -16.97229062	     94.75621913	     53.04459224	   -120.81553440	   -111.59218786	      0.00000000	    -13.67559874	      2.85969768	     -8.86922569
      4.49000000	    -11.33381991	      8.66908359	      1.34977372	      0.77382014	      0.74758932	     -0.23450668	     35.40801965	    -25.50032649	    -47.74805652	    -56.16221682	     34.99372272	     28.70191045	      0.00000000	      0.79938564	    -17.78920490	     99.01040704	     54.15209249	   -123.70992247	   -107.04956273	      0.00000000	    -13.56403778	      2.92310057	     -8.84990565
      4.49833330	    -11.37019725	      8.62422805	      1.54055053	      0.77645836	      0.74760543	     -0.23350775	     35.08462128	    -25.46932186	    -47.98298510	    -56.13581107	     35.34063803	     28.77726083	      0.00000000	      2.76017101	    -18.54245343	    102.93601190	     55.34413424	   -125.99672260	   -102.97675501	      0.00000000	    -13.47626736	      3.01785678	     -8.80994797
      4.50666670	    -11.39995306	      8.61923503	      1.70832141	      0.77909129	      0.74758871	     -0.23254041	     34.79817850	    -25.48467201	    -48.16260819	    -56.15843534	     35.64593328	     28.84058883	      0.00000000	      4.62979705	    -19.11975495	    106.49528171	     56.56189667	   -127.34269298	    -99.44941278	      0.00000000	    -13.39776380	      3.06274407	     -8.75666756
      4.51500000	    -11.40818481	      8.61543456	      1.86018902	      0.78172832	      0.74755720	     -0.23156033	     34.50221609	    -25.49672174	    -48.32642577	    -56.19558532	     35.95245860	     28.89179018	      0.00000000	      6.39823042	    -19.60355687	    109.73123998	     57.80333353	   -128.04895610	    -96.40755814	      0.00000000	    -13.34850520	      3.10134332	     -8.68804621
      4.52333330	    -11.40858847	      8.58752969	      1.99545405	      0.78436462	      0.74748346	     -0.23052844	     34.18928998	    -25.47162215	    -48.50730351	    -56.21774038	     36.29600687	     28.97639770	      0.00000000	      8.05858580	    -20.05704998	    112.61471127	     59.07329288	   -128.17601602	    -93.77329074	      0.00000000	    -13.30475731	      3.15628014	     -8.60009676
      4.53166670	    -11.41132848	      8.56945256	      2.12203319	      0.78696246	      0.74737297	     -0.22950552	     33.90773665	    -25.44755841	    -48.63811583	    -56.25644745	     36.62327328	     29.00957658	      0.00000000	      9.68567906	    -20.43449883	    115.29002314	     60.30573734	   -128.35537098	    -91.50372129	      0.00000000	    -13.26283423	      3.19382580	     -8.50687133
      4.54000000	    -11.41116070	      8.54816951	      2.23487931	      0.78953202	      0.74723139	     -0.22846960	     33.63451516	    -25.41415814	    -48.75847047	    -56.30102458	     36.94403471	     29.04003228	      0.00000000	     11.24425483	    -20.76756588	    117.70756265	     61.51157025	   -128.38301818	    -89.55632789	      0.00000000	    -13.22756501	      3.22750975	     -8.40048115
      4.54833330	    -11.40836046	      8.52128364	      2.33748350	      0.79207428	      0.74706565	     -0.22742113	     33.36694839	    -25.36960080	    -48.87112100	    -56.34817565	     37.25927791	     29.06075756	      0.00000000	     12.73558866	    -21.06951352	    119.88008330	     62.67549516	   -128.33942206	    -87.90383481	      0.00000000	    -13.19956222	      3.26018152	     -8.28395514
      4.55666670	    -11.40649227	      8.48928318	      2.42925281	      0.79458556	      0.74687351	     -0.22635781	     33.10717827	    -25.31116918	    -48.97583034	    -56.39169862	     37.58255755	     29.08411874	      0.00000000	     14.16226787	    -21.34893760	    121.81107106	     63.78542723	   -128.30449258	    -86.51723443	      0.00000000	    -13.17607686	      3.29061470	     -8.15691613
      4.56500000	    -11.40592304	      8.44716838	      2.51394066	      0.79706110	      0.74665460	     -0.22528210	     32.85484881	    -25.23759839	    -49.07741880	    -56.43621724	     37.90148937	     29.10134600	      0.00000000	     15.52808677	    -21.61889370	    123.51030875	     64.82987543	   -128.33401165	    -85.39096590	      0.00000000	    -13.15516252	      3.32488945	     -8.02391603
      4.57333330	    -11.40227355	      8.41276220	      2.58694207	      0.79951292	      0.74643653	     -0.22420946	     32.60974060	    -25.16598933	    -49.16361509	    -56.48144427	     38.20595690	     29.10808489	      0.00000000	     16.82772545	    -21.85228078	    124.99470727	     65.78225237	   -128.45997041	    -84.47963711	      0.00000000	    -13.14261135	      3.34334302	     -7.88363509
      4.58166670	    -11.40447064	      8.36409366	      2.65256551	      0.80192595	      0.74619281	     -0.22311980	     32.37316578	    -25.07219938	    -49.25060983	    -56.51933421	     38.51094758	     29.11798579	      0.00000000	     18.06801689	    -22.09389560	    126.25175934	     66.65090766	   -128.70614691	    -83.78566615	      0.00000000	    -13.12836692	      3.37059083	     -7.73586053
      4.59000000	    -11.40643691	      8.31738488	      2.70981200	      0.80431310	      0.74594688	     -0.22203358	     32.14233836	    -24.97517758	    -49.32966921	    -56.55445518	     38.80813037	     29.12274439	      0.00000000	     19.24266105	    -22.31714731	    127.29822866	     67.41580186	   -129.07478506	    -83.27017556	      0.00000000	    -13.11922170	      3.38931882	     -7.58255100
      4.59833330	    -11.40955815	      8.27572499	      2.76145052	      0.80667425	      0.74570086	     -0.22096361	     31.91932564	    -24.88037090	    -49.39822373	    -56.58778427	     39.10083630	     29.12237676	      0.00000000	     20.35570163	    -22.51709029	    128.14737169	     68.06874315	   -129.57568069	    -82.89370683	      0.00000000	    -13.11384496	      3.39770133	     -7.42957584
      4.60666670	    -11.41384194	      8.21535944	      2.80339234	      0.80900191	      0.74546165	     -0.21986572	     31.69479283	    -24.75125413	    -49.46867837	    -56.60117595	     39.36346670	     29.12372200	      0.00000000	     21.40778961	    -22.73186151	    128.80014146	     68.61685014	   -130.14792016	    -82.67857272	      0.00000000	    -13.11628389	      3.41805482	     -7.26420891
      4.61500000	    -11.42590486	      8.16709231	      2.84147813	      0.81130255	      0.74521140	     -0.21879301	     31.48558251	    -24.63558387	    -49.53123404	    -56.61480040	     39.64372527	     29.12563291	      0.00000000	     22.40085663	    -22.91925292	    129.26276823	     69.04452672	   -130.84158967	    -82.53976099	      0.00000000	    -13.11226092	      3.42041189	     -7.10144097
      4.62333330	    -11.44110944	      8.13196228	      2.87931367	      0.81358557	      0.74495839	     -0.21776049	     31.28721093	    -24.53957579	    -49.58606969	    -56.63732739	     39.94450789	     29.12165518	      0.00000000	     23.31823932	    -23.07976502	    129.52332632	     69.34583969	   -131.66640172	    -82.47515177	      0.00000000	    -13.10763626	      3.40591129	     -6.95087825
      4.63166670	    -11.45518519	      8.07758247	      2.90631171	      0.81585402	      0.74471994	     -0.21670154	     31.08388438	    -24.40645751	    -49.63656292	    -56.63831461	     40.19848463	     29.12211240	      0.00000000	     24.17099668	    -23.25665092	    129.61398034	     69.54235131	   -132.48192798	    -82.49624372	      0.00000000	    -13.10635283	      3.40452672	     -6.78420564
      4.64000000	    -11.48242132	      8.02664989	      2.94775399	      0.81808447	      0.74448374	     -0.21569680	     30.88283446	    -24.28725414	    -49.71844855	    -56.62662127	     40.46225085	     29.10984122	      0.00000000	     24.98204810	    -23.39714187	    129.56144117	     69.62192517	   -133.20645024	    -82.59049697	      0.00000000	    -13.09661487	      3.39916117	     -6.63935740
      4.64833330	    -11.49469910	      7.98173300	      2.96882532	      0.82033146	      0.74426984	     -0.21468955	     30.67914429	    -24.15588191	    -49.75426457	    -56.60986242	     40.74520670	     29.12302992	      0.00000000	     25.69972998	    -23.52126808	    129.34097596	     69.58032954	   -134.06298091	    -82.71381287	      0.00000000	    -13.10596926	      3.38294977	     -6.47880556
      4.65666670	    -11.50870003	      7.95556733	      2.97173774	      0.82257527	      0.74407381	     -0.21369338	     30.49130537	    -24.04106654	    -49.76809226	    -56.60044906	     41.00332393	     29.14187603	      0.00000000	     26.30823649	    -23.62031001	    128.90200756	     69.40907358	   -134.89742544	    -82.87618555	      0.00000000	    -13.11668578	      3.33994096	     -6.30721105
      4.66500000	    -11.53196675	      7.92824737	      2.98384491	      0.82479999	      0.74387715	     -0.21273235	     30.30344582	    -23.92927884	    -49.80165833	    -56.58032742	     41.25000531	     29.15267005	      0.00000000	     26.86546402	    -23.69506825	    128.33169183	     69.13915828	   -135.61285418	    -83.08237036	      0.00000000	    -13.11964031	      3.29526676	     -6.15213929
      4.67333330	    -11.55660163	      7.90599061	      2.99434825	      0.82701964	      0.74369218	     -0.21180953	     30.11697431	    -23.82538077	    -49.83634516	    -56.55822205	     41.49150324	     29.16469195	      0.00000000	     27.34878714	    -23.73658924	    127.61787093	     68.76245853	   -136.22632665	    -83.31184290	      0.00000000	    -13.12241237	      3.24583689	     -5.99755970
      4.68166670	    -11.58972844	      7.88301993	      3.00786199	      0.82922829	      0.74350467	     -0.21091590	     29.93775819	    -23.72135757	    -49.87092664	    -56.52968880	     41.73174997	     29.17842875	      0.00000000	     27.77369862	    -23.75325001	    126.77528531	     68.28372174	   -136.79868234	    -83.61693434	      0.00000000	    -13.11625413	      3.19474222	     -5.84999405
      4.69000000	    -11.61698513	      7.86177019	      3.02219801	      0.83144665	      0.74333936	     -0.21005942	     29.74666825	    -23.61831041	    -49.90825823	    -56.49210765	     41.96888420	     29.19903912	      0.00000000	     28.11729522	    -23.73561724	    125.80108062	     67.71037332	   -137.23276862	    -83.91183890	      0.00000000	    -13.11772432	      3.14387123	     -5.70865760
      4.69833330	    -11.67358614	      7.83688247	      3.04006902	      0.83362571	      0.74312375	     -0.20922686	     29.59691843	    -23.51359478	    -49.93219059	    -56.46199880	     42.20543667	     29.22670922	      0.00000000	     28.43202193	    -23.69693267	    124.70509010	     67.04284418	   -137.71066844	    -84.50381180	      0.00000000	    -13.08605540	      3.09177400	     -5.57127916
      4.70666670	    -11.69984317	      7.83100136	      3.05124957	      0.83586580	      0.74297744	     -0.20843769	     29.40206207	    -23.43401742	    -49.97669314	    -56.42461938	     42.42833398	     29.22976897	      0.00000000	     28.61096030	    -23.60395215	    123.44926692	     66.28036648	   -137.99644240	    -84.97317608	      0.00000000	    -13.08656506	      3.02089261	     -5.43517114
      4.71500000	    -11.75318663	      7.81436922	      3.06215096	      0.83807230	      0.74277766	     -0.20766082	     29.24698840	    -23.33860637	    -49.99460583	    -56.38933485	     42.67152320	     29.28162669	      0.00000000	     28.74900320	    -23.50049808	    122.05311864	     65.44488879	   -138.21796026	    -85.72519487	      0.00000000	    -13.05853607	      2.95978086	     -5.30208153
      4.72333330	    -11.79627799	      7.80707910	      3.06855518	      0.84031148	      0.74260146	     -0.20691728	     29.07319709	    -23.25803703	    -50.02919711	    -56.35057710	     42.90197452	     29.31314104	      0.00000000	     28.79235025	    -23.34998469	    120.51740488	     64.52935932	   -138.31735327	    -86.53899211	      0.00000000	    -13.03947530	      2.88760665	     -5.16551192
      4.73166670	    -11.83810849	      7.79961052	      3.07467558	      0.84256833	      0.74242770	     -0.20620138	     28.89526888	    -23.17937324	    -50.06644197	    -56.31037985	     43.13013940	     29.34593446	      0.00000000	     28.75324830	    -23.16381402	    118.83526336	     63.54364344	   -138.30386845	    -87.51530537	      0.00000000	    -13.01977220	      2.81576394	     -5.03236930
      4.74000000	    -11.88060210	      7.79390768	      3.07973628	      0.84483941	      0.74224613	     -0.20551581	     28.71859713	    -23.10555487	    -50.09929827	    -56.27286543	     43.35675921	     29.38551418	      0.00000000	     28.63585738	    -22.93674695	    117.00449339	     62.49525461	   -138.17293904	    -88.65399016	      0.00000000	    -12.99728517	      2.74271293	     -4.90188861
      4.74833330	    -11.92488181	      7.79135810	      3.08199680	      0.84713244	      0.74205930	     -0.20485930	     28.54459499	    -23.03813927	    -50.13040714	    -56.23917410	     43.57906767	     29.42678870	      0.00000000	     28.43960563	    -22.66188332	    115.01873641	     61.38616484	   -137.91996116	    -89.97774342	      0.00000000	    -12.96951528	      2.66610009	     -4.77157787
      4.75666670	    -11.94153979	      7.75327460	      3.08923736	      0.84948515	      0.74189855	     -0.20418492	     28.30884402	    -22.92535300	    -50.20546029	    -56.16973291	     43.81597925	     29.45517333	      0.00000000	     28.13605260	    -22.38856624	    112.86912223	     60.24899581	   -137.44147177	    -91.60100433	      0.00000000	    -12.96719844	      2.62715787	     -4.64290680
      4.76500000	    -11.97971387	      7.75122956	      3.07996334	      0.85183334	      0.74170239	     -0.20356924	     28.12663539	    -22.86295239	    -50.23728022	    -56.14095278	     44.02642248	     29.50862351	      0.00000000	     27.76079564	    -22.01200465	    110.52296262	     59.05418149	   -136.64811351	    -93.35495147	      0.00000000	    -12.94099369	      2.54955681	     -4.50597346
      4.77333330	    -12.01199430	      7.74662433	      3.06726197	      0.85421884	      0.74149893	     -0.20296745	     27.93542056	    -22.79633516	    -50.26456698	    -56.10916382	     44.24271387	     29.56177269	      0.00000000	     27.30450462	    -21.58578081	    107.99693661	     57.82271417	   -135.78022850	    -95.40403406	      0.00000000	    -12.91574301	      2.47270608	     -4.36529235
      4.78166670	    -12.03918640	      7.74254616	      3.04527271	      0.85664344	      0.74129284	     -0.20238040	     27.73874567	    -22.73027715	    -50.28858039	    -56.07871867	     44.45841000	     29.61979247	      0.00000000	     26.75056465	    -21.09083221	    105.24609481	     56.55698362	   -134.62799608	    -97.76778021	      0.00000000	    -12.89300432	      2.39504681	     -4.21777198
      4.79000000	    -12.05861912	      7.74094303	      3.01344242	      0.85911451	      0.74108827	     -0.20180861	     27.53332678	    -22.66702764	    -50.30609847	    -56.05024390	     44.67252090	     29.68558453	      0.00000000	     26.09471949	    -20.51360562	    102.24495806	     55.26695165	   -133.10255793	   -100.48571810	      0.00000000	    -12.87460643	      2.31431366	     -4.06333359
      4.79833330	    -12.06862934	      7.74529233	      2.96937414	      0.86164098	      0.74088820	     -0.20125352	     27.31772053	    -22.61002354	    -50.31712025	    -56.02340013	     44.88881537	     29.76069078	      0.00000000	     25.32680013	    -19.83533484	     98.95131481	     53.95984744	   -131.10582028	   -103.60110463	      0.00000000	    -12.86180426	      2.22732252	     -3.89957727
      4.80666670	    -12.06696444	      7.75756404	      2.91155594	      0.86422707	      0.74069653	     -0.20071491	     27.08999911	    -22.56283199	    -50.32073280	    -56.00105872	     45.10766910	     29.84840998	      0.00000000	     24.45955955	    -19.03956893	     95.36110228	     52.64813952	   -128.60100430	   -107.10545315	      0.00000000	    -12.85716713	      2.13141236	     -3.72705144
      4.81500000	    -12.05716783	      7.77764275	      2.84318445	      0.86686486	      0.74050391	     -0.20020524	     26.85366162	    -22.52594816	    -50.31802056	    -55.98014823	     45.33534612	     29.94529849	      0.00000000	     23.55135210	    -18.12284705	     91.55355935	     51.35052047	   -125.73075495	   -110.85379035	      0.00000000	    -12.85725644	      2.02657940	     -3.54620809
      4.82333330	    -12.04509324	      7.79408766	      2.77006831	      0.86953567	      0.74028794	     -0.19971868	     26.61340750	    -22.48600984	    -50.31162638	    -55.95891106	     45.58195012	     30.03761841	      0.00000000	     22.69793035	    -17.11955144	     87.70679594	     50.07651250	   -122.88933202	   -114.58613556	      0.00000000	    -12.85506547	      1.92632301	     -3.36292473
      4.83166670	    -12.03855431	      7.78316405	      2.69616774	      0.87221117	      0.74001855	     -0.19924116	     26.37901545	    -22.41317225	    -50.30213229	    -55.93198901	     45.83986748	     30.11069529	      0.00000000	     21.99201205	    -16.09848048	     84.01769205	     48.83483542	   -120.57116725	   -118.05533660	      0.00000000	    -12.84190735	      1.85415736	     -3.17137529
      4.84000000	    -12.05190809	      7.74620377	      2.61002930	      0.87486907	      0.73966424	     -0.19874781	     26.18786389	    -22.31015079	    -50.26458100	    -55.93312532	     46.01704691	     30.15756642	      0.00000000	     21.45297835	    -15.09354297	     80.52303679	     47.64174086	   -118.75919422	   -121.17100249	      0.00000000	    -12.80311973	      1.80227099	     -2.96126281
      4.84833330	    -12.05856618	      7.68209710	      2.53775293	      0.87755818	      0.73926869	     -0.19827553	     25.96829503	    -22.17087230	    -50.24574045	    -55.89638896	     46.30991475	     30.18259834	      0.00000000	     21.05522890	    -14.11320482	     77.28274305	     46.46460691	   -117.72972532	   -124.05960067	      0.00000000	    -12.76793272	      1.78338730	     -2.75744433
      4.85666670	    -12.09103743	      7.59084198	      2.43825238	      0.88023291	      0.73877482	     -0.19774833	     25.81974433	    -21.97346275	    -50.13331322	    -55.87752369	     46.55270133	     30.13985847	      0.00000000	     20.78785133	    -13.18634437	     74.20070531	     45.33379504	   -117.19974500	   -126.70525582	      0.00000000	    -12.69729594	      1.78062681	     -2.51899969
      4.86500000	    -12.09428917	      7.46397927	      2.35543184	      0.88298719	      0.73828774	     -0.19723836	     25.58039505	    -21.76538557	    -50.15026749	    -55.83873099	     46.80571204	     30.14841654	      0.00000000	     20.57496620	    -12.30510954	     71.28328887	     44.27653116	   -116.80750012	   -129.23205380	      0.00000000	    -12.65394404	      1.82129313	     -2.29456912
      4.87333330	    -12.11628499	      7.33532798	      2.24806806	      0.88575208	      0.73772282	     -0.19670521	     25.39549034	    -21.53683289	    -50.08664128	    -55.81597264	     47.08546846	     30.14397542	      0.00000000	     20.44488173	    -11.45331388	     68.48513475	     43.26252320	   -116.74561186	   -131.60841787	      0.00000000	    -12.58771474	      1.85409147	     -2.04188523
      4.88166670	    -12.10356231	      7.15790959	      2.15811818	      0.88862025	      0.73717863	     -0.19615703	     25.10766162	    -21.27137396	    -50.14904046	    -55.75646799	     47.36184230	     30.17792102	      0.00000000	     20.33188223	    -10.68031379	     65.84365857	     42.27840304	   -117.40059837	   -134.11490826	      0.00000000	    -12.54724629	      1.93916773	     -1.80518992
      4.89000000	    -12.10414674	      6.97918974	      2.03447105	      0.89150690	      0.73658155	     -0.19557847	     24.87222313	    -20.98059450	    -50.12355102	    -55.71069653	     47.64985287	     30.16591165	      0.00000000	     20.26126564	     -9.94006015	     63.27967455	     41.35962515	   -118.06347474	   -136.45077476	      0.00000000	    -12.49418907	      2.02035819	     -1.53075492
      4.89833330	    -12.09518788	      6.77542945	      1.90462478	      0.89445808	      0.73597589	     -0.19497318	     24.62149667	    -20.64989110	    -50.08896377	    -55.65361898	     47.88733655	     30.10457703	      0.00000000	     20.20110356	     -9.26573527	     60.82398765	     40.53295343	   -118.74443604	   -138.73719881	      0.00000000	    -12.44584742	      2.12320793	     -1.24970955
      4.90666670	    -12.09058816	      6.59565943	      1.75174103	      0.89746658	      0.73533011	     -0.19437022	     24.37856982	    -20.35394599	    -50.04714173	    -55.61187548	     48.20890892	     30.12699716	      0.00000000	     20.15296121	     -8.60039151	     58.45279207	     39.73667127	   -119.78241544	   -140.92980108	      0.00000000	    -12.38839904	      2.19200283	     -0.95084787
      4.91500000	    -12.07174933	      6.37869767	      1.59809075	      0.90054474	      0.73469248	     -0.19373596	     24.10859699	    -20.00406819	    -50.01071423	    -55.55326356	     48.46380400	     30.08238312	      0.00000000	     20.09601828	     -8.01854928	     56.20911284	     39.05089938	   -120.63351324	   -143.04429220	      0.00000000	    -12.34382618	      2.29931115	     -0.65097254
      4.92333330	    -12.04695705	      6.17561934	      1.42518953	      0.90369916	      0.73405017	     -0.19310832	     23.82868907	    -19.66742627	    -49.95970801	    -55.48820011	     48.75778604	     30.06290593	      0.00000000	     20.02659589	     -7.46105092	     54.06745459	     38.42523278	   -121.54874843	   -145.03004709	      0.00000000	    -12.30269415	      2.38670930	     -0.33457581
      4.93166670	    -12.01868339	      5.97317018	      1.23611387	      0.90691678	      0.73339544	     -0.19246472	     23.54591314	    -19.33170231	    -49.89924837	    -55.43217754	     49.04828138	     30.06679819	      0.00000000	     19.94251088	     -6.95243460	     52.04651581	     37.87587022	   -122.47180483	   -146.88517732	      0.00000000	    -12.26312493	      2.46744418	     -0.00685742
      4.94000000	    -11.98644666	      5.77471953	      1.03449820	      0.91020346	      0.73273750	     -0.19182092	     23.25484531	    -19.00304262	    -49.83716572	    -55.38040409	     49.32691350	     30.08411045	      0.00000000	     19.84101617	     -6.48604356	     50.15796987	     37.39454452	   -123.38046320	   -148.58373512	      0.00000000	    -12.22630688	      2.53971900	      0.32818612
      4.94833330	    -11.94827613	      5.56847176	      0.82336342	      0.91355443	      0.73208800	     -0.19116544	     22.95827479	    -18.65648011	    -49.75119563	    -55.32543023	     49.56213543	     30.06861851	      0.00000000	     19.71652476	     -6.07425210	     48.40627073	     36.99395004	   -124.09948124	   -150.10802896	      0.00000000	    -12.19559706	      2.61586219	      0.66881041
      4.95666670	    -11.90500765	      5.37699479	      0.60703912	      0.91697523	      0.73144270	     -0.19053336	     22.64424877	    -18.33463150	    -49.67634170	    -55.26617283	     49.83868546	     30.08008615	      0.00000000	     19.56969893	     -5.68515017	     46.79240969	     36.63586320	   -124.83612094	   -151.47713629	      0.00000000	    -12.16956117	      2.67324397	      1.00687401
      4.96500000	    -11.86898437	      5.21996764	      0.37581175	      0.92044760	      0.73078085	     -0.18993907	     22.35422373	    -18.05525316	    -49.56008941	    -55.22637740	     50.13973768	     30.07509880	      0.00000000	     19.40899778	     -5.30615190	     45.31637619	     36.34094548	   -125.40475518	   -152.56221454	      0.00000000	    -12.13510998	      2.69304031	      1.35468223
      4.97333330	    -11.81077938	      5.03886877	      0.14712454	      0.92401384	      0.73016829	     -0.18932609	     22.00794963	    -17.74778871	    -49.47703824	    -55.15691295	     50.41968755	     30.12109185	      0.00000000	     19.20712703	     -5.00869444	     44.03008231	     36.09073004	   -126.07016296	   -153.65060276	      0.00000000	    -12.12555567	      2.73244795	      1.69082128
      4.98166670	    -11.75847176	      4.87021127	     -0.08669820	      0.92762462	      0.72955475	     -0.18873264	     21.67297083	    -17.45668954	    -49.37413880	    -55.09681027	     50.67902224	     30.14954176	      0.00000000	     18.99430336	     -4.74884869	     42.90878909	     35.89395798	   -126.59556029	   -154.50908089	      0.00000000	    -12.11103728	      2.75616243	      2.02657249
      4.99000000	    -11.70126095	      4.71304354	     -0.32380056	      0.93129683	      0.72896630	     -0.18815632	     21.32843924	    -17.18107118	    -49.26290070	    -55.03327331	     50.93564305	     30.17879073	      0.00000000	     18.75869186	     -4.52924337	     41.95851434	     35.73676736	   -127.07324940	   -155.22369582	      0.00000000	    -12.10390175	      2.76328435	      2.35754201
      4.99833330	    -11.64200975	      4.56608744	     -0.56014170	      0.93502358	      0.72840314	     -0.18760127	     20.97860006	    -16.91592835	    -49.13520030	    -54.96531163	     51.18451725	     30.20654686	      0.00000000	     18.50754217	     -4.35170998	     41.18404984	     35.61911431	   -127.46395268	   -155.76142996	      0.00000000	    -12.10192162	      2.75817272	      2.67838987
      5.00666670	    -11.57876582	      4.43335887	     -0.79307854	      0.93880806	      0.72787871	     -0.18709001	     20.62169995	    -16.66914460	    -48.99147533	    -54.89113903	     51.42324706	     30.22313743	      0.00000000	     18.24142642	     -4.20883385	     40.58818167	     35.53068846	   -127.78511724	   -156.13670083	      0.00000000	    -12.10675827	      2.73988355	      2.98800370
      5.01500000	    -11.51920780	      4.30969483	     -1.02662721	      0.94262978	      0.72737430	     -0.18657673	     20.26587817	    -16.43293961	    -48.84280734	    -54.81576682	     51.65516276	     30.23980221	      0.00000000	     17.96817788	     -4.12058745	     40.16922107	     35.48970268	   -128.02183974	   -156.33706528	      0.00000000	    -12.11343889	      2.70210676	      3.28957531
      5.02333330	    -11.46390161	      4.19882989	     -1.26005505	      0.94650429	      0.72687812	     -0.18609434	     19.90386949	    -16.23973256	    -48.73454605	    -54.76332355	     51.86102720	     30.31180210	      0.00000000	     17.68854317	     -4.11038538	     39.99605271	     35.53234019	   -128.09865559	   -156.27976705	      0.00000000	    -12.11444990	      2.65043632	      3.58707447
      5.03166670	    -11.40064986	      4.12130927	     -1.48705355	      0.95042429	      0.72646431	     -0.18567170	     19.54049421	    -16.07305383	    -48.57464075	    -54.69349933	     52.06895567	     30.34799399	      0.00000000	     17.39615600	     -4.07372600	     39.88120912	     35.55166707	   -128.17995693	   -156.22450056	      0.00000000	    -12.13257590	      2.56391573	      3.86484834
      5.04000000	    -11.33804183	      4.06893641	     -1.70726601	      0.95438462	      0.72611034	     -0.18528837	     19.18273505	    -15.92913526	    -48.38373536	    -54.61503409	     52.26515271	     30.34454123	      0.00000000	     17.09690694	     -4.03830635	     39.84106687	     35.57671038	   -128.25695054	   -156.15554807	      0.00000000	    -12.15413989	      2.44860481	      4.12309109
      5.04833330	    -11.29133556	      4.01863722	     -1.91785673	      0.95834224	      0.72579939	     -0.18492150	     18.88188948	    -15.72302260	    -48.02845329	    -54.48752694	     52.48906175	     30.12891320	      0.00000000	     16.82435806	     -4.06194968	     39.97817407	     35.62503599	   -128.35399609	   -155.91961098	      0.00000000	    -12.16962399	      2.32867896	      4.36414098
      5.05666670	    -11.23898079	      3.97908900	     -2.11906404	      0.96234463	      0.72553560	     -0.18459053	     18.55574995	    -15.56646986	    -47.74534100	    -54.38813324	     52.66474023	     30.00004956	      0.00000000	     16.55450887	     -4.16823850	     40.36981773	     35.75591282	   -128.22896851	   -155.36277131	      0.00000000	    -12.19511251	      2.19743806	      4.58932583
      5.06500000	    -11.16288990	      3.97424047	     -2.30337669	      0.96642991	      0.72540559	     -0.18434184	     18.16513970	    -15.48353704	    -47.54839862	    -54.27738634	     52.83149492	     29.98667165	      0.00000000	     16.23581541	     -4.18453792	     40.61275816	     35.84242246	   -128.13295417	   -155.04171008	      0.00000000	    -12.25158876	      2.03397175	      4.78403577
      5.07333330	    -11.14052537	      3.96055903	     -2.48597423	      0.97042787	      0.72519913	     -0.18407664	     17.91098340	    -15.34481492	    -47.17778799	    -54.20471259	     52.94631786	     29.72447928	      0.00000000	     16.04270901	     -4.44514767	     41.49503763	     36.09985510	   -127.67719755	   -153.90318893	      0.00000000	    -12.26060426	      1.87146074	      4.97282330
      5.08166670	    -11.08871072	      3.97054402	     -2.65216000	      0.97451946	      0.72513552	     -0.18387770	     17.57366640	    -15.27824179	    -46.93232119	    -54.12519700	     53.01229879	     29.62694837	      0.00000000	     15.78942472	     -4.63340164	     42.21969613	     36.34595859	   -127.12256912	   -152.91310801	      0.00000000	    -12.30493681	      1.68865837	      5.13160784
      5.09000000	    -11.05022401	      4.00084207	     -2.80363451	      0.97860453	      0.72512402	     -0.18373309	     17.27594867	    -15.21658249	    -46.61697366	    -54.04334716	     53.08909959	     29.42271319	      0.00000000	     15.56133325	     -4.82565963	     43.00509239	     36.58877777	   -126.66212118	   -151.95920123	      0.00000000	    -12.34416754	      1.48575945	      5.26788680
      5.09833330	    -11.01253213	      4.03863285	     -2.94239917	      0.98270887	      0.72517818	     -0.18362031	     16.97144291	    -15.18237399	    -46.33825060	    -53.97697824	     53.11318937	     29.25018499	      0.00000000	     15.34041846	     -5.04892721	     43.87312728	     36.87714517	   -126.01232545	   -150.85747269	      0.00000000	    -12.38965013	      1.27452159	      5.38090265
      5.10666670	    -10.98151915	      4.08992904	     -3.06876857	      0.98681676	      0.72529286	     -0.18355206	     16.68439356	    -15.16695967	    -46.04625339	    -53.92412840	     53.10871014	     29.03791973	      0.00000000	     15.12977986	     -5.27080631	     44.75575781	     37.17177938	   -125.35793430	   -149.77022164	      0.00000000	    -12.43657672	      1.05119971	      5.47373249
      5.11500000	    -10.95589994	      4.14401652	     -3.18597951	      0.99093705	      0.72546737	     -0.18350510	     16.40624735	    -15.16263168	    -45.75758902	    -53.88499123	     53.05440779	     28.83287500	      0.00000000	     14.91744203	     -5.50447023	     45.63391350	     37.48790743	   -124.67486200	   -148.70056022	      0.00000000	    -12.48414883	      0.82464645	      5.54901128
      5.12333330	    -10.93484505	      4.20739466	     -3.28892948	      0.99506125	      0.72569871	     -0.18349956	     16.13815355	    -15.18134984	    -45.47813853	    -53.86684294	     52.96398008	     28.61728982	      0.00000000	     14.70618516	     -5.72881774	     46.49369641	     37.81101382	   -123.95707452	   -147.64860603	      0.00000000	    -12.53523608	      0.58950041	      5.59942083
      5.13166670	    -10.91610855	      4.27143996	     -3.37828414	      0.99919312	      0.72598800	     -0.18353366	     15.87442023	    -15.21448348	    -45.20933316	    -53.86840057	     52.82877852	     28.39754077	      0.00000000	     14.48849335	     -5.94280145	     47.30624674	     38.13223777	   -123.26465931	   -146.67901165	      0.00000000	    -12.59047403	      0.35944312	      5.63140342
      5.14000000	    -10.90803108	      4.33656241	     -3.45363591	      1.00332103	      0.72632098	     -0.18359480	     15.63314415	    -15.26608964	    -44.95504719	    -53.90782805	     52.61390571	     28.16142953	      0.00000000	     14.26177519	     -6.13780226	     48.03594420	     38.45099166	   -122.60086695	   -145.80658617	      0.00000000	    -12.64061351	      0.12860893	      5.64235593
      5.14833330	    -10.91320907	      4.40544750	     -3.51859483	      1.00742798	      0.72668950	     -0.18368785	     15.41990434	    -15.33765713	    -44.70218867	    -53.98246063	     52.35284970	     27.94023731	      0.00000000	     14.04260240	     -6.31137671	     48.70720814	     38.75036327	   -121.97213383	   -145.04377349	      0.00000000	    -12.68574338	     -0.10531924	      5.62923447
      5.15666670	    -10.91365092	      4.47571298	     -3.57021481	      1.01155131	      0.72711890	     -0.18382502	     15.20880773	    -15.42380173	    -44.44508718	    -54.08083469	     52.06441840	     27.73157634	      0.00000000	     13.79794725	     -6.44231531	     49.26900618	     39.01760154	   -121.41750799	   -144.42960408	      0.00000000	    -12.73950478	     -0.33339265	      5.59458382
      5.16500000	    -10.92549183	      4.54202319	     -3.61992338	      1.01566400	      0.72757697	     -0.18396790	     15.02412754	    -15.52080928	    -44.19355715	    -54.21510579	     51.71232645	     27.51168656	      0.00000000	     13.54618879	     -6.55730101	     49.74689932	     39.26763985	   -120.93714822	   -143.95003261	      0.00000000	    -12.78716465	     -0.55843322	      5.55461288
      5.17333330	    -10.93305451	      4.61063294	     -3.64443926	      1.01979093	      0.72809783	     -0.18418159	     14.83686654	    -15.66720562	    -44.00489930	    -54.41359778	     51.26430206	     27.33674967	      0.00000000	     13.24248081	     -6.56971930	     49.96942257	     39.42219821	   -120.83400944	   -143.89878753	      0.00000000	    -12.84680203	     -0.77615308	      5.47023012
      5.18166670	    -10.95763708	      4.66262664	     -3.68228297	      1.02388597	      0.72858894	     -0.18434959	     14.72548710	    -15.75194038	    -43.66754718	    -54.62669345	     50.85364718	     27.01135701	      0.00000000	     12.97317580	     -6.67533105	     50.35331850	     39.68703546	   -120.21429586	   -143.44486198	      0.00000000	    -12.89063389	     -0.98343009	      5.40190719
      5.19000000	    -10.96017930	      4.71611129	     -3.68746174	      1.02803263	      0.72916489	     -0.18459948	     14.55901722	    -15.91678272	    -43.48772735	    -54.90121069	     50.32044093	     26.83338500	      0.00000000	     12.64219250	     -6.68338158	     50.53487924	     39.83558678	   -120.17886242	   -143.46436298	      0.00000000	    -12.96067562	     -1.18185159	      5.28821503
      5.19833330	    -11.00324387	      4.74094185	     -3.69780511	      1.03210179	      0.72968288	     -0.18482534	     14.50514018	    -16.05230022	    -43.22909183	    -55.27400399	     49.68544527	     26.56484719	      0.00000000	     12.33372475	     -6.71336083	     50.63546377	     40.01444944	   -119.93260283	   -143.41760398	      0.00000000	    -12.99288557	     -1.34527230	      5.17077566
      5.20666670	    -11.02092465	      4.76724220	     -3.69516136	      1.03621116	      0.73025714	     -0.18509166	     14.44951270	    -16.19633007	    -42.92820536	    -55.68384712	     49.03032975	     26.26251511	      0.00000000	     11.99433972	     -6.71719662	     50.72521202	     40.17245916	   -119.67014938	   -143.41854464	      0.00000000	    -13.05500547	     -1.50764729	      5.03250402
      5.21500000	    -11.02944205	      4.76859889	     -3.67496245	      1.04032501	      0.73085970	     -0.18537870	     14.40436631	    -16.34781213	    -42.65886875	    -56.16854696	     48.26875564	     25.97050175	      0.00000000	     11.64155391	     -6.72827049	     50.80721241	     40.30380057	   -119.55539408	   -143.47012143	      0.00000000	    -13.13272438	     -1.63725576	      4.87375209
      5.22333330	    -11.04637579	      4.79517953	     -3.66828650	      1.04443163	      0.73143984	     -0.18568326	     14.44769493	    -16.51788456	    -42.25615145	    -56.73104402	     47.47488498	     25.55355511	      0.00000000	     11.27133809	     -6.67681943	     50.75853957	     40.43786117	   -119.26266802	   -143.62062974	      0.00000000	    -13.19629362	     -1.79326837	      4.70644610
      5.23166670	    -11.05644526	      4.76683192	     -3.63214821	      1.04854060	      0.73202930	     -0.18599035	     14.48885606	    -16.67913517	    -41.94503651	    -57.37670052	     46.52080194	     25.18514026	      0.00000000	     10.89955049	     -6.69614011	     50.78450811	     40.57533684	   -119.17422220	   -143.72089812	      0.00000000	    -13.27282734	     -1.88183436	      4.50860359
      5.24000000	    -11.05814521	      4.77964922	     -3.62275423	      1.05263740	      0.73262447	     -0.18632157	     14.63882775	    -16.87126375	    -41.43885472	    -58.13243614	     45.55461183	     24.64482342	      0.00000000	     10.50039368	     -6.61015119	     50.64608019	     40.66363399	   -118.92147419	   -144.00329374	      0.00000000	    -13.35799647	     -2.01403641	      4.32082041
      5.24833330	    -11.05109562	      4.75668676	     -3.58826683	      1.05674672	      0.73321634	     -0.18666189	     14.80779231	    -17.05677587	    -40.95806704	    -58.97111722	     44.43695694	     24.09956655	      0.00000000	     10.09057814	     -6.56774598	     50.54688159	     40.76716523	   -118.78556228	   -144.27174388	      0.00000000	    -13.45317094	     -2.10171840	      4.10642995
      5.25666670	    -11.04296871	      4.73087568	     -3.55714741	      1.06083699	      0.73378696	     -0.18700889	     15.05471969	    -17.25915118	    -40.40836931	    -59.92480971	     43.21856541	     23.50579083	      0.00000000	      9.68684259	     -6.52884138	     50.46330513	     40.86348582	   -118.66497374	   -144.52929247	      0.00000000	    -13.55199581	     -2.18159005	      3.87898223
      5.26500000	    -11.02228392	      4.69583994	     -3.52085576	      1.06492644	      0.73434978	     -0.18736594	     15.36247632	    -17.46547677	    -39.79213631	    -60.97718933	     41.89122532	     22.83852613	      0.00000000	      9.27023043	     -6.49625124	     50.38470768	     40.96340019	   -118.54113982	   -144.79099088	      0.00000000	    -13.66268881	     -2.24609349	      3.63860036
      5.27333330	    -10.99562133	      4.65284010	     -3.48291613	      1.06900306	      0.73489321	     -0.18772811	     15.74548377	    -17.67534327	    -39.10302224	    -62.13424304	     40.46129448	     22.09947726	      0.00000000	      8.85037944	     -6.47127246	     50.31383723	     41.06466699	   -118.41291096	   -145.04888820	      0.00000000	    -13.78029056	     -2.29707374	      3.38508819
      5.28166670	    -10.96241810	      4.60402318	     -3.44173621	      1.07306288	      0.73540938	     -0.18809488	     16.20663320	    -17.89104023	    -38.34145760	    -63.39646553	     38.92236915	     21.30481060	      0.00000000	      8.43182411	     -6.45949172	     50.27486115	     41.17236107	   -118.28329888	   -145.28316655	      0.00000000	    -13.90546223	     -2.33691881	      3.12379478
      5.29000000	    -10.90860932	      4.54633752	     -3.39764572	      1.07712823	      0.73592399	     -0.18845938	     16.72908554	    -18.08855577	    -37.48676239	    -64.73152895	     37.30588439	     20.39150666	      0.00000000	      7.98411012	     -6.44845404	     50.21088128	     41.28510764	   -118.12519212	   -145.53476588	      0.00000000	    -14.05189644	     -2.36215318	      2.85004905
      5.29833330	    -10.86640756	      4.49795171	     -3.35862653	      1.08113472	      0.73636924	     -0.18883987	     17.36307431	    -18.32124194	    -36.56825260	    -66.18795846	     35.59605236	     19.52960444	      0.00000000	      7.58135176	     -6.46156814	     50.25899982	     41.40436571	   -117.99447898	   -145.71723247	      0.00000000	    -14.18550733	     -2.39095786	      2.57051085
      5.30666670	    -10.80338702	      4.43584506	     -3.31934198	      1.08514158	      0.73680760	     -0.18919579	     18.05517520	    -18.51239325	    -35.55808369	    -67.68820028	     33.85388812	     18.53160522	      0.00000000	      7.14204099	     -6.48347742	     50.26516872	     41.54082052	   -117.80666268	   -145.89619015	      0.00000000	    -14.34171452	     -2.40139215	      2.28489682
      5.31500000	    -10.75427807	      4.38483723	     -3.27786160	      1.08908863	      0.73716909	     -0.18958605	     18.84485498	    -18.74641683	    -34.52649386	    -69.27808071	     32.06186724	     17.62105905	      0.00000000	      6.75070468	     -6.52304865	     50.38081476	     41.67905063	   -117.66419772	   -146.02291716	      0.00000000	    -14.47948769	     -2.41151697	      1.98631673
      5.32333330	    -10.68448044	      4.33523380	     -3.24221456	      1.09301701	      0.73752269	     -0.18994774	     19.69358469	    -18.93990926	    -33.39298453	    -70.88716843	     30.29916359	     16.64776756	      0.00000000	      6.33792853	     -6.56562330	     50.49421546	     41.82688645	   -117.47245705	   -146.12595597	      0.00000000	    -14.64539996	     -2.42658239	      1.68987391
      5.33166670	    -10.61494804	      4.28498472	     -3.20648480	      1.09691088	      0.73782359	     -0.19031428	     20.60179513	    -19.13478637	    -32.24931874	    -72.51717778	     28.57724211	     15.71880675	      0.00000000	      5.93359937	     -6.62577450	     50.64406002	     41.98923601	   -117.27690971	   -146.19953181	      0.00000000	    -14.80663364	     -2.42863410	      1.38425266
      5.34000000	    -10.54720395	      4.23589470	     -3.16733412	      1.10076054	      0.73806692	     -0.19067441	     21.56117547	    -19.33078691	    -31.11346022	    -74.14935288	     26.93285925	     14.84473127	      0.00000000	      5.53719432	     -6.70174143	     50.82079638	     42.17031538	   -117.09312760	   -146.25043569	      0.00000000	    -14.96474046	     -2.42864355	      1.07018610
      5.34833330	    -10.46682154	      4.19738682	     -3.13817161	      1.10458372	      0.73829816	     -0.19103920	     22.55901833	    -19.49622288	    -29.92066335	    -75.73923778	     25.44741353	     14.02930619	      0.00000000	      5.14197193	     -6.77048950	     51.02628295	     42.34086634	   -116.86094892	   -146.26102242	      0.00000000	    -15.13857468	     -2.42905210	      0.75829924
      5.35666670	    -10.38909979	      4.16450662	     -3.10680345	      1.10836522	      0.73846997	     -0.19139700	     23.58596711	    -19.67149086	    -28.77612828	    -77.29009134	     24.12463484	     13.30427155	      0.00000000	      4.75341310	     -6.85303403	     51.25806645	     42.53414678	   -116.64054029	   -146.25675155	      0.00000000	    -15.30607086	     -2.43133071	      0.44321853
      5.36500000	    -10.30520471	      4.13560042	     -3.07823274	      1.11211448	      0.73862134	     -0.19175514	     24.62570295	    -19.82639892	    -27.64861340	    -78.75975906	     23.01398813	     12.67062387	      0.00000000	      4.36512885	     -6.93771352	     51.50553311	     42.73009544	   -116.39292759	   -146.21855291	      0.00000000	    -15.48011498	     -2.42822798	      0.12389245
      5.37333330	    -10.21918175	      4.09511040	     -3.04566582	      1.11582632	      0.73873151	     -0.19208967	     25.66086253	    -19.96257394	    -26.59768637	    -80.13559313	     22.12326601	     12.11065285	      0.00000000	      3.98396707	     -7.07188284	     51.82010653	     42.98782908	   -115.88860026	   -145.97731890	      0.00000000	    -15.65625073	     -2.40813412	     -0.19523862
      5.38166670	    -10.14424122	      4.07133927	     -3.01136000	      1.11949043	      0.73880022	     -0.19245254	     26.71163587	    -20.12131622	    -25.61598429	    -81.41275690	     21.47469627	     11.67787536	      0.00000000	      3.61266905	     -7.16188160	     52.07297000	     43.17838924	   -115.81437844	   -146.02901626	      0.00000000	    -15.81928413	     -2.39155650	     -0.52126266
      5.39000000	    -10.05431963	      4.07714148	     -2.99010402	      1.12312772	      0.73888233	     -0.19280974	     27.75850856	    -20.24176343	    -24.61054679	    -82.54449016	     21.16194552	     11.26855278	      0.00000000	      3.23194927	     -7.20670871	     52.30892146	     43.34936260	   -115.60639443	   -146.00885190	      0.00000000	    -15.99870921	     -2.40602693	     -0.84742485
      5.39833330	     -9.97314738	      4.05779917	     -2.96922154	      1.12672670	      0.73892752	     -0.19312888	     28.78989066	    -20.34162207	    -23.72842303	    -83.54299943	     21.05265788	     10.93245768	      0.00000000	      2.84734485	     -7.29784999	     52.52995599	     43.57358889	   -115.23788642	   -145.90260782	      0.00000000	    -16.16693204	     -2.38499526	     -1.16127781
      5.40666670	     -9.89960781	      4.05878863	     -2.93293004	      1.13027491	      0.73895572	     -0.19349792	     29.81145065	    -20.46404584	    -22.93573022	    -84.39705860	     21.19333970	     10.65099529	      0.00000000	      2.49667643	     -7.35483717	     52.78225484	     43.73438222	   -115.14791069	   -145.97189381	      0.00000000	    -16.32924832	     -2.37244408	     -1.49591615
      5.41500000	     -9.82229436	      4.06351901	     -2.90553045	      1.13380058	      0.73898776	     -0.19384443	     30.81242973	    -20.55251706	    -22.19657685	    -85.08462453	     21.57938391	     10.35777836	      0.00000000	      2.12479258	     -7.39202531	     52.96317222	     43.89435850	   -114.99562922	   -146.01787016	      0.00000000	    -16.49253397	     -2.35707119	     -1.81912047
      5.42333330	     -9.73747140	      4.06870335	     -2.88901979	      1.13730524	      0.73903536	     -0.19415903	     31.78915343	    -20.61587540	    -21.52603295	    -85.61254448	     22.12358590	     10.05062486	      0.00000000	      1.73667863	     -7.42512066	     53.10937505	     44.06035123	   -114.74465119	   -146.05720719	      0.00000000	    -16.66782908	     -2.34050239	     -2.13119783
      5.43166670	     -9.67235059	      4.07595017	     -2.85613095	      1.14075495	      0.73905494	     -0.19449195	     32.75235949	    -20.68282694	    -20.96686235	    -85.97698804	     22.87320640	      9.78188181	      0.00000000	      1.37970659	     -7.44749381	     53.25635651	     44.20071587	   -114.58321795	   -146.13496262	      0.00000000	    -16.81839924	     -2.31377063	     -2.45487524
      5.44000000	     -9.60098074	      4.08541783	     -2.83222562	      1.14418672	      0.73909573	     -0.19480158	     33.69156656	    -20.71808664	    -20.45953537	    -86.17814488	     23.72442713	      9.47439225	      0.00000000	      1.00646289	     -7.45856568	     53.36151525	     44.33690969	   -114.39093360	   -146.23710763	      0.00000000	    -16.97851287	     -2.28441213	     -2.76646077
      5.44833330	     -9.53290878	      4.09659645	     -2.81004227	      1.14759829	      0.73913765	     -0.19509708	     34.60579596	    -20.74851320	    -20.04497605	    -86.22353489	     24.66746258	      9.15578977	      0.00000000	      0.63323758	     -7.45953090	     53.44215992	     44.46131247	   -114.21241328	   -146.36529537	      0.00000000	    -17.13002196	     -2.25078298	     -3.07029113
      5.45666670	     -9.46797250	      4.10819705	     -2.78660790	      1.15098403	      0.73919050	     -0.19538104	     35.49493130	    -20.76434825	    -19.70776694	    -86.11355961	     25.66861177	      8.81791397	      0.00000000	      0.25886683	     -7.44936103	     53.49259450	     44.57364897	   -114.04192349	   -146.52067823	      0.00000000	    -17.27950164	     -2.21190298	     -3.37145627
      5.46500000	     -9.40774404	      4.12024248	     -2.76213801	      1.15434928	      0.73924965	     -0.19564643	     36.35800310	    -20.76552829	    -19.44732300	    -85.85402869	     26.70076568	      8.45557252	      0.00000000	     -0.11542772	     -7.42804813	     53.51175723	     44.67332080	   -113.87975012	   -146.70406823	      0.00000000	    -17.42248823	     -2.16806717	     -3.66634751
      5.47333330	     -9.35220774	      4.13027427	     -2.73636794	      1.15769718	      0.73931614	     -0.19589313	     37.19259559	    -20.75517846	    -19.26786011	    -85.45373014	     27.73284995	      8.07185474	      0.00000000	     -0.49085817	     -7.39766367	     53.49755646	     44.76033669	   -113.72738342	   -146.91499620	      0.00000000	    -17.55931832	     -2.11762051	     -3.95655696
      5.48166670	     -9.29907719	      4.14088898	     -2.70799288	      1.16103294	      0.73939080	     -0.19613566	     37.99388901	    -20.74068262	    -19.16589194	    -84.91921751	     28.74687657	      7.68329713	      0.00000000	     -0.86688150	     -7.35768057	     53.46401272	     44.83690500	   -113.59373770	   -147.14173516	      0.00000000	    -17.69126953	     -2.05999612	     -4.24352213
      5.49000000	     -9.25080748	      4.14698030	     -2.67899744	      1.16436959	      0.73949529	     -0.19634758	     38.75700318	    -20.72243558	    -19.16159600	    -84.25555744	     29.69552299	      7.27547024	      0.00000000	     -1.27978116	     -7.25936702	     53.24114326	     44.87088925	   -113.43677539	   -147.62172315	      0.00000000	    -17.81549268	     -1.99518246	     -4.52878229
      5.49833330	     -9.21462602	      4.15085393	     -2.65623556	      1.16767432	      0.73956448	     -0.19652675	     39.50516987	    -20.67949299	    -19.20758721	    -83.48074534	     30.60935430	      6.83389098	      0.00000000	     -1.64196618	     -7.22511768	     53.18646069	     44.93225521	   -113.38591637	   -147.82521035	      0.00000000	    -17.92405241	     -1.92526358	     -4.78636686
      5.50666670	     -9.16880151	      4.16641280	     -2.62601766	      1.17100292	      0.73966545	     -0.19671729	     40.20272887	    -20.66291879	    -19.33396806	    -82.60961142	     31.44729876	      6.45122303	      0.00000000	     -2.05295808	     -7.11259485	     52.96000453	     44.95094212	   -113.33346652	   -148.33406769	      0.00000000	    -18.04017211	     -1.86291617	     -5.06343955
      5.51500000	     -9.12919974	      4.16338570	     -2.59655197	      1.17431347	      0.73974248	     -0.19684200	     40.85869413	    -20.61166628	    -19.54034180	    -81.63331793	     32.23153091	      6.04539620	      0.00000000	     -2.43031774	     -7.08536348	     52.88388173	     45.01772375	   -113.29285503	   -148.52485341	      0.00000000	    -18.14677957	     -1.78136947	     -5.31279148
      5.52333330	     -9.10883805	      4.14584197	     -2.56624852	      1.17761058	      0.73981843	     -0.19693534	     41.48726297	    -20.54694606	    -19.83835513	    -80.56652484	     32.89337400	      5.63991297	      0.00000000	     -2.80867255	     -7.03076028	     52.68431051	     45.04894832	   -113.22302530	   -148.90859524	      0.00000000	    -18.23042923	     -1.68120494	     -5.55176898
      5.53166670	     -9.07389572	      4.18054603	     -2.54493140	      1.18094734	      0.73989698	     -0.19705840	     42.08277647	    -20.55285612	    -20.17979911	    -79.45250420	     33.49938107	      5.35519371	      0.00000000	     -3.21844422	     -6.87972456	     52.40617000	     45.03550103	   -113.27789539	   -149.48758852	      0.00000000	    -18.32194227	     -1.63432699	     -5.79572072
      5.54000000	     -9.04483059	      4.17562354	     -2.51503162	      1.18428189	      0.73995638	     -0.19711527	     42.61965978	    -20.51690835	    -20.62777222	    -78.26016425	     34.01006477	      5.09207870	      0.00000000	     -3.61481098	     -6.81443399	     52.20367040	     45.06639241	   -113.31143337	   -149.87712556	      0.00000000	    -18.40488394	     -1.54511832	     -6.02371526
      5.54833330	     -9.01690837	      4.17485651	     -2.48482921	      1.18762897	      0.74000514	     -0.19715443	     43.11598147	    -20.49475139	    -21.15455514	    -77.01931986	     34.42725363	      4.92227634	      0.00000000	     -4.01351542	     -6.73898987	     51.98525253	     45.09231913	   -113.32343341	   -150.28316643	      0.00000000	    -18.48192835	     -1.45821739	     -6.24372561
      5.55666670	     -8.99368454	      4.17652059	     -2.45308496	      1.19098725	      0.74002618	     -0.19717304	     43.57644496	    -20.48794801	    -21.76494656	    -75.74315221	     34.75482446	      4.85029981	      0.00000000	     -4.41045374	     -6.66346983	     51.76382451	     45.12148814	   -113.35192075	   -150.69667716	      0.00000000	    -18.54921805	     -1.37266604	     -6.45749886
      5.56500000	     -8.98277090	      4.16725117	     -2.42022864	      1.19434343	      0.74000558	     -0.19715230	     44.00702691	    -20.47972511	    -22.46726643	    -74.44053521	     34.97732556	      4.88799409	      0.00000000	     -4.79565032	     -6.61694206	     51.55962293	     45.17222443	   -113.36336082	   -151.02890266	      0.00000000	    -18.59861954	     -1.27550240	     -6.65709387
      5.57333330	     -8.96901833	      4.17842138	     -2.38717380	      1.19772365	      0.73997046	     -0.19713397	     44.40155767	    -20.49702644	    -23.22600765	    -73.11810588	     35.13895240	      5.05063975	      0.00000000	     -5.18357268	     -6.53572092	     51.34215362	     45.20191668	   -113.39399600	   -151.43497566	      0.00000000	    -18.64641218	     -1.19759318	     -6.85554923
      5.58166670	     -8.95317327	      4.19253200	     -2.35293621	      1.20112367	      0.73991099	     -0.19709591	     44.75540221	    -20.51995974	    -24.05420687	    -71.78211431	     35.23403204	      5.33164868	      0.00000000	     -5.57499181	     -6.45779984	     51.13308068	     45.23696746	   -113.44029187	   -151.82095563	      0.00000000	    -18.69086521	     -1.12209138	     -7.04588195
      5.59000000	     -8.94307528	      4.20693942	     -2.31645306	      1.20453649	      0.73981569	     -0.19703635	     45.07651351	    -20.54567862	    -24.95207324	    -70.43709820	     35.26476705	      5.73173953	      0.00000000	     -5.95991425	     -6.38935744	     50.94029725	     45.28115262	   -113.47319312	   -152.17384106	      0.00000000	    -18.72566023	     -1.04488890	     -7.22661598
      5.59833330	     -8.93845096	      4.22792490	     -2.27782616	      1.20796215	      0.73968148	     -0.19696624	     45.36860310	    -20.58734946	    -25.92513529	    -69.09592879	     35.23406592	      6.26897965	      0.00000000	     -6.34055863	     -6.31605514	     50.74724558	     45.32707751	   -113.50923215	   -152.53655252	      0.00000000	    -18.74987165	     -0.97308791	     -7.40139256
      5.60666670	     -8.94295045	      4.25705129	     -2.23820793	      1.21139610	      0.73950504	     -0.19688736	     45.63732817	    -20.64537305	    -26.97073805	    -67.76441628	     35.14532331	      6.94522144	      0.00000000	     -6.71389451	     -6.23410247	     50.54810102	     45.37276394	   -113.55919985	   -152.91561982	      0.00000000	    -18.75986980	     -0.90684019	     -7.56744287
      5.61500000	     -8.95039798	      4.29030752	     -2.19527502	      1.21484599	      0.73929220	     -0.19679585	     45.87208968	    -20.71052886	    -28.08463643	    -66.44321254	     35.01705144	      7.74496407	      0.00000000	     -7.08053999	     -6.15800589	     50.37352104	     45.42418200	   -113.59973484	   -153.27365040	      0.00000000	    -18.76300730	     -0.84450715	     -7.72771575
      5.62333330	     -8.97381963	      4.34062182	     -2.15328321	      1.21829428	      0.73902424	     -0.19670779	     46.09676050	    -20.80276569	    -29.26575363	    -65.14896297	     34.83391760	      8.69916956	      0.00000000	     -7.43082171	     -6.05869919	     50.18761778	     45.46780243	   -113.66294598	   -153.66256373	      0.00000000	    -18.74539083	     -0.79605579	     -7.87878066
      5.63166670	     -8.99303761	      4.39272946	     -2.10102870	      1.22176934	      0.73873336	     -0.19662055	     46.26867736	    -20.90512063	    -30.52694016	    -63.86618225	     34.63782275	      9.74533847	      0.00000000	     -7.77656563	     -5.97400496	     50.05319957	     45.52077324	   -113.69515949	   -154.00653534	      0.00000000	    -18.72905375	     -0.74535632	     -8.02987927
      5.64000000	     -9.02742198	      4.46045828	     -2.04690121	      1.22524494	      0.73838965	     -0.19654114	     46.42530954	    -21.03165758	    -31.85278413	    -62.62005543	     34.39621822	     10.92578143	      0.00000000	     -8.10165344	     -5.87394936	     49.92947041	     45.56923821	   -113.72807852	   -154.34766691	      0.00000000	    -18.69343761	     -0.70671581	     -8.17422356
      5.64833330	     -9.05244512	      4.49671606	     -1.99723140	      1.22875482	      0.73802794	     -0.19638625	     46.51871012	    -21.09661568	    -33.21718916	    -61.38259672	     34.12034285	     12.15572402	      0.00000000	     -8.44883784	     -5.83930781	     49.82497995	     45.66429978	   -113.72481216	   -154.62917174	      0.00000000	    -18.66580425	     -0.63781180	     -8.29128526
      5.65666670	     -9.11171444	      4.59483008	     -1.92787693	      1.23223887	      0.73758986	     -0.19634132	     46.62635203	    -21.28367303	    -34.68455135	    -60.23548133	     33.79376478	     13.57766410	      0.00000000	     -8.72417718	     -5.72236481	     49.77615961	     45.70669677	   -113.72449874	   -154.93903426	      0.00000000	    -18.59713916	     -0.61967568	     -8.43446359
      5.66500000	     -9.17039947	      4.69548925	     -1.85534577	      1.23574768	      0.73713177	     -0.19628681	     46.69310281	    -21.46316815	    -36.17939136	    -59.13764618	     33.42152332	     15.04735739	      0.00000000	     -8.99972189	     -5.60739519	     49.73825370	     45.74801740	   -113.72967162	   -155.23779416	      0.00000000	    -18.52782675	     -0.60182831	     -8.57032203
      5.67333330	     -9.24768030	      4.84466622	     -1.76787796	      1.23925322	      0.73663339	     -0.19631609	     46.75670172	    -21.72291841	    -37.71993128	    -58.13925454	     32.97085111	     16.60556788	      0.00000000	     -9.23164887	     -5.41953505	     49.72850053	     45.73694894	   -113.75955278	   -155.54629690	      0.00000000	    -18.43611531	     -0.62256469	     -8.72182376
      5.68166670	     -9.32568113	      4.97083218	     -1.67758321	      1.24278846	      0.73610903	     -0.19630097	     46.77285189	    -21.93635309	    -39.25419204	    -57.19893951	     32.47520897	     18.17361916	      0.00000000	     -9.46632829	     -5.28551196	     49.75383223	     45.76198341	   -113.75596399	   -155.82526702	      0.00000000	    -18.33996734	     -0.61588488	     -8.85439224
      5.69000000	     -9.40213407	      5.08216599	     -1.58664402	      1.24635207	      0.73556767	     -0.19624423	     46.74782325	    -22.11847018	    -40.76527681	    -56.34195106	     31.91300464	     19.75421381	      0.00000000	     -9.69694865	     -5.19780073	     49.83322452	     45.81352377	   -113.71490640	   -156.07933178	      0.00000000	    -18.24586485	     -0.59469523	     -8.97102584
      5.69833330	     -9.50491541	      5.24437360	     -1.48161111	      1.24990814	      0.73498200	     -0.19627445	     46.74272023	    -22.37591711	    -42.24441559	    -55.62335920	     31.26456748	     21.34387192	      0.00000000	     -9.87078613	     -5.03893528	     49.95603304	     45.81335909	   -113.67321241	   -156.29116800	      0.00000000	    -18.11923750	     -0.61477244	     -9.10117887
      5.70666670	     -9.60180558	      5.40020706	     -1.36485387	      1.25350690	      0.73440435	     -0.19630284	     46.69952923	    -22.61501549	    -43.64422240	    -55.00306607	     30.56551650	     22.84722716	      0.00000000	    -10.04461655	     -4.89735005	     50.11536863	     45.81294490	   -113.62012878	   -156.48534081	      0.00000000	    -17.99792458	     -0.62208227	     -9.23006564
      5.71500000	     -9.70093796	      5.57238536	     -1.23821453	      1.25713991	      0.73383073	     -0.19635665	     46.64357413	    -22.86780048	    -44.94032730	    -54.50367468	     29.83178541	     24.26247007	      0.00000000	    -10.20599663	     -4.73125561	     50.29369282	     45.78557043	   -113.56315277	   -156.62608513	      0.00000000	    -17.87104234	     -0.63945870	     -9.36202391
      5.72333330	     -9.80501463	      5.73689562	     -1.10688775	      1.26080202	      0.73324946	     -0.19639070	     46.58324204	    -23.08941414	    -46.08136049	    -54.11214033	     29.07339871	     25.53441061	      0.00000000	    -10.34851285	     -4.59810233	     50.53530949	     45.76931131	   -113.48047721	   -156.75728926	      0.00000000	    -17.73739604	     -0.64647501	     -9.48188320
      5.73166670	     -9.91150940	      5.90400424	     -0.95785124	      1.26449502	      0.73268295	     -0.19644728	     46.52937045	    -23.29558464	    -47.02289386	    -53.83003089	     28.31079178	     26.60956542	      0.00000000	    -10.46706588	     -4.47498134	     50.84609117	     45.73978706	   -113.37707778	   -156.87253743	      0.00000000	    -17.59976451	     -0.64702198	     -9.61248640
      5.74000000	    -10.01607524	      6.06707900	     -0.81568125	      1.26823916	      0.73213354	     -0.19646524	     46.46247334	    -23.48247418	    -47.82249273	    -53.64697418	     27.57435507	     27.51087319	      0.00000000	    -10.58794805	     -4.36053665	     51.16350258	     45.70754329	   -113.26442575	   -156.92241472	      0.00000000	    -17.46062908	     -0.64626764	     -9.71465968
      5.74833330	    -10.12481688	      6.23624182	     -0.65910889	      1.27201475	      0.73160612	     -0.19650020	     46.42452345	    -23.64100685	    -48.35747475	    -53.54856685	     26.91824847	     28.16114571	      0.00000000	    -10.67503476	     -4.25716634	     51.57300764	     45.65878493	   -113.13774832	   -156.98212214	      0.00000000	    -17.31611400	     -0.64419568	     -9.82564172
      5.75666670	    -10.20254679	      6.38277745	     -0.49228456	      1.27587986	      0.73115579	     -0.19650851	     46.34493053	    -23.78440096	    -48.74676690	    -53.54996599	     26.27732699	     28.62589535	      0.00000000	    -10.80413971	     -4.18667523	     51.98755624	     45.61789212	   -112.99391972	   -156.95387290	      0.00000000	    -17.20100296	     -0.61522879	     -9.93421676
      5.76500000	    -10.29407252	      6.52057284	     -0.32031665	      1.27976700	      0.73072570	     -0.19649615	     46.29242268	    -23.89158016	    -48.93668739	    -53.60508104	     25.73718786	     28.86315459	      0.00000000	    -10.89747078	     -4.13936996	     52.45865053	     45.56740228	   -112.82838940	   -156.89323447	      0.00000000	    -17.06891979	     -0.57566361	    -10.03220176
      5.77333330	    -10.37350199	      6.65002016	     -0.14294725	      1.28371372	      0.73035163	     -0.19646026	     46.24175148	    -23.97613091	    -48.94150308	    -53.71968155	     25.30425028	     28.91036998	      0.00000000	    -10.98779127	     -4.12219667	     52.99665580	     45.51846962	   -112.64524201	   -156.78481251	      0.00000000	    -16.94700929	     -0.52549659	    -10.12510296
      5.78166670	    -10.44252366	      6.77377183	      0.02646628	      1.28771992	      0.73003325	     -0.19638817	     46.21020231	    -24.03155396	    -48.74947989	    -53.88902137	     24.99089099	     28.78332636	      0.00000000	    -11.08630497	     -4.10962201	     53.53765524	     45.45104374	   -112.51044806	   -156.73429609	      0.00000000	    -16.83288411	     -0.47010770	    -10.19696486
      5.79000000	    -10.49978170	      6.86817571	      0.21079595	      1.29177519	      0.72979464	     -0.19626800	     46.14856739	    -24.05306606	    -48.47297433	    -54.06478431	     24.77339236	     28.49700155	      0.00000000	    -11.17510406	     -4.17137457	     54.18204178	     45.41372226	   -112.28637001	   -156.47631584	      0.00000000	    -16.72845012	     -0.38551638	    -10.27581468
      5.79833330	    -10.54927174	      6.94980336	      0.38981725	      1.29588487	      0.72960417	     -0.19610558	     46.09525240	    -24.07307785	    -48.10660259	    -54.29842726	     24.63981598	     28.11330229	      0.00000000	    -11.28058415	     -4.24882570	     54.80671015	     45.38130826	   -112.08109683	   -156.24098629	      0.00000000	    -16.62774617	     -0.28921775	    -10.33369071
      5.80666670	    -10.58359892	      7.01652541	      0.55988033	      1.30004897	      0.72949606	     -0.19588081	     46.02550988	    -24.07315103	    -47.67105786	    -54.54349917	     24.60114155	     27.68842307	      0.00000000	    -11.38856096	     -4.35773215	     55.47306219	     45.34332965	   -111.91289921	   -156.00092300	      0.00000000	    -16.53952087	     -0.18313298	    -10.37691778
      5.81500000	    -10.60711862	      7.06609729	      0.73049693	      1.30425032	      0.72946504	     -0.19561742	     45.93902026	    -24.06532992	    -47.20098467	    -54.79633964	     24.64854338	     27.20648578	      0.00000000	    -11.49867973	     -4.50246475	     56.17373198	     45.31832645	   -111.72289670	   -155.68562025	      0.00000000	    -16.46341454	     -0.05809289	    -10.40233394
      5.82333330	    -10.62187678	      7.09896391	      0.89732007	      1.30849080	      0.72949948	     -0.19530103	     45.83171999	    -24.05260394	    -46.73185688	    -55.05291305	     24.78710503	     26.69998288	      0.00000000	    -11.61015018	     -4.68354438	     56.90718503	     45.30894852	   -111.52297902	   -155.29627294	      0.00000000	    -16.39098982	      0.07999325	    -10.41948293
      5.83166670	    -10.62493524	      7.12215414	      1.06093315	      1.31276510	      0.72961215	     -0.19494071	     45.69506684	    -24.04413077	    -46.27946537	    -55.30255971	     25.01265203	     26.22002690	      0.00000000	    -11.72275865	     -4.89026757	     57.67444419	     45.30816066	   -111.30273377	   -154.83447776	      0.00000000	    -16.32868308	      0.22360304	    -10.42834596
      5.84000000	    -10.62641105	      7.12376024	      1.20745734	      1.31704184	      0.72978595	     -0.19449883	     45.54691538	    -24.01144951	    -45.83108094	    -55.53890195	     25.25417686	     25.77754177	      0.00000000	    -11.82161360	     -5.14698958	     58.48139081	     45.32685909	   -111.16547483	   -154.40901250	      0.00000000	    -16.26815833	      0.38203888	    -10.40442429
      5.84833330	    -10.61351065	      7.12694247	      1.35081837	      1.32135376	      0.73003255	     -0.19402526	     45.35659485	    -23.99575675	    -45.43659431	    -55.75587004	     25.62201884	     25.37418255	      0.00000000	    -11.92966258	     -5.41533952	     59.31561450	     45.37304802	   -110.85904299	   -153.70791484	      0.00000000	    -16.21891443	      0.53239869	    -10.37955887
      5.85666670	    -10.60143247	      7.11080108	      1.48686350	      1.32565343	      0.73034056	     -0.19349384	     45.14012732	    -23.97254526	    -45.10473687	    -55.95187542	     25.98418027	     25.01027720	      0.00000000	    -12.02084622	     -5.72274280	     60.17785102	     45.42444695	   -110.70445514	   -153.08461418	      0.00000000	    -16.16924014	      0.69798487	    -10.33558094
      5.86500000	    -10.58755301	      7.09060401	      1.60917666	      1.32994979	      0.73070339	     -0.19291161	     44.89855334	    -23.94842373	    -44.81980744	    -56.12389637	     26.37969818	     24.73222378	      0.00000000	    -12.09437231	     -6.05788327	     61.09014867	     45.50329620	   -110.50041653	   -152.34993347	      0.00000000	    -16.12007941	      0.85958732	    -10.27367462
      5.87333330	    -10.57364056	      7.06590337	      1.72565685	      1.33422593	      0.73112041	     -0.19229371	     44.62798079	    -23.93143236	    -44.60754409	    -56.27262700	     26.78570032	     24.52483305	      0.00000000	    -12.15155939	     -6.41458959	     62.03380612	     45.60166420	   -110.32628962	   -151.55663820	      0.00000000	    -16.07248212	      1.02096588	    -10.19886939
      5.88166670	    -10.56276163	      7.03874177	      1.82965977	      1.33847949	      0.73157604	     -0.19162983	     44.33461358	    -23.91496035	    -44.45787322	    -56.39652294	     27.20609553	     24.40613649	      0.00000000	    -12.18464904	     -6.79836009	     63.02437482	     45.73251008	   -110.13589237	   -150.66814885	      0.00000000	    -16.02047157	      1.17626533	    -10.10753401
      5.89000000	    -10.55441458	      7.01235556	      1.92410857	      1.34270414	      0.73208336	     -0.19093539	     44.01394286	    -23.90350115	    -44.37985655	    -56.49020818	     27.60742416	     24.34952654	      0.00000000	    -12.19279283	     -7.19263548	     64.04751286	     45.87278855	   -109.98325306	   -149.71493942	      0.00000000	    -15.96621320	      1.32391415	    -10.00369551
      5.89833330	    -10.54256291	      6.98748532	      2.01607015	      1.34690575	      0.73262316	     -0.19021937	     43.66756083	    -23.90123300	    -44.35689520	    -56.57326574	     28.01326376	     24.36613036	      0.00000000	    -12.17772388	     -7.61688865	     65.14140245	     46.05512309	   -109.84833807	   -148.65977720	      0.00000000	    -15.91831968	      1.46558148	     -9.89113199
      5.90666670	    -10.53900751	      6.96352544	      2.09857564	      1.35106716	      0.73318669	     -0.18947615	     43.30602052	    -23.89659150	    -44.38673053	    -56.62762853	     28.40953744	     24.45273943	      0.00000000	    -12.12455738	     -8.06205510	     66.28881825	     46.27218636	   -109.67095456	   -147.48255651	      0.00000000	    -15.86155526	      1.60003003	     -9.76514430
      5.91500000	    -10.53467422	      6.93412048	      2.17226266	      1.35520022	      0.73377607	     -0.18869486	     42.91980907	    -23.87889551	    -44.46296599	    -56.65500148	     28.79166156	     24.59281714	      0.00000000	    -12.04301486	     -8.54297237	     67.49333162	     46.53466531	   -109.49316979	   -146.21564430	      0.00000000	    -15.80244397	      1.73100149	     -9.62536707
      5.92333330	    -10.53337028	      6.93969779	      2.25002937	      1.35928729	      0.73439526	     -0.18796218	     42.53251814	    -23.91840832	    -44.58276987	    -56.69470755	     29.12535622	     24.76061726	      0.00000000	    -11.90976880	     -8.99013445	     68.78913468	     46.77710530	   -109.50753434	   -144.83833826	      0.00000000	    -15.74706171	      1.82680939	     -9.50097680
      5.93166670	    -10.53819229	      6.93342145	      2.32465335	      1.36333010	      0.73500921	     -0.18719540	     42.13081645	    -23.93397540	    -44.73452045	    -56.70317583	     29.46645862	     24.98133223	      0.00000000	    -11.72210008	     -9.49816622	     70.18947960	     47.09575383	   -109.47997536	   -143.32377551	      0.00000000	    -15.68362812	      1.92727161	     -9.35977814
      5.94000000	    -10.54395225	      6.93444437	      2.39884794	      1.36733433	      0.73562883	     -0.18643183	     41.72064574	    -23.95777590	    -44.91127941	    -56.70517985	     29.78332835	     25.22271811	      0.00000000	    -11.48132020	    -10.02699536	     71.68650525	     47.45202549	   -109.52733969	   -141.67590339	      0.00000000	    -15.61822524	      2.01568001	     -9.21996577
      5.94833330	    -10.55400860	      6.93977766	      2.47329009	      1.37129501	      0.73623855	     -0.18566787	     41.30869180	    -23.98317708	    -45.10624994	    -56.69608855	     30.09448799	     25.47854036	      0.00000000	    -11.17415181	    -10.58530452	     73.30465113	     47.85658473	   -109.62330643	   -139.86740466	      0.00000000	    -15.55021354	      2.09716397	     -9.07364593
      5.95666670	    -10.56569350	      6.94755165	      2.55372646	      1.37520933	      0.73683114	     -0.18491695	     40.89329804	    -24.01625497	    -45.32161301	    -56.68696499	     30.38912501	     25.74614317	      0.00000000	    -10.79082910	    -11.17968587	     75.06258070	     48.31067077	   -109.88125548	   -137.90902091	      0.00000000	    -15.47876171	      2.17347307	     -8.93401696
      5.96500000	    -10.58502584	      6.95618523	      2.63979982	      1.37906554	      0.73739386	     -0.18417639	     40.48595440	    -24.04896545	    -45.54264309	    -56.67296905	     30.67808556	     26.00815520	      0.00000000	    -10.31091845	    -11.81445796	     76.98226211	     48.82694365	   -110.24484418	   -135.75258153	      0.00000000	    -15.40073124	      2.24618584	     -8.79415781
      5.97333330	    -10.60956684	      6.96427758	      2.73444434	      1.38286561	      0.73792204	     -0.18345017	     40.08456397	    -24.08393329	    -45.77140942	    -56.65858007	     30.96033075	     26.26456873	      0.00000000	     -9.72321457	    -12.48982098	     79.08269740	     49.39981767	   -110.80420026	   -133.39643731	      0.00000000	    -15.31667086	      2.31634895	     -8.65972940
      5.98166670	    -10.64201690	      6.97099404	      2.83826994	      1.38659925	      0.73840243	     -0.18274195	     39.69691739	    -24.11946310	    -46.00042871	    -56.64635592	     31.24018086	     26.50520133	      0.00000000	     -9.00873035	    -13.20498834	     81.38380366	     50.03476627	   -111.59744570	   -130.78441380	      0.00000000	    -15.22526182	      2.38614094	     -8.52990819
      5.99000000	    -10.68601333	      6.97559902	      2.95294012	      1.39025450	      0.73882595	     -0.18205667	     39.33206214	    -24.15147412	    -46.21427965	    -56.63519577	     31.52558435	     26.71767766	      0.00000000	     -8.14142229	    -13.95680109	     83.91407326	     50.72906545	   -112.72065699	   -127.88037557	      0.00000000	    -15.12351381	      2.45597191	     -8.40552203
      5.99833330	    -10.76205099	      6.99172475	      3.07607187	      1.39379435	      0.73915075	     -0.18140968	     39.04007024	    -24.18385329	    -46.35858773	    -56.63674348	     31.82568358	     26.86859425	      0.00000000	     -7.06566176	    -14.71646995	     86.72485137	     51.44528349	   -114.56194829	   -124.69443483	      0.00000000	    -14.98937334	      2.50884156	     -8.28854792
      6.00666670	    -10.82547831	      6.97416376	      3.22461762	      1.39727063	      0.73944738	     -0.18077935	     38.71290673	    -24.19647760	    -46.55966607	    -56.62531385	     32.12064358	     26.97382697	      0.00000000	     -5.81088384	    -15.54408791	     89.83388970	     52.22901727	   -117.03769099	   -121.17350938	      0.00000000	    -14.87343275	      2.60131339	     -8.18676221
      6.01500000	    -10.91459552	      6.93521887	      3.38347092	      1.40064992	      0.73964111	     -0.18015919	     38.42107104	    -24.18807687	    -46.75774689	    -56.61488530	     32.44120044	     27.10038787	      0.00000000	     -4.34792693	    -16.40074144	     93.17203248	     53.09424860	   -120.02449798	   -117.32788316	      0.00000000	    -14.72580253	      2.71105082	     -8.08247859
      6.02333330	    -10.99514757	      6.92557079	      3.55512727	      1.40396605	      0.73981803	     -0.17962611	     38.14599144	    -24.22866611	    -46.93702663	    -56.64008619	     32.71145851	     27.15100654	      0.00000000	     -2.72860219	    -17.17114962	     96.68831142	     54.01434925	   -123.06544595	   -113.36597830	      0.00000000	    -14.59541846	      2.79378561	     -8.00504026
      6.03166670	    -11.09728050	      6.90532642	      3.71278276	      1.40723045	      0.73988680	     -0.17907370	     37.91273053	    -24.24634677	    -47.08360784	    -56.67089525	     33.03895965	     27.26016217	      0.00000000	     -1.05685948	    -17.89741308	    100.06732666	     55.03503738	   -125.72776646	   -109.64500379	      0.00000000	    -14.43569531	      2.87731550	     -7.90363407
      6.04000000	    -11.14961165	      6.86568937	      3.86435810	      1.41053603	      0.73998771	     -0.17850210	     37.61240548	    -24.23470039	    -47.25098046	    -56.68596258	     33.37952016	     27.32240333	      0.00000000	      0.51605189	    -18.57600941	    103.18513871	     56.11335434	   -127.73392434	   -106.37266443	      0.00000000	    -14.32949171	      2.97987455	     -7.79946322
      6.04833330	    -11.19275465	      6.87163669	      4.00358482	      1.41382356	      0.74007131	     -0.17799472	     37.33992156	    -24.27990456	    -47.37202775	    -56.74792057	     33.67401349	     27.36276312	      0.00000000	      2.02335680	    -19.10654345	    106.04867669	     57.21769838	   -128.73852272	   -103.53704666	      0.00000000	    -14.23598527	      3.03152304	     -7.69831161
      6.05666670	    -11.22576668	      6.83572942	      4.13278615	      1.41709298	      0.74010234	     -0.17742585	     37.05266105	    -24.25586034	    -47.48537666	    -56.78218637	     34.03271319	     27.39507791	      0.00000000	      3.46888455	    -19.65670423	    108.65867452	     58.36341909	   -129.49074306	   -101.13158017	      0.00000000	    -14.15025967	      3.12009776	     -7.57776522
      6.06500000	    -11.23167952	      6.79037043	      4.25452399	      1.42036296	      0.74013720	     -0.17684969	     36.73304181	    -24.21564226	    -47.60741419	    -56.80913230	     34.40337727	     27.40824624	      0.00000000	      4.83192456	    -20.16969302	    111.04184386	     59.52282776	   -129.65612635	    -99.03029505	      0.00000000	    -14.09506107	      3.21481694	     -7.45454535
      6.07333330	    -11.24892084	      6.76196276	      4.36715222	      1.42356339	      0.74011703	     -0.17629821	     36.46198565	    -24.18780499	    -47.67350511	    -56.86141367	     34.75941273	     27.39464707	      0.00000000	      6.19383853	    -20.61684448	    113.27643871	     60.66328475	   -129.71148663	    -97.22570344	      0.00000000	    -14.03281131	      3.28538234	     -7.32592668
      6.08166670	    -11.26244977	      6.73031872	      4.47065438	      1.42671915	      0.74006402	     -0.17574837	     36.19842355	    -24.15111939	    -47.72771097	    -56.91608809	     35.12010388	     27.37471962	      0.00000000	      7.52039327	    -21.03437318	    115.33324943	     61.78770312	   -129.59021852	    -95.65985892	      0.00000000	    -13.97767800	      3.35501531	     -7.19346076
      6.09000000	    -11.27351242	      6.69412261	      4.56637374	      1.42982851	      0.73998788	     -0.17519497	     35.94096775	    -24.10364245	    -47.77162857	    -56.97196170	     35.47603536	     27.34347822	      0.00000000	      8.81296429	    -21.42749073	    117.21698408	     62.87939648	   -129.35603597	    -94.31190307	      0.00000000	    -13.92974518	      3.42133422	     -7.05207999
      6.09833330	    -11.27739487	      6.66849006	      4.65574254	      1.43289215	      0.73990562	     -0.17466706	     35.69110871	    -24.06726752	    -47.79784604	    -57.03842610	     35.81049321	     27.29182958	      0.00000000	     10.06895769	    -21.77352513	    118.94490503	     63.91718513	   -129.05831158	    -93.14514572	      0.00000000	    -13.89563128	      3.47378685	     -6.91431289
      6.10666670	    -11.28590351	      6.62858240	      4.73417524	      1.43589723	      0.73979091	     -0.17411838	     35.45001328	    -24.00768124	    -47.82501972	    -57.09671237	     36.15327258	     27.25359487	      0.00000000	     11.28788893	    -22.12333766	    120.48035798	     64.90273786	   -128.79437050	    -92.18122813	      0.00000000	    -13.86155871	      3.53344842	     -6.76419407
      6.11500000	    -11.29929887	      6.57520277	      4.80117247	      1.43884727	      0.73964472	     -0.17354777	     35.21778193	    -23.92623223	    -47.85405351	    -57.14801944	     36.49890002	     27.22918323	      0.00000000	     12.46843230	    -22.47919295	    121.82637397	     65.82105174	   -128.62419304	    -91.38211790	      0.00000000	    -13.82413094	      3.59827660	     -6.60454837
      6.12333330	    -11.30893131	      6.52790475	      4.86074368	      1.44175050	      0.73950157	     -0.17299604	     34.98844668	    -23.85083484	    -47.87839805	    -57.20055083	     36.82238004	     27.20132058	      0.00000000	     13.60482598	    -22.80515554	    123.00645935	     66.64686998	   -128.54371927	    -90.73672507	      0.00000000	    -13.79753904	      3.65207224	     -6.44610877
      6.13166670	    -11.31823249	      6.48833753	      4.91239913	      1.44459968	      0.73936108	     -0.17245936	     34.76481066	    -23.78322113	    -47.90101680	    -57.25317380	     37.13478465	     27.17529801	      0.00000000	     14.69963414	    -23.10073714	    124.02101534	     67.37026515	   -128.56931146	    -90.19932989	      0.00000000	    -13.77910567	      3.69192345	     -6.28526425
      6.14000000	    -11.33338850	      6.43819161	      4.95481726	      1.44738840	      0.73920675	     -0.17191593	     34.54862698	    -23.70106120	    -47.93194363	    -57.29860146	     37.43046892	     27.16639926	      0.00000000	     15.74889450	    -23.40200749	    124.84560383	     67.99598688	   -128.71444763	    -89.78818667	      0.00000000	    -13.75978122	      3.73680468	     -6.11851767
      6.14833330	    -11.34916162	      6.39060755	      4.98922560	      1.45013192	      0.73906857	     -0.17138078	     34.32971722	    -23.61675005	    -47.96987693	    -57.32886344	     37.70103350	     27.16307561	      0.00000000	     16.75699804	    -23.67822257	    125.51725007	     68.50519197	   -128.95915743	    -89.47238718	      0.00000000	    -13.74478137	      3.77157987	     -5.94730592
      6.15666670	    -11.36842387	      6.34430771	      5.01593176	      1.45281523	      0.73892451	     -0.17086282	     34.12341258	    -23.53518207	    -48.00162524	    -57.36348497	     37.97298301	     27.18005566	      0.00000000	     17.71303419	    -23.94317296	    126.00758846	     68.90198502	   -129.32580988	    -89.17651592	      0.00000000	    -13.73673256	      3.80129315	     -5.77972193
      6.16500000	    -11.39629238	      6.31704397	      5.04095698	      1.45545510	      0.73877786	     -0.17039169	     33.92617235	    -23.48229374	    -48.04206106	    -57.39743134	     38.26798980	     27.20397859	      0.00000000	     18.61542536	    -24.16750333	    126.32190521	     69.16567988	   -129.87352556	    -88.90146460	      0.00000000	    -13.71946261	      3.80678241	     -5.62144773
      6.17333330	    -11.42846941	      6.26790751	      5.05434157	      1.45804055	      0.73864114	     -0.16989608	     33.72716309	    -23.39678662	    -48.10032316	    -57.41150791	     38.50601777	     27.24556396	      0.00000000	     19.46128863	    -24.41034290	    126.45559635	     69.32022279	   -130.40314658	    -88.73047839	      0.00000000	    -13.70431277	      3.82742755	     -5.44929010
      6.18166670	    -11.47152525	      6.22256677	      5.07732989	      1.46057334	      0.73850865	     -0.16944481	     33.52804181	    -23.32900534	    -48.19328947	    -57.41668808	     38.74857104	     27.28075280	      0.00000000	     20.25874520	    -24.62516760	    126.42745170	     69.35423686	   -130.88131856	    -88.62877896	      0.00000000	    -13.68247596	      3.83962116	     -5.29986464
      6.19000000	    -11.50666597	      6.19806950	      5.07361906	      1.46307972	      0.73839626	     -0.16900862	     33.34574634	    -23.26912419	    -48.22734484	    -57.43200205	     38.97986593	     27.36815918	      0.00000000	     20.98112514	    -24.79836389	    126.24164133	     69.25133189	   -131.61447198	    -88.50310783	      0.00000000	    -13.67597437	      3.82577871	     -5.12778374
      6.19833330	    -11.53693649	      6.14523001	      5.08296687	      1.46556456	      0.73832375	     -0.16858206	     33.11885218	    -23.17591328	    -48.32785382	    -57.39248271	     39.21719638	     27.44147753	      0.00000000	     21.61791183	    -24.98790454	    125.87154562	     69.04134795	   -132.11221882	    -88.45296317	      0.00000000	    -13.67516955	      3.83986178	     -4.97809974
      6.20666670	    -11.58323296	      6.14268074	      5.06800857	      1.46800287	      0.73824675	     -0.16821007	     32.94495802	    -23.14245691	    -48.37518823	    -57.39159715	     39.42195422	     27.53905393	      0.00000000	     22.16565831	    -25.09798008	    125.29050593	     68.68996073	   -132.67622333	    -88.42233431	      0.00000000	    -13.66631605	      3.79292648	     -4.82008156
      6.21500000	    -11.64872599	      6.11486387	      5.07181715	      1.47037186	      0.73813785	     -0.16786985	     32.77962408	    -23.09351712	    -48.45807799	    -57.38041038	     39.63050746	     27.63585421	      0.00000000	     22.71658909	    -25.19891199	    124.63400565	     68.24402043	   -133.25612166	    -88.52562591	      0.00000000	    -13.63407643	      3.77017317	     -4.67517775
      6.22333330	    -11.69705634	      6.09303740	      5.06935905	      1.47274792	      0.73808270	     -0.16756280	     32.58796904	    -23.04321199	    -48.54206285	    -57.34647309	     39.83306511	     27.71299352	      0.00000000	     23.13735141	    -25.27165810	    123.76976343	     67.69571652	   -133.55668958	    -88.53600695	      0.00000000	    -13.62484935	      3.74246677	     -4.53796261
      6.23166670	    -11.77081591	      6.08085770	      5.06355635	      1.47506983	      0.73799964	     -0.16728774	     32.43307154	    -23.00702194	    -48.61306810	    -57.31918431	     40.03253467	     27.83555573	      0.00000000	     23.51658344	    -25.29965907	    122.75933558	     67.02099325	   -134.03333585	    -88.81830442	      0.00000000	    -13.58997134	      3.69443974	     -4.40652379
      6.24000000	    -11.83765896	      6.06407515	      5.06200296	      1.47738056	      0.73793916	     -0.16705294	     32.26403429	    -22.96512183	    -48.68993104	    -57.27679268	     40.22975772	     27.93562035	      0.00000000	     23.80575883	    -25.30149139	    121.58658121	     66.25745739	   -134.35421185	    -89.07356503	      0.00000000	    -13.56370742	      3.65423013	     -4.28595795
      6.24833330	    -11.90738106	      6.04852922	      5.06517010	      1.47967063	      0.73788123	     -0.16686362	     32.09979882	    -22.92848888	    -48.76256428	    -57.23456992	     40.42264532	     28.03772951	      0.00000000	     24.01317686	    -25.26631995	    120.24510121	     65.39808563	   -134.62195950	    -89.47975643	      0.00000000	    -13.53421182	      3.61273929	     -4.18255637
      6.25666670	    -11.98258757	      6.03799596	      5.05641302	      1.48194587	      0.73782132	     -0.16668781	     31.94091866	    -22.89237614	    -48.83692146	    -57.18090898	     40.61583985	     28.13931157	      0.00000000	     24.14351385	    -25.18978621	    118.73944971	     64.45073089	   -134.81513930	    -90.02087646	      0.00000000	    -13.50000311	      3.55793363	     -4.06611187
      6.26500000	    -12.05071943	      6.00589750	      5.05777263	      1.48421887	      0.73777015	     -0.16653678	     31.76370574	    -22.83407939	    -48.92685188	    -57.11458311	     40.80115010	     28.22844982	      0.00000000	     24.18196196	    -25.10327029	    117.05306781	     63.43228910	   -134.92112455	    -90.77109878	      0.00000000	    -13.47048900	      3.52793589	     -3.96791223
      6.27333330	    -12.14420803	      6.01781220	      5.05500849	      1.48644809	      0.73768200	     -0.16647693	     31.64418621	    -22.83417031	    -48.96365565	    -57.08087641	     40.99967208	     28.33871407	      0.00000000	     24.16930122	    -24.90463027	    115.20916655	     62.32381580	   -134.94065613	    -91.61027235	      0.00000000	    -13.41604018	      3.44878849	     -3.88306989
      6.28166670	    -12.22609629	      6.01053411	      5.04665854	      1.48869138	      0.73760803	     -0.16641248	     31.49881085	    -22.80710731	    -49.02267610	    -57.02520201	     41.19219294	     28.43548628	      0.00000000	     24.04910464	    -24.69108676	    113.15372072	     61.15537224	   -134.84886842	    -92.71287168	      0.00000000	    -13.37271840	      3.38713257	     -3.79198378
      6.29000000	    -12.29446005	      5.97070679	      5.04726444	      1.49095060	      0.73754084	     -0.16635293	     31.32064821	    -22.74286048	    -49.11161417	    -56.94848026	     41.37710501	     28.51374415	      0.00000000	     23.83300152	    -24.46707245	    110.89763835	     59.94580305	   -134.57478625	    -94.09758419	      0.00000000	    -13.33880226	      3.36042115	     -3.71303233
      6.29833330	    -12.37893321	      5.95709433	      5.04065662	      1.49318776	      0.73744240	     -0.16635450	     31.17994148	    -22.71385586	    -49.16678811	    -56.89355881	     41.56809003	     28.60699076	      0.00000000	     23.54900610	    -24.14402602	    108.43399249	     58.67128008	   -134.17159875	    -95.69961675	      0.00000000	    -13.28822563	      3.30298047	     -3.63824282
      6.30666670	    -12.45667541	      5.95259100	      5.03308346	      1.49544448	      0.73733960	     -0.16640301	     31.02814851	    -22.69928843	    -49.22486308	    -56.83671383	     41.79641201	     28.71345644	      0.00000000	     23.15932512	    -23.73350306	    105.72071498	     57.35981295	   -133.33076381	    -97.59495568	      0.00000000	    -13.24235863	      3.23591982	     -3.57332576
      6.31500000	    -12.53405417	      5.93916520	      5.01736862	      1.49770735	      0.73722130	     -0.16645756	     30.87848882	    -22.67392674	    -49.28295862	    -56.78174354	     41.99968279	     28.81306055	      0.00000000	     22.67871462	    -23.26199340	    102.74011180	     56.01270087	   -132.35468159	    -99.85884625	      0.00000000	    -13.19436546	      3.17304672	     -3.50260373
      6.32333330	    -12.60660129	      5.92410426	      4.99477505	      1.49999499	      0.73709897	     -0.16653869	     30.72315821	    -22.64693149	    -49.33641698	    -56.72721215	     42.20780664	     28.92754261	      0.00000000	     22.08701709	    -22.69247445	     99.43929350	     54.63366185	   -130.95466777	   -102.55092597	      0.00000000	    -13.14722079	      3.11338424	     -3.43487480
      6.33166670	    -12.69208643	      5.93028216	      4.95341698	      1.50227885	      0.73694723	     -0.16665279	     30.60765486	    -22.65397595	    -49.36207739	    -56.71579518	     42.33437632	     29.04820532	      0.00000000	     21.38751754	    -21.97684990	     95.74510989	     53.24209483	   -128.80423526	   -105.67984142	      0.00000000	    -13.08743608	      3.02425610	     -3.35575934
      6.34000000	    -12.75201924	      5.93454529	      4.90709879	      1.50463072	      0.73681819	     -0.16679237	     30.44642575	    -22.65585786	    -49.40434474	    -56.68339578	     42.51729210	     29.18744263	      0.00000000	     20.57907913	    -21.13197735	     91.69735148	     51.84277750	   -126.22963481	   -109.29814797	      0.00000000	    -13.04810866	      2.93697988	     -3.28045033
      6.34833330	    -12.81024507	      5.94184965	      4.85157190	      1.50700220	      0.73667241	     -0.16696471	     30.28348365	    -22.66439263	    -49.44970266	    -56.65241770	     42.70699833	     29.33376299	      0.00000000	     19.75060884	    -20.14997726	     87.38381921	     50.45933356	   -123.31486413	   -113.21328015	      0.00000000	    -13.00994418	      2.84701038	     -3.20579508
      6.35666670	    -12.86963775	      5.93922775	      4.79353510	      1.50937622	      0.73648734	     -0.16716707	     30.12449860	    -22.66661020	    -49.49299658	    -56.62800655	     42.89727245	     29.47749283	      0.00000000	     19.01538938	    -19.07574411	     83.02731511	     49.10470582	   -120.50649630	   -117.13025103	      0.00000000	    -12.96546648	      2.76456965	     -3.13090263
      6.36500000	    -12.93706478	      5.91052139	      4.73847856	      1.51173289	      0.73623321	     -0.16739034	     29.97388624	    -22.64448827	    -49.54406005	    -56.60387900	     43.09677651	     29.60890229	      0.00000000	     18.45786584	    -17.97626758	     78.82457573	     47.78410409	   -118.24605575	   -120.82488524	      0.00000000	    -12.90686486	      2.70690997	     -3.05811982
      6.37333330	    -13.00183735	      5.83980000	      4.69282333	      1.51409077	      0.73591484	     -0.16761478	     29.80744227	    -22.56837510	    -49.60822154	    -56.55148838	     43.37086132	     29.70893583	      0.00000000	     18.08359036	    -16.90725871	     74.86198172	     46.48722177	   -116.82687684	   -124.30589112	      0.00000000	    -12.84390029	      2.69093683	     -2.99139659
      6.38166670	    -13.11004584	      5.77168408	      4.62092644	      1.51638299	      0.73547033	     -0.16784612	     29.74776800	    -22.48772817	    -49.57323761	    -56.55025688	     43.56403029	     29.76498434	      0.00000000	     17.90067370	    -15.83524585	     71.07465212	     45.22312871	   -115.88669879	   -127.46385256	      0.00000000	    -12.73169001	      2.65950545	     -2.89996106
      6.39000000	    -13.17554273	      5.62668240	      4.56611268	      1.51875992	      0.73502110	     -0.16804138	     29.57590203	    -22.33613933	    -49.67205296	    -56.50731343	     43.78640106	     29.85659138	      0.00000000	     17.80776347	    -14.88649702	     67.51531660	     44.07937826	   -115.12595059	   -130.45618681	      0.00000000	    -12.65223303	      2.71102556	     -2.81832314
      6.39833330	    -13.22477024	      5.43117868	      4.51708570	      1.52118175	      0.73453959	     -0.16821722	     29.36418724	    -22.12806190	    -49.81171439	    -56.44606963	     43.99679049	     29.92606203	      0.00000000	     17.81376148	    -14.03685050	     64.18744562	     42.99162069	   -114.94786356	   -133.41815932	      0.00000000	    -12.58058438	      2.81332146	     -2.73947821
      6.40666670	    -13.27638044	      5.25293063	      4.44459687	      1.52364503	      0.73400665	     -0.16840354	     29.16917336	    -21.93198657	    -49.91070973	    -56.39170378	     44.29759402	     30.04355812	      0.00000000	     17.88516968	    -13.20351403	     60.99862947	     41.91644219	   -115.42781408	   -136.28474173	      0.00000000	    -12.50049559	      2.88852269	     -2.64455044
      6.41500000	    -13.31868000	      5.04178831	      4.35570199	      1.52615625	      0.73344751	     -0.16854783	     28.97287107	    -21.68241832	    -49.98355762	    -56.33650752	     44.53903398	     30.10751891	      0.00000000	     18.00528792	    -12.47710773	     58.00148828	     40.95134145	   -115.96912402	   -138.99839717	      0.00000000	    -12.42359844	      2.99061810	     -2.53148321
      6.42333330	    -13.33688315	      4.80068808	      4.26121488	      1.52875364	      0.73288565	     -0.16867243	     28.73335390	    -21.39154244	    -50.07283819	    -56.26105021	     44.80545159	     30.16613743	      0.00000000	     18.14400719	    -11.87117026	     55.24739808	     40.10488939	   -116.60654165	   -141.60444531	      0.00000000	    -12.36366509	      3.12017075	     -2.41406162
      6.43166670	    -13.34213491	      4.56985817	      4.14635175	      1.53142127	      0.73232909	     -0.16880577	     28.48798077	    -21.10058262	    -50.12758161	    -56.18553682	     45.07804267	     30.22123659	      0.00000000	     18.28153345	    -11.32291213	     52.67776868	     39.33928791	   -117.33813700	   -144.03751392	      0.00000000	    -12.31228439	      3.23444063	     -2.28310612
      6.44000000	    -13.32768860	      4.33089476	      4.01965016	      1.53417384	      0.73178471	     -0.16893560	     28.21743557	    -20.79421468	    -50.17317191	    -56.10719506	     45.34165158	     30.27643405	      0.00000000	     18.40255479	    -10.87274974	     50.34829273	     38.67848637	   -118.11498489	   -146.27877014	      0.00000000	    -12.27659771	      3.35268125	     -2.14608010
      6.44833330	    -13.29303873	      4.09640193	      3.88451595	      1.53701567	      0.73127067	     -0.16908571	     27.91510081	    -20.48817299	    -50.21875223	    -56.01678360	     45.61999277	     30.32046451	      0.00000000	     18.49688216	    -10.50544919	     48.28466447	     38.11190442	   -118.89092769	   -148.28491195	      0.00000000	    -12.25574775	      3.46305377	     -2.00521069
      6.45666670	    -13.24227080	      3.86196321	      3.75003697	      1.53992990	      0.73078325	     -0.16926948	     27.59469288	    -20.17427821	    -50.23825321	    -55.91788703	     45.89668070	     30.33822195	      0.00000000	     18.56470499	    -10.22581556	     46.51423491	     37.65403524	   -119.43864708	   -149.98631024	      0.00000000	    -12.24818088	      3.57407686	     -1.87310449
      6.46500000	    -13.16894008	      3.64213206	      3.57307652	      1.54295991	      0.73031130	     -0.16941442	     27.24986848	    -19.86353410	    -50.23595064	    -55.81494321	     46.22516244	     30.43027779	      0.00000000	     18.55701289	    -10.06449792	     45.02623888	     37.31645177	   -120.18936943	   -151.52471578	      0.00000000	    -12.25998050	      3.65489934	     -1.70190070
      6.47333330	    -13.08579759	      3.41885531	      3.41538515	      1.54603921	      0.72988925	     -0.16962676	     26.88697829	    -19.54642127	    -50.22509614	    -55.69536839	     46.51308227	     30.43448843	      0.00000000	     18.52967030	     -9.97367188	     43.85581979	     37.05347850	   -120.62024528	   -152.70634772	      0.00000000	    -12.27967578	      3.74508508	     -1.55902796
      6.48166670	    -12.98868708	      3.20997950	      3.24277973	      1.54920869	      0.72948835	     -0.16985388	     26.50827140	    -19.24179753	    -50.19215694	    -55.57745248	     46.82407545	     30.48225842	      0.00000000	     18.44052924	     -9.96802269	     42.97446205	     36.87372877	   -121.17376639	   -153.66016121	      0.00000000	    -12.30811819	      3.81317647	     -1.40142732
      6.49000000	    -12.87613410	      3.01147229	      3.06259593	      1.55245506	      0.72912459	     -0.17010556	     26.11549735	    -18.94024114	    -50.12774739	    -55.45467177	     47.13204874	     30.51333958	      0.00000000	     18.30234050	    -10.06149755	     42.44259930	     36.79719332	   -121.54614097	   -154.26046040	      0.00000000	    -12.35042424	      3.86631311	     -1.24284817
      6.49833330	    -12.75690428	      2.84308946	      2.88230971	      1.55575976	      0.72881096	     -0.17042374	     25.71423673	    -18.67850052	    -50.05157906	    -55.33474059	     47.42535923	     30.54091943	      0.00000000	     18.11661467	    -10.16299833	     42.09733106	     36.74214568	   -121.93026728	   -154.56986730	      0.00000000	    -12.39862945	      3.88697436	     -1.09516336
      6.50666670	    -12.62557218	      2.70692576	      2.69765213	      1.55914505	      0.72853622	     -0.17080671	     25.28890169	    -18.47134981	    -49.99265694	    -55.22789222	     47.71500323	     30.61830163	      0.00000000	     17.87898146	    -10.29772861	     41.98548808	     36.76588601	   -122.02686792	   -154.54806200	      0.00000000	    -12.45435720	      3.87324168	     -0.94942936
      6.51500000	    -12.48329216	      2.57142861	      2.52058224	      1.56258930	      0.72832588	     -0.17122187	     24.84914329	    -18.24379075	    -49.89554802	    -55.08430925	     48.00900413	     30.62958821	      0.00000000	     17.59840106	    -10.45971958	     42.01564893	     36.79801994	   -122.23782620	   -154.50778117	      0.00000000	    -12.52218897	      3.85748402	     -0.81784865
      6.52333330	    -12.33670521	      2.44761408	      2.34845753	      1.56607247	      0.72814610	     -0.17168400	     24.42230508	    -18.01928766	    -49.73310464	    -54.94436582	     48.32201649	     30.60280163	      0.00000000	     17.29288831	    -10.65163508	     42.21646607	     36.84936368	   -122.54957590	   -154.34167685	      0.00000000	    -12.59350676	      3.83036008	     -0.69487330
      6.53166670	    -12.20522291	      2.35445012	      2.16866694	      1.56958329	      0.72795471	     -0.17218170	     24.03352597	    -17.82243385	    -49.51130526	    -54.81585609	     48.62525714	     30.50422314	      0.00000000	     16.99081951	    -10.90698495	     42.69269156	     36.97332404	   -122.90595172	   -153.90965938	      0.00000000	    -12.64473018	      3.75914520	     -0.56725413
      6.54000000	    -12.06261243	      2.27555157	      2.00602489	      1.57314978	      0.72782074	     -0.17275665	     23.61149789	    -17.65346623	    -49.31566337	    -54.67111427	     48.94562306	     30.42876384	      0.00000000	     16.67343794	    -11.17483651	     43.31997879	     37.15349962	   -122.81554970	   -153.03604428	      0.00000000	    -12.70596693	      3.68004158	     -0.46500949
      6.54833330	    -11.91461960	      2.21198421	      1.84721250	      1.57676390	      0.72774872	     -0.17337002	     23.17945836	    -17.50880906	    -49.12171953	    -54.53047364	     49.22114264	     30.36176075	      0.00000000	     16.31574258	    -11.40229508	     43.86463037	     37.29279851	   -123.14693444	   -152.51906099	      0.00000000	    -12.77327726	      3.58215086	     -0.36876627
      6.55666670	    -11.78595597	      2.17613756	      1.71164567	      1.58037220	      0.72767544	     -0.17407974	     22.77356372	    -17.39572343	    -48.89549569	    -54.37821370	     49.56900000	     30.25345958	      0.00000000	     16.00681527	    -11.64282420	     44.61779673	     37.47536037	   -123.18170337	   -151.60295365	      0.00000000	    -12.81830879	      3.45812871	     -0.30209809
      6.56500000	    -11.64629155	      2.15050029	      1.57538105	      1.58402927	      0.72766188	     -0.17481768	     22.35159810	    -17.30313856	    -48.67664855	    -54.23460547	     49.85498076	     30.14652445	      0.00000000	     15.66375020	    -11.88035707	     45.34684761	     37.69066624	   -123.16500083	   -150.67306355	      0.00000000	    -12.87698974	      3.32291323	     -0.24014899
      6.57333330	    -11.50978628	      2.14346789	      1.44883647	      1.58770780	      0.72769588	     -0.17560718	     21.92985362	    -17.23581498	    -48.45545523	    -54.08602031	     50.11731791	     30.03303674	      0.00000000	     15.31411868	    -12.08513709	     46.03403423	     37.90545299	   -123.13935811	   -149.77989227	      0.00000000	    -12.93167880	      3.16815571	     -0.18627105
      6.58166670	    -11.37818430	      2.14330635	      1.34005455	      1.59140423	      0.72775833	     -0.17645252	     21.51165417	    -17.18288809	    -48.22767663	    -53.94225134	     50.34418132	     29.91288991	      0.00000000	     14.97259827	    -12.30288175	     46.77497709	     38.17476909	   -122.88609727	   -148.73031900	      0.00000000	    -12.98170896	      3.00805358	     -0.15245476
      6.59000000	    -11.26815169	      2.18600025	      1.24594688	      1.59507884	      0.72784643	     -0.17739857	     21.12415648	    -17.19369229	    -47.99072809	    -53.80881122	     50.59892685	     29.77833867	      0.00000000	     14.65500195	    -12.43082734	     47.42639473	     38.36758672	   -122.98584885	   -147.94900993	      0.00000000	    -13.01298873	      2.80859031	     -0.14567481
      6.59833330	    -11.15423543	      2.21776958	      1.15889490	      1.59877926	      0.72797045	     -0.17834776	     20.72164925	    -17.19442317	    -47.76896709	    -53.66753727	     50.81444225	     29.66351582	      0.00000000	     14.32758537	    -12.59897293	     48.10467323	     38.64782969	   -122.65595184	   -146.96382366	      0.00000000	    -13.04924491	      2.61722201	     -0.13463294
      6.60666670	    -11.05859630	      2.29321608	      1.09773393	      1.60245262	      0.72813313	     -0.17942135	     20.34360591	    -17.26626801	    -47.55086744	    -53.54411285	     51.00944694	     29.51811579	      0.00000000	     14.02459976	    -12.66334668	     48.69251650	     38.84827113	   -122.57606176	   -146.17434449	      0.00000000	    -13.07219211	      2.38957324	     -0.16214160
      6.61500000	    -10.96836278	      2.36653424	      1.03869597	      1.60613508	      0.72831491	     -0.18051372	     19.96663763	    -17.34571709	    -47.34787495	    -53.42566565	     51.17698351	     29.40086022	      0.00000000	     13.71843347	    -12.74526470	     49.27273978	     39.10907085	   -122.21860263	   -145.32019101	      0.00000000	    -13.09076922	      2.16491662	     -0.19293354
      6.62333330	    -10.88733279	      2.45960133	      0.98968750	      1.60981033	      0.72852951	     -0.18166252	     19.59993126	    -17.46418231	    -47.15966004	    -53.32379495	     51.30199117	     29.28850270	      0.00000000	     13.40388505	    -12.76843562	     49.73918696	     39.34356330	   -121.95941891	   -144.61803503	      0.00000000	    -13.10424256	      1.92176256	     -0.23261273
      6.63166670	    -10.80717736	      2.57661233	      0.95277483	      1.61348912	      0.72881656	     -0.18288053	     19.21016863	    -17.62109607	    -47.01088979	    -53.19080298	     51.46453724	     29.23858544	      0.00000000	     13.07041378	    -12.68179075	     50.00694274	     39.48560313	   -121.86073397	   -144.35770590	      0.00000000	    -13.12303261	      1.66072616	     -0.28442230
      6.64000000	    -10.76714834	      2.66723032	      0.94599513	      1.61708078	      0.72902055	     -0.18414637	     18.90272010	    -17.75360254	    -46.80444469	    -53.11731360	     51.50897587	     29.10183566	      0.00000000	     12.85341366	    -12.74460497	     50.67191106	     39.77914020	   -121.24406033	   -143.35182607	      0.00000000	    -13.10405176	      1.43272368	     -0.37171825
      6.64833330	    -10.71691909	      2.79915548	      0.93758745	      1.62071221	      0.72931349	     -0.18547353	     18.55097850	    -17.96231134	    -46.68721524	    -53.02510759	     51.61616053	     29.04572203	      0.00000000	     12.54291400	    -12.61279015	     50.88517329	     39.91879308	   -121.16220603	   -143.24982765	      0.00000000	    -13.09974940	      1.16561479	     -0.45754421
      6.65666670	    -10.68979343	      2.92742329	      0.92688878	      1.62428993	      0.72956320	     -0.18681702	     18.25904325	    -18.17660409	    -46.52167564	    -52.99193679	     51.62102512	     28.98869323	      0.00000000	     12.27947352	    -12.54603665	     51.25892979	     40.16514761	   -120.59190377	   -142.56815995	      0.00000000	    -13.07684436	      0.90369750	     -0.53518785
      6.66500000	    -10.67261263	      3.05195679	      0.94985070	      1.62784436	      0.72986506	     -0.18823411	     17.93753167	    -18.39114144	    -46.43139490	    -52.89777062	     51.67493138	     28.90250746	      0.00000000	     12.03379771	    -12.40679083	     51.53468129	     40.28408023	   -120.46984149	   -142.49043131	      0.00000000	    -13.05012105	      0.65593989	     -0.64917438
      6.67333330	    -10.66830736	      3.19267342	      0.96125105	      1.63136318	      0.73013212	     -0.18967734	     17.67441939	    -18.64712319	    -46.29331744	    -52.89199323	     51.64831236	     28.86243937	      0.00000000	     11.78238841	    -12.26415702	     51.79971775	     40.47990979	   -119.95927733	   -142.04643943	      0.00000000	    -13.01530535	      0.39169931	     -0.75827114
      6.68166670	    -10.67108107	      3.30167757	      0.99604281	      1.63485647	      0.73044205	     -0.19113623	     17.39067133	    -18.85215180	    -46.18880961	    -52.82872029	     51.59594206	     28.77418394	      0.00000000	     11.55302379	    -12.12107684	     52.04776935	     40.58848849	   -119.88022924	   -142.04134695	      0.00000000	    -12.98099021	      0.16981242	     -0.87919509
      6.69000000	    -10.69954862	      3.44868448	      1.01424799	      1.63830415	      0.73070483	     -0.19263177	     17.15723430	    -19.13418993	    -46.10235207	    -52.82376177	     51.56086936	     28.70599596	      0.00000000	     11.33127683	    -11.92132446	     52.23029350	     40.71964556	   -119.52345434	   -141.85891063	      0.00000000	    -12.92254999	     -0.09597899	     -0.98128443
      6.69833330	    -10.72861859	      3.56592759	      1.04542564	      1.64172550	      0.73097968	     -0.19414122	     16.92858715	    -19.37768580	    -46.00365089	    -52.82458551	     51.46615757	     28.64819285	      0.00000000	     11.11834537	    -11.75363996	     52.44506375	     40.85977355	   -119.10617563	   -141.70971798	      0.00000000	    -12.87021595	     -0.31947899	     -1.10641183
      6.70666670	    -10.75760045	      3.66245986	      1.08395384	      1.64512342	      0.73128473	     -0.19564645	     16.69551879	    -19.58070929	    -45.89384170	    -52.79875526	     51.33900352	     28.55636418	      0.00000000	     10.90721095	    -11.58923341	     52.64046274	     40.94667079	   -119.00711442	   -141.70591865	      0.00000000	    -12.82701678	     -0.52016770	     -1.22624348
      6.71500000	    -10.81515778	      3.78996536	      1.10593705	      1.64846703	      0.73152776	     -0.19718363	     16.52798921	    -19.85231795	    -45.78436357	    -52.84952977	     51.21529462	     28.47188806	      0.00000000	     10.70486014	    -11.36996175	     52.74987924	     41.04907558	   -118.65313832	   -141.66885110	      0.00000000	    -12.75554651	     -0.75220602	     -1.34124818
      6.72333330	    -10.87121679	      3.88737929	      1.13732001	      1.65178746	      0.73178970	     -0.19871055	     16.34813407	    -20.07791279	    -45.68745598	    -52.87458902	     51.06075208	     28.35469998	      0.00000000	     10.51244707	    -11.18447459	     52.89229307	     41.13763619	   -118.40123058	   -141.67968595	      0.00000000	    -12.69215826	     -0.94941702	     -1.45444007
      6.73166670	    -10.91918922	      3.96512502	      1.16428948	      1.65509543	      0.73207078	     -0.20022105	     16.16907605	    -20.27073459	    -45.56826571	    -52.90126381	     50.87710522	     28.24193663	      0.00000000	     10.30943308	    -11.02217624	     53.04016613	     41.21485000	   -118.28364605	   -141.71418973	      0.00000000	    -12.64377301	     -1.12103143	     -1.56752455
      6.74000000	    -11.00014333	      4.06509217	      1.17632123	      1.65833547	      0.73228505	     -0.20174160	     16.06608583	    -20.50903877	    -45.42467999	    -52.99518714	     50.68957653	     28.08384519	      0.00000000	     10.12317277	    -10.81194587	     53.08863956	     41.29523751	   -117.97998997	   -141.77945743	      0.00000000	    -12.56278599	     -1.31895338	     -1.66762397
      6.74833330	    -11.06371264	      4.13073488	      1.20093164	      1.66156378	      0.73253109	     -0.20324602	     15.94665760	    -20.69815633	    -45.27406188	    -53.09066839	     50.46670491	     27.91081381	      0.00000000	      9.92704977	    -10.64179828	     53.17003173	     41.36785157	   -117.76883678	   -141.84848201	      0.00000000	    -12.50841343	     -1.47588482	     -1.78025087
      6.75666670	    -11.13473240	      4.18953670	      1.21748388	      1.66476293	      0.73275960	     -0.20474575	     15.85521508	    -20.88149074	    -45.10175716	    -53.20819913	     50.22660137	     27.72007444	      0.00000000	      9.73365829	    -10.48044270	     53.23774905	     41.44281719	   -117.58891218	   -141.92338046	      0.00000000	    -12.44881853	     -1.62196758	     -1.88617764
      6.76500000	    -11.21211285	      4.25308668	      1.21042515	      1.66793876	      0.73297401	     -0.20620426	     15.80607156	    -21.05934948	    -44.87232547	    -53.35095122	     49.97415633	     27.45942561	      0.00000000	      9.53345656	    -10.31137662	     53.25226472	     41.52073532	   -117.34440612	   -142.03285572	      0.00000000	    -12.38421814	     -1.77952385	     -1.96593698
      6.77333330	    -11.28521465	      4.29202148	      1.21260787	      1.67108070	      0.73318581	     -0.20765709	     15.77624934	    -21.21640503	    -44.62621153	    -53.53966015	     49.67778735	     27.18036264	      0.00000000	      9.33427131	    -10.16949257	     53.27672704	     41.59547013	   -117.16094118	   -142.13540820	      0.00000000	    -12.33052511	     -1.90379095	     -2.06155654
      6.78166670	    -11.35073874	      4.33123111	      1.20097366	      1.67422026	      0.73339969	     -0.20907615	     15.77540021	    -21.36079282	    -44.31022360	    -53.75766537	     49.38003119	     26.83366225	      0.00000000	      9.11568988	    -10.03007376	     53.27306551	     41.67722274	   -116.96365353	   -142.26132668	      0.00000000	    -12.28685394	     -2.03350630	     -2.14529960
      6.79000000	    -11.40946876	      4.35851259	      1.18600765	      1.67733270	      0.73361945	     -0.21049126	     15.81145502	    -21.49142713	    -43.93146374	    -54.02986725	     49.03740209	     26.43306101	      0.00000000	      8.89181021	     -9.89924566	     53.25994534	     41.75039794	   -116.78278795	   -142.39776155	      0.00000000	    -12.25581806	     -2.14164579	     -2.23277879
      6.79833330	    -11.44917515	      4.35266927	      1.18566237	      1.68046104	      0.73385464	     -0.21188639	     15.80930302	    -21.63965777	    -43.67885715	    -54.36804400	     48.55744164	     26.16247644	      0.00000000	      8.65956404	     -9.83660090	     53.33425376	     41.84723837	   -116.72900633	   -142.46527867	      0.00000000	    -12.24587041	     -2.21454028	     -2.33590317
      6.80666670	    -11.52580217	      4.38306951	      1.14014981	      1.68349446	      0.73402050	     -0.21324649	     16.01999466	    -21.73614305	    -43.02636089	    -54.77618101	     48.18486611	     25.47469187	      0.00000000	      8.43120593	     -9.68076299	     53.19680692	     41.91277310	   -116.47466582	   -142.67065464	      0.00000000	    -12.20111026	     -2.32677425	     -2.39877616
      6.81500000	    -11.57901215	      4.37552419	      1.11142886	      1.68654683	      0.73420896	     -0.21458428	     16.20297334	    -21.83635335	    -42.46612888	    -55.25991680	     47.66002834	     24.88897654	      0.00000000	      8.18936118	     -9.59767438	     53.14366699	     42.00513594	   -116.33692753	   -142.83258958	      0.00000000	    -12.18147167	     -2.39712200	     -2.48266797
      6.82333330	    -11.62043202	      4.36926598	      1.07271859	      1.68958795	      0.73439807	     -0.21590384	     16.44436831	    -21.94453734	    -41.81905352	    -55.84255683	     47.07748586	     24.24343824	      0.00000000	      7.93534993	     -9.51538696	     53.08739527	     42.09373154	   -116.20389894	   -142.99099763	      0.00000000	    -12.17837392	     -2.46670765	     -2.56212433
      6.83166670	    -11.65576914	      4.35253249	      1.03209563	      1.69261478	      0.73458103	     -0.21720627	     16.75069576	    -22.04036082	    -41.08125244	    -56.51741399	     46.40991043	     23.50772199	      0.00000000	      7.67037602	     -9.44569438	     53.01719830	     42.19029649	   -116.07158201	   -143.15869833	      0.00000000	    -12.18250157	     -2.52025504	     -2.64458822
      6.84000000	    -11.68582753	      4.32723604	      0.98952235	      1.69560861	      0.73468784	     -0.21851520	     17.13510335	    -22.14282157	    -40.25967525	    -57.32101413	     45.66689149	     22.70693842	      0.00000000	      7.40459837	     -9.40324925	     52.97797905	     42.31302810	   -115.94384009	   -143.30952449	      0.00000000	    -12.17522993	     -2.57562070	     -2.74427077
      6.84833330	    -11.69794417	      4.27971614	      0.94624300	      1.69861731	      0.73486798	     -0.21976318	     17.57080560	    -22.19762958	    -39.33695354	    -58.19630399	     44.81146313	     21.77006488	      0.00000000	      7.10417137	     -9.37298385	     52.88108839	     42.43113196	   -115.80816517	   -143.48323865	      0.00000000	    -12.20514637	     -2.59222226	     -2.83414650
      6.85666670	    -11.71415928	      4.26046581	      0.89127753	      1.70158564	      0.73501298	     -0.22102004	     18.11681833	    -22.30349307	    -38.31025006	    -59.22417250	     43.86001867	     20.82734991	      0.00000000	      6.82447043	     -9.32072395	     52.82376519	     42.53758758	   -115.68478359	   -143.64701269	      0.00000000	    -12.23435549	     -2.63746061	     -2.92583367
      6.86500000	    -11.72403236	      4.22590039	      0.83885449	      1.70453359	      0.73514620	     -0.22225409	     18.73963085	    -22.39225026	    -37.20721648	    -60.36472590	     42.78881905	     19.81338712	      0.00000000	      6.53661447	     -9.28826105	     52.76257706	     42.65405753	   -115.56345781	   -143.81289755	      0.00000000	    -12.27149301	     -2.66172992	     -3.02218199
      6.87333330	    -11.72140840	      4.18102836	      0.78545044	      1.70747104	      0.73527142	     -0.22346116	     19.43738965	    -22.45568733	    -36.00796553	    -61.60614347	     41.61138719	     18.70607187	      0.00000000	      6.23051068	     -9.27037436	     52.69010575	     42.78102362	   -115.44125200	   -143.98413785	      0.00000000	    -12.32281216	     -2.67098328	     -3.12220112
      6.88166670	    -11.70376739	      4.11150086	      0.73449145	      1.71040165	      0.73539716	     -0.22462868	     20.19473556	    -22.47682456	    -34.74304827	    -62.93368965	     40.32141014	     17.50450886	      0.00000000	      5.89655381	     -9.28132727	     52.58807301	     42.92602856	   -115.31953865	   -144.16556753	      0.00000000	    -12.39111434	     -2.64797202	     -3.22766210
      6.89000000	    -11.69849488	      4.08112049	      0.67918969	      1.71326788	      0.73547038	     -0.22583154	     21.06681484	    -22.57168477	    -33.42736592	    -64.40454018	     38.92594984	     16.41461286	      0.00000000	      5.60882408	     -9.26276166	     52.57184652	     43.05226676	   -115.21430160	   -144.32047695	      0.00000000	    -12.44941972	     -2.66259311	     -3.34057436
      6.89833330	    -11.67933392	      4.02633293	      0.62321015	      1.71612620	      0.73553487	     -0.22699056	     21.99403694	    -22.60744057	    -32.04989257	    -65.92868136	     37.44764657	     15.22929391	      0.00000000	      5.29014817	     -9.27294652	     52.51707871	     43.20316663	   -115.09843669	   -144.47864979	      0.00000000	    -12.52321316	     -2.64209611	     -3.45155012
      6.90666670	    -11.65864852	      3.97061800	      0.57362830	      1.71894532	      0.73557563	     -0.22814011	     22.98278220	    -22.65094102	    -30.67395581	    -67.52372351	     35.88813099	     14.11078795	      0.00000000	      4.97863863	     -9.29073009	     52.48536249	     43.35591665	   -114.99025976	   -144.62676221	      0.00000000	    -12.60041894	     -2.61820823	     -3.57678528
      6.91500000	    -11.62922871	      3.91000665	      0.52597799	      1.72174165	      0.73560028	     -0.22926894	     24.01672157	    -22.67517838	    -29.28407601	    -69.15096999	     34.28658806	     13.02764384	      0.00000000	      4.65712800	     -9.31907919	     52.45386602	     43.51812800	   -114.88134950	   -144.77044673	      0.00000000	    -12.68884080	     -2.58137220	     -3.70550997
      6.92333330	    -11.59558737	      3.84818614	      0.48030630	      1.72450585	      0.73560457	     -0.23038532	     25.09094887	    -22.69295860	    -27.90951808	    -70.79308503	     32.67581273	     12.02071609	      0.00000000	      4.33214652	     -9.35340534	     52.42676133	     43.68826317	   -114.77293826	   -144.90960416	      0.00000000	    -12.78326036	     -2.53646689	     -3.84137777
      6.93166670	    -11.55661516	      3.78768717	      0.44199306	      1.72723563	      0.73559404	     -0.23150540	     26.18862648	    -22.71348206	    -26.57256527	    -72.42399639	     31.09283017	     11.13703268	      0.00000000	      4.01034351	     -9.38857583	     52.41829364	     43.85620237	   -114.66926777	   -145.04113567	      0.00000000	    -12.88632533	     -2.48283554	     -3.98212643
      6.94000000	    -11.51133027	      3.72701363	      0.40579376	      1.72993572	      0.73557152	     -0.23261041	     27.29936982	    -22.72901226	    -25.28427684	    -74.01466435	     29.57803707	     10.37221638	      0.00000000	      3.68241392	     -9.42874055	     52.41209517	     44.03158844	   -114.56633218	   -145.16883341	      0.00000000	    -12.99793219	     -2.42202392	     -4.13050230
      6.94833330	    -11.46324452	      3.66736532	      0.37688000	      1.73260148	      0.73553373	     -0.23371476	     28.41485293	    -22.74544477	    -24.06287335	    -75.54007141	     28.17271893	      9.74614876	      0.00000000	      3.35476128	     -9.46791079	     52.41106224	     44.20722805	   -114.46570291	   -145.29315546	      0.00000000	    -13.11401363	     -2.35288269	     -4.28750659
      6.95666670	    -11.41465588	      3.61280229	      0.35395827	      1.73523019	      0.73547569	     -0.23481870	     29.52879331	    -22.77174015	    -22.92308898	    -76.97892649	     26.92415186	      9.25697025	      0.00000000	      3.02968177	     -9.50497997	     52.41754158	     44.38731391	   -114.37015149	   -145.41457993	      0.00000000	    -13.23239579	     -2.28089206	     -4.45100861
      6.96500000	    -11.35868207	      3.55379731	      0.34002282	      1.73783169	      0.73542119	     -0.23592014	     30.61626309	    -22.79408104	    -21.87636086	    -78.29839727	     25.85440044	      8.91574539	      0.00000000	      2.70023599	     -9.54419044	     52.42475483	     44.56350250	   -114.27871809	   -145.53415892	      0.00000000	    -13.36136614	     -2.19470024	     -4.62106917
      6.97333330	    -11.29781413	      3.50204666	      0.33225307	      1.74040217	      0.73537339	     -0.23703344	     31.68251575	    -22.81538976	    -20.90605739	    -79.48315833	     25.00062286	      8.70231527	      0.00000000	      2.36973676	     -9.56795239	     52.42988534	     44.72774965	   -114.18364163	   -145.65845196	      0.00000000	    -13.49961382	     -2.10274075	     -4.79890777
      6.98166670	    -11.23491945	      3.44977295	      0.33251026	      1.74294072	      0.73532713	     -0.23813989	     32.71813687	    -22.83726270	    -20.04221163	    -80.51668009	     24.37126186	      8.60807217	      0.00000000	      2.04044415	     -9.58954682	     52.43380110	     44.88614567	   -114.09336861	   -145.78596442	      0.00000000	    -13.64049220	     -2.00261888	     -4.98386201
      6.99000000	    -11.14978229	      3.42158829	      0.32889436	      1.74548352	      0.73533029	     -0.23926025	     33.70429158	    -22.86874517	    -19.24452893	    -81.37996914	     23.98648141	      8.62871942	      0.00000000	      1.66753130	     -9.54105803	     52.33487122	     45.01036912	   -113.94299205	   -146.00109545	      0.00000000	    -13.80957123	     -1.91716693	     -5.16900873
      6.99833330	    -11.09019389	      3.37200818	      0.35324446	      1.74794458	      0.73527976	     -0.24038346	     34.67567108	    -22.89366291	    -18.59557966	    -82.07887256	     23.82604599	      8.69614227	      0.00000000	      1.36487792	     -9.56412187	     52.39089702	     45.15479198	   -113.90135708	   -146.12360860	      0.00000000	    -13.95266280	     -1.79764682	     -5.37191441
      7.00666670	    -11.02207437	      3.33103851	      0.37946472	      1.75038897	      0.73525719	     -0.24150277	     35.60281225	    -22.91161172	    -18.03025955	    -82.59348724	     23.89130500	      8.83553986	      0.00000000	      1.04773300	     -9.55798564	     52.40411112	     45.27984460	   -113.83355525	   -146.25484077	      0.00000000	    -14.10709611	     -1.67650878	     -5.57243939
      7.01500000	    -10.94246754	      3.31429440	      0.40804275	      1.75283157	      0.73525615	     -0.24264404	     36.49047199	    -22.95656797	    -17.55539533	    -82.94053461	     24.14362231	      8.98440667	      0.00000000	      0.70906145	     -9.49912149	     52.36553795	     45.38204201	   -113.73263172	   -146.44255813	      0.00000000	    -14.27310662	     -1.57269229	     -5.78111481
      7.02333330	    -10.86516242	      3.28553337	      0.44946847	      1.75524094	      0.73526942	     -0.24376364	     37.33171978	    -22.97992890	    -17.19313069	    -83.09903112	     24.57399421	      9.17857745	      0.00000000	      0.38174446	     -9.45841428	     52.34717405	     45.48071320	   -113.66042094	   -146.62898830	      0.00000000	    -14.44142763	     -1.44685101	     -5.99045377
      7.03166670	    -10.78219094	      3.26852351	      0.48959209	      1.75763901	      0.73529816	     -0.24487244	     38.14037214	    -23.00123456	    -16.90454244	    -83.09236226	     25.12643261	      9.37643199	      0.00000000	      0.04360940	     -9.39284151	     52.29833492	     45.56566635	   -113.58438613	   -146.85974680	      0.00000000	    -14.61622779	     -1.32735916	     -6.19764107
      7.04000000	    -10.69641561	      3.24619525	      0.53810684	      1.76002181	      0.73533371	     -0.24596632	     38.90423667	    -23.01480073	    -16.71953099	    -82.92034135	     25.78425142	      9.59554120	      0.00000000	     -0.29128869	     -9.33946057	     52.27040714	     45.65068197	   -113.53811361	   -147.07668471	      0.00000000	    -14.79155081	     -1.19329391	     -6.40286173
      7.04833330	    -10.62701562	      3.22347486	      0.59579416	      1.76236970	      0.73536954	     -0.24704752	     39.64961300	    -23.01877449	    -16.62289013	    -82.58980446	     26.50819406	      9.79891274	      0.00000000	     -0.61955454	     -9.25065413	     52.15779727	     45.70184116	   -113.49033347	   -147.37971384	      0.00000000	    -14.95074611	     -1.05085874	     -6.61338358
      7.05666670	    -10.54977707	      3.20931028	      0.65916637	      1.76470628	      0.73539881	     -0.24811576	     40.35865467	    -23.03455943	    -16.60773792	    -82.12998401	     27.26521725	     10.03680486	      0.00000000	     -0.92528857	     -9.20113901	     52.18516039	     45.77727931	   -113.48081466	   -147.51867840	      0.00000000	    -15.11778811	     -0.91254499	     -6.82078773
      7.06500000	    -10.47910316	      3.19081597	      0.72691894	      1.76703258	      0.73545083	     -0.24914886	     41.03418237	    -23.01397607	    -16.65229172	    -81.51798167	     28.03369095	     10.20704555	      0.00000000	     -1.25207616	     -9.10437920	     52.06581909	     45.81642410	   -113.42519806	   -147.85394277	      0.00000000	    -15.27651782	     -0.76386601	     -7.02748602
      7.07333330	    -10.41246471	      3.19373427	      0.79547975	      1.76933698	      0.73547038	     -0.25016985	     41.70008800	    -23.02618597	    -16.76175412	    -80.81447955	     28.77696589	     10.44407914	      0.00000000	     -1.54609782	     -9.02683498	     52.06931518	     45.87296096	   -113.42344543	   -148.01143780	      0.00000000	    -15.42831516	     -0.63615905	     -7.23046674
      7.08166670	    -10.34680570	      3.17519887	      0.86996607	      1.77164582	      0.73552173	     -0.25114120	     42.31427088	    -22.99474274	    -16.94916753	    -79.97638189	     29.47610198	     10.62374389	      0.00000000	     -1.86479858	     -8.92965157	     51.94606123	     45.89844265	   -113.39384836	   -148.35990797	      0.00000000	    -15.57840227	     -0.47924302	     -7.42403741
      7.09000000	    -10.28702883	      3.18078208	      0.94522701	      1.77394095	      0.73554556	     -0.25209967	     42.92081943	    -22.98676086	    -17.17621929	    -79.06488002	     30.11986645	     10.84358030	      0.00000000	     -2.16870778	     -8.82002941	     51.86131868	     45.92500706	   -113.41594182	   -148.64402778	      0.00000000	    -15.71961874	     -0.34579394	     -7.61863647
      7.09833330	    -10.23379233	      3.18608501	      1.02114473	      1.77622479	      0.73555809	     -0.25301625	     43.50336841	    -22.96481788	    -17.45184431	    -78.06765139	     30.69599669	     11.06177021	      0.00000000	     -2.46314497	     -8.71522836	     51.77984325	     45.95096405	   -113.42874265	   -148.92080970	      0.00000000	    -15.84997887	     -0.21058680	     -7.80363645
      7.10666670	    -10.18766131	      3.19697619	      1.09751095	      1.77850452	      0.73555326	     -0.25389602	     44.06348950	    -22.94118517	    -17.77337290	    -76.99955571	     31.20621027	     11.29445098	      0.00000000	     -2.74768151	     -8.60980304	     51.70748246	     45.97496701	   -113.43572585	   -149.16626219	      0.00000000	    -15.97021038	     -0.08036389	     -7.98367277
      7.11500000	    -10.14766006	      3.21208074	      1.17123131	      1.78078042	      0.73552388	     -0.25472393	     44.60170797	    -22.92753982	    -18.16598173	    -75.88018114	     31.62428574	     11.53295947	      0.00000000	     -3.04202329	     -8.49396317	     51.58364279	     46.00583750	   -113.45972731	   -149.49624035	      0.00000000	    -16.07821190	      0.04190937	     -8.14778469
      7.12333330	    -10.10712964	      3.23360990	      1.24774771	      1.78306320	      0.73549854	     -0.25552367	     45.10590416	    -22.89735093	    -18.56945889	    -74.70047282	     31.97744240	     11.81275839	      0.00000000	     -3.32589507	     -8.37972577	     51.49677715	     46.02539381	   -113.48444820	   -149.75235652	      0.00000000	    -16.18542819	      0.16280946	     -8.31213305
      7.13166670	    -10.07883921	      3.29003641	      1.31208919	      1.78534047	      0.73544515	     -0.25629581	     45.61375896	    -22.90053269	    -18.99872430	    -73.49723798	     32.25132827	     12.12808079	      0.00000000	     -3.62118828	     -8.18590485	     51.29209755	     46.00363712	   -113.62101625	   -150.22823592	      0.00000000	    -16.27520021	      0.24100043	     -8.46182757
      7.14000000	    -10.04677572	      3.30197908	      1.38955050	      1.78762076	      0.73537622	     -0.25698279	     46.05536372	    -22.84572674	    -19.49378030	    -72.24096925	     32.46253661	     12.46962976	      0.00000000	     -3.89456096	     -8.11836573	     51.24632193	     46.05957718	   -113.60944074	   -150.36436884	      0.00000000	    -16.36527282	      0.36711206	     -8.60520843
      7.14833330	    -10.03346872	      3.33515517	      1.47043237	      1.78989007	      0.73527648	     -0.25766651	     46.49369712	    -22.85731192	    -20.08295772	    -70.99156667	     32.53976458	     12.92613526	      0.00000000	     -4.16130466	     -7.99393857	     51.12036393	     46.08470045	   -113.61634263	   -150.68538309	      0.00000000	    -16.42983166	      0.47266007	     -8.74655329
      7.15666670	    -10.01422132	      3.37650452	      1.54541675	      1.79218141	      0.73517568	     -0.25830044	     46.89741593	    -22.84050534	    -20.65531416	    -69.71971611	     32.58618208	     13.44513788	      0.00000000	     -4.43922262	     -7.86500128	     50.99230723	     46.10572636	   -113.65966381	   -150.98111131	      0.00000000	    -16.49738607	      0.56687011	     -8.88011008
      7.16500000	     -9.99174729	      3.45406133	      1.60528950	      1.79449261	      0.73506650	     -0.25890287	     47.28363620	    -22.85332566	    -21.23757533	    -68.45686468	     32.59278075	     14.08932021	      0.00000000	     -4.74033818	     -7.66639879	     50.77770799	     46.09097265	   -113.82180049	   -151.44931112	      0.00000000	    -16.56513810	      0.61724624	     -8.99352396
      7.17333330	     -9.96986372	      3.47167193	      1.68425966	      1.79680115	      0.73493970	     -0.25940995	     47.60358794	    -22.79665525	    -21.89103684	    -67.17502358	     32.51578053	     14.77435878	      0.00000000	     -5.02131269	     -7.60922537	     50.70048996	     46.16315095	   -113.81116361	   -151.62639067	      0.00000000	    -16.62735013	      0.73299785	     -9.10422435
      7.18166670	     -9.97539918	      3.53594361	      1.76670586	      1.79908658	      0.73477174	     -0.25995217	     47.94831778	    -22.83035745	    -22.60321430	    -65.95106748	     32.32952717	     15.66324307	      0.00000000	     -5.26961768	     -7.46328492	     50.58235367	     46.18005038	   -113.83086063	   -151.92098694	      0.00000000	    -16.65756774	      0.80113040	     -9.22301153
      7.19000000	     -9.97553638	      3.60327007	      1.84087400	      1.80139218	      0.73459516	     -0.26042978	     48.25982997	    -22.84387437	    -23.31453270	    -64.74435563	     32.10834074	     16.66952542	      0.00000000	     -5.53582842	     -7.32011181	     50.43864852	     46.20470938	   -113.89244648	   -152.24881970	      0.00000000	    -16.68799675	      0.86005646	     -9.31597960
      7.19833330	     -9.97413522	      3.67325324	      1.91390017	      1.80371196	      0.73441350	     -0.26086465	     48.54679854	    -22.84315260	    -24.02166755	    -63.57154907	     31.83072216	     17.81004190	      0.00000000	     -5.80624067	     -7.17803627	     50.29505009	     46.22748063	   -113.96898391	   -152.58462202	      0.00000000	    -16.71789657	      0.91526928	     -9.40822310
      7.20666670	     -9.97331072	      3.74496453	      1.99254029	      1.80604373	      0.73422145	     -0.26127364	     48.80859915	    -22.83455230	    -24.72809311	    -62.43710203	     31.49490881	     19.06460941	      0.00000000	     -6.07627360	     -7.03979762	     50.16144172	     46.25541219	   -114.04045947	   -152.90679203	      0.00000000	    -16.74236417	      0.97079197	     -9.49283862
      7.21500000	     -9.97654172	      3.81491192	      2.07291779	      1.80837523	      0.73401821	     -0.26163639	     49.05066074	    -22.81710550	    -25.44646012	    -61.34697250	     31.09954106	     20.43144487	      0.00000000	     -6.33998388	     -6.91164067	     50.03545846	     46.28542877	   -114.09814688	   -153.21008776	      0.00000000	    -16.75940151	      1.02423266	     -9.57018673
      7.22333330	     -9.98326731	      3.89223406	      2.15311244	      1.81071037	      0.73380033	     -0.26196317	     49.28554306	    -22.78620886	    -26.12846094	    -60.31128784	     30.65186075	     21.91236089	      0.00000000	     -6.59899630	     -6.78152706	     49.91746214	     46.31613014	   -114.15896102	   -153.51364750	      0.00000000	    -16.77030894	      1.06813235	     -9.64101635
      7.23166670	     -9.99234579	      3.96960497	      2.24058849	      1.81305043	      0.73357211	     -0.26226550	     49.50871861	    -22.73091048	    -26.76031855	    -59.32562080	     30.16700484	     23.47234950	      0.00000000	     -6.85479141	     -6.65697990	     49.80848938	     46.35038428	   -114.21504488	   -153.80448581	      0.00000000	    -16.77448370	      1.11446349	     -9.70933072
      7.24000000	    -10.00702753	      4.05518116	      2.32739698	      1.81538856	      0.73333203	     -0.26253357	     49.73246633	    -22.66031892	    -27.33973618	    -58.39771155	     29.64023786	     25.10796072	      0.00000000	     -7.10046502	     -6.52680951	     49.70910099	     46.37797833	   -114.27484224	   -154.09789087	      0.00000000	    -16.77143139	      1.14851547	     -9.76960384
      7.24833330	    -10.00930508	      4.13823422	      2.41937734	      1.81775297	      0.73310840	     -0.26275851	     49.91899887	    -22.53715566	    -27.83189116	    -57.48515622	     29.18403972	     26.74850166	      0.00000000	     -7.35682633	     -6.41274837	     49.63363270	     46.41271323	   -114.30595423	   -154.33968376	      0.00000000	    -16.77835973	      1.18495148	     -9.82101712
      7.25666670	    -10.04471841	      4.23496190	      2.51660634	      1.82006626	      0.73282896	     -0.26298583	     50.16826989	    -22.40968750	    -28.22307522	    -56.66865277	     28.62154651	     28.46448240	      0.00000000	     -7.56719547	     -6.28027883	     49.56932681	     46.43515757	   -114.34820905	   -154.60805279	      0.00000000	    -16.74769403	      1.20877731	     -9.87804742
      7.26500000	    -10.08111328	      4.32905249	      2.61146106	      1.82238628	      0.73254263	     -0.26314597	     50.41579083	    -22.20638462	    -28.46436506	    -55.87293554	     28.13243210	     30.12810188	      0.00000000	     -7.77890993	     -6.16378964	     49.50973386	     46.46695440	   -114.39563779	   -154.85957406	      0.00000000	    -16.71437822	      1.22982200	     -9.91526586
      7.27333330	    -10.13392552	      4.42003855	      2.70538026	      1.82467605	      0.73222699	     -0.26326215	     50.70252579	    -21.95040503	    -28.55873193	    -55.14526561	     27.59437631	     31.77395860	      0.00000000	     -7.97059110	     -6.05538099	     49.44907318	     46.50092267	   -114.46003224	   -155.13491168	      0.00000000	    -16.66319566	      1.25127501	     -9.94768857
